
emfi_target.elf:     file format elf32-littlearm

Sections:
Idx Name          Size      VMA       LMA       File off  Algn
  0 .text         0000b3a0  00080000  00080000  00010000  2**3
                  CONTENTS, ALLOC, LOAD, READONLY, CODE
  1 .ARM.exidx    00000008  0008b3a0  0008b3a0  0001b3a0  2**2
                  CONTENTS, ALLOC, LOAD, READONLY, DATA
  2 .relocate     00000d5c  20000000  0008b3a8  00020000  2**3
                  CONTENTS, ALLOC, LOAD, CODE
  3 .bss          000029ac  20000d5c  0008c104  00020d5c  2**2
                  ALLOC
  4 .stack        00003000  20080000  20080000  00030000  2**0
                  ALLOC
  5 .ARM.attributes 00000029  00000000  00000000  00020d5c  2**0
                  CONTENTS, READONLY
  6 .comment      00000033  00000000  00000000  00020d85  2**0
                  CONTENTS, READONLY
  7 .debug_info   0003b6ff  00000000  00000000  00020db8  2**0
                  CONTENTS, READONLY, DEBUGGING, OCTETS
  8 .debug_abbrev 0000c320  00000000  00000000  0005c4b7  2**0
                  CONTENTS, READONLY, DEBUGGING, OCTETS
  9 .debug_loc    0001fb2a  00000000  00000000  000687d7  2**0
                  CONTENTS, READONLY, DEBUGGING, OCTETS
 10 .debug_aranges 00001688  00000000  00000000  00088308  2**3
                  CONTENTS, READONLY, DEBUGGING, OCTETS
 11 .debug_ranges 00003a98  00000000  00000000  00089990  2**0
                  CONTENTS, READONLY, DEBUGGING, OCTETS
 12 .debug_macro  0001ac4f  00000000  00000000  0008d428  2**0
                  CONTENTS, READONLY, DEBUGGING, OCTETS
 13 .debug_line   00029bd7  00000000  00000000  000a8077  2**0
                  CONTENTS, READONLY, DEBUGGING, OCTETS
 14 .debug_str    0005ee11  00000000  00000000  000d1c4e  2**0
                  CONTENTS, READONLY, DEBUGGING, OCTETS
 15 .debug_frame  0000384c  00000000  00000000  00130a60  2**2
                  CONTENTS, READONLY, DEBUGGING, OCTETS

Disassembly of section .text:

00080000 <exception_table>:
   80000:	00 30 08 20 95 1b 08 00 91 15 08 00 91 15 08 00     .0. ............
   80010:	91 15 08 00 91 15 08 00 91 15 08 00 00 00 00 00     ................
   80020:	00 00 00 00 00 00 00 00 00 00 00 00 91 15 08 00     ................
   80030:	91 15 08 00 00 00 00 00 91 15 08 00 91 15 08 00     ................
   80040:	91 15 08 00 91 15 08 00 91 15 08 00 91 15 08 00     ................
   80050:	91 15 08 00 91 15 08 00 91 15 08 00 91 15 08 00     ................
   80060:	91 15 08 00 91 15 08 00 35 17 08 00 45 17 08 00     ........5...E...
   80070:	55 17 08 00 91 15 08 00 91 15 08 00 91 15 08 00     U...............
   80080:	91 15 08 00 91 15 08 00 91 15 08 00 91 15 08 00     ................
   80090:	91 15 08 00 91 15 08 00 91 15 08 00 91 15 08 00     ................
   800a0:	91 15 08 00 91 15 08 00 91 15 08 00 91 15 08 00     ................
   800b0:	91 15 08 00 d5 22 08 00 91 15 08 00                 ....."......

000800bc <deregister_tm_clones>:
   800bc:	4803      	ldr	r0, [pc, #12]	; (800cc <deregister_tm_clones+0x10>)
   800be:	4b04      	ldr	r3, [pc, #16]	; (800d0 <deregister_tm_clones+0x14>)
   800c0:	4283      	cmp	r3, r0
   800c2:	d002      	beq.n	800ca <deregister_tm_clones+0xe>
   800c4:	4b03      	ldr	r3, [pc, #12]	; (800d4 <deregister_tm_clones+0x18>)
   800c6:	b103      	cbz	r3, 800ca <deregister_tm_clones+0xe>
   800c8:	4718      	bx	r3
   800ca:	4770      	bx	lr
   800cc:	0008b3a8 	.word	0x0008b3a8
   800d0:	0008b3a8 	.word	0x0008b3a8
   800d4:	00000000 	.word	0x00000000

000800d8 <register_tm_clones>:
   800d8:	4805      	ldr	r0, [pc, #20]	; (800f0 <register_tm_clones+0x18>)
   800da:	4906      	ldr	r1, [pc, #24]	; (800f4 <register_tm_clones+0x1c>)
   800dc:	1a0b      	subs	r3, r1, r0
   800de:	0fd9      	lsrs	r1, r3, #31
   800e0:	eb01 01a3 	add.w	r1, r1, r3, asr #2
   800e4:	1049      	asrs	r1, r1, #1
   800e6:	d002      	beq.n	800ee <register_tm_clones+0x16>
   800e8:	4b03      	ldr	r3, [pc, #12]	; (800f8 <register_tm_clones+0x20>)
   800ea:	b103      	cbz	r3, 800ee <register_tm_clones+0x16>
   800ec:	4718      	bx	r3
   800ee:	4770      	bx	lr
   800f0:	0008b3a8 	.word	0x0008b3a8
   800f4:	0008b3a8 	.word	0x0008b3a8
   800f8:	00000000 	.word	0x00000000

000800fc <__do_global_dtors_aux>:
   800fc:	b510      	push	{r4, lr}
   800fe:	4c06      	ldr	r4, [pc, #24]	; (80118 <__do_global_dtors_aux+0x1c>)
   80100:	7823      	ldrb	r3, [r4, #0]
   80102:	b943      	cbnz	r3, 80116 <__do_global_dtors_aux+0x1a>
   80104:	f7ff ffda 	bl	800bc <deregister_tm_clones>
   80108:	4b04      	ldr	r3, [pc, #16]	; (8011c <__do_global_dtors_aux+0x20>)
   8010a:	b113      	cbz	r3, 80112 <__do_global_dtors_aux+0x16>
   8010c:	4804      	ldr	r0, [pc, #16]	; (80120 <__do_global_dtors_aux+0x24>)
   8010e:	f3af 8000 	nop.w
   80112:	2301      	movs	r3, #1
   80114:	7023      	strb	r3, [r4, #0]
   80116:	bd10      	pop	{r4, pc}
   80118:	20000d5c 	.word	0x20000d5c
   8011c:	00000000 	.word	0x00000000
   80120:	0008b3a8 	.word	0x0008b3a8

00080124 <frame_dummy>:
   80124:	b508      	push	{r3, lr}
   80126:	4b04      	ldr	r3, [pc, #16]	; (80138 <frame_dummy+0x14>)
   80128:	b11b      	cbz	r3, 80132 <frame_dummy+0xe>
   8012a:	4904      	ldr	r1, [pc, #16]	; (8013c <frame_dummy+0x18>)
   8012c:	4804      	ldr	r0, [pc, #16]	; (80140 <frame_dummy+0x1c>)
   8012e:	f3af 8000 	nop.w
   80132:	e8bd 4008 	ldmia.w	sp!, {r3, lr}
   80136:	e7cf      	b.n	800d8 <register_tm_clones>
   80138:	00000000 	.word	0x00000000
   8013c:	20000d60 	.word	0x20000d60
   80140:	0008b3a8 	.word	0x0008b3a8

00080144 <usart_serial_getchar>:
 * \param data   Data to read
 *
 */
static inline void usart_serial_getchar(usart_if p_usart, uint8_t *data)
{
	uint32_t val = 0;
   80144:	2200      	movs	r2, #0
{
   80146:	b5f0      	push	{r4, r5, r6, r7, lr}

	/* Avoid Cppcheck Warning */
	UNUSED(val);

#ifdef UART
	if (UART == (Uart*)p_usart) {
   80148:	4b1e      	ldr	r3, [pc, #120]	; (801c4 <usart_serial_getchar+0x80>)
{
   8014a:	b083      	sub	sp, #12
	if (UART == (Uart*)p_usart) {
   8014c:	4298      	cmp	r0, r3
{
   8014e:	4604      	mov	r4, r0
   80150:	460f      	mov	r7, r1
	uint32_t val = 0;
   80152:	9201      	str	r2, [sp, #4]
	if (UART == (Uart*)p_usart) {
   80154:	d023      	beq.n	8019e <usart_serial_getchar+0x5a>
		while (usart_read(p_usart, &val));
		*data = (uint8_t)(val & 0xFF);
	}
#else
# ifdef USART0
	if (USART0 == p_usart) {
   80156:	4b1c      	ldr	r3, [pc, #112]	; (801c8 <usart_serial_getchar+0x84>)
   80158:	4298      	cmp	r0, r3
   8015a:	d00d      	beq.n	80178 <usart_serial_getchar+0x34>
		while (usart_read(p_usart, &val));
		*data = (uint8_t)(val & 0xFF);
	}
# endif
# ifdef USART1
	if (USART1 == p_usart) {
   8015c:	4b1b      	ldr	r3, [pc, #108]	; (801cc <usart_serial_getchar+0x88>)
   8015e:	4298      	cmp	r0, r3
   80160:	d112      	bne.n	80188 <usart_serial_getchar+0x44>
   80162:	4e1b      	ldr	r6, [pc, #108]	; (801d0 <usart_serial_getchar+0x8c>)
   80164:	ad01      	add	r5, sp, #4
		while (usart_read(p_usart, &val));
   80166:	4629      	mov	r1, r5
   80168:	4620      	mov	r0, r4
   8016a:	47b0      	blx	r6
   8016c:	2800      	cmp	r0, #0
   8016e:	d1fa      	bne.n	80166 <usart_serial_getchar+0x22>
	}
# endif
# ifdef USART3
	if (USART3 == p_usart) {
		while (usart_read(p_usart, &val));
		*data = (uint8_t)(val & 0xFF);
   80170:	9b01      	ldr	r3, [sp, #4]
   80172:	703b      	strb	r3, [r7, #0]
		*data = (uint8_t)(val & 0xFF);
	}
# endif
#endif /* ifdef USART */

}
   80174:	b003      	add	sp, #12
   80176:	bdf0      	pop	{r4, r5, r6, r7, pc}
   80178:	4e15      	ldr	r6, [pc, #84]	; (801d0 <usart_serial_getchar+0x8c>)
   8017a:	ad01      	add	r5, sp, #4
		while (usart_read(p_usart, &val));
   8017c:	4629      	mov	r1, r5
   8017e:	4620      	mov	r0, r4
   80180:	47b0      	blx	r6
   80182:	2800      	cmp	r0, #0
   80184:	d1fa      	bne.n	8017c <usart_serial_getchar+0x38>
   80186:	e7f3      	b.n	80170 <usart_serial_getchar+0x2c>
	if (USART2 == p_usart) {
   80188:	4b12      	ldr	r3, [pc, #72]	; (801d4 <usart_serial_getchar+0x90>)
   8018a:	4298      	cmp	r0, r3
   8018c:	d10f      	bne.n	801ae <usart_serial_getchar+0x6a>
   8018e:	4e10      	ldr	r6, [pc, #64]	; (801d0 <usart_serial_getchar+0x8c>)
   80190:	ad01      	add	r5, sp, #4
		while (usart_read(p_usart, &val));
   80192:	4629      	mov	r1, r5
   80194:	4620      	mov	r0, r4
   80196:	47b0      	blx	r6
   80198:	2800      	cmp	r0, #0
   8019a:	d1fa      	bne.n	80192 <usart_serial_getchar+0x4e>
   8019c:	e7e8      	b.n	80170 <usart_serial_getchar+0x2c>
   8019e:	4d0e      	ldr	r5, [pc, #56]	; (801d8 <usart_serial_getchar+0x94>)
		while (uart_read((Uart*)p_usart, data));
   801a0:	4639      	mov	r1, r7
   801a2:	4620      	mov	r0, r4
   801a4:	47a8      	blx	r5
   801a6:	2800      	cmp	r0, #0
   801a8:	d1fa      	bne.n	801a0 <usart_serial_getchar+0x5c>
}
   801aa:	b003      	add	sp, #12
   801ac:	bdf0      	pop	{r4, r5, r6, r7, pc}
	if (USART3 == p_usart) {
   801ae:	4b0b      	ldr	r3, [pc, #44]	; (801dc <usart_serial_getchar+0x98>)
   801b0:	4298      	cmp	r0, r3
   801b2:	d1df      	bne.n	80174 <usart_serial_getchar+0x30>
   801b4:	4e06      	ldr	r6, [pc, #24]	; (801d0 <usart_serial_getchar+0x8c>)
   801b6:	ad01      	add	r5, sp, #4
		while (usart_read(p_usart, &val));
   801b8:	4629      	mov	r1, r5
   801ba:	4620      	mov	r0, r4
   801bc:	47b0      	blx	r6
   801be:	2800      	cmp	r0, #0
   801c0:	d1fa      	bne.n	801b8 <usart_serial_getchar+0x74>
   801c2:	e7d5      	b.n	80170 <usart_serial_getchar+0x2c>
   801c4:	400e0600 	.word	0x400e0600
   801c8:	40090000 	.word	0x40090000
   801cc:	40094000 	.word	0x40094000
   801d0:	00083351 	.word	0x00083351
   801d4:	40098000 	.word	0x40098000
   801d8:	00081e7d 	.word	0x00081e7d
   801dc:	4009c000 	.word	0x4009c000

000801e0 <usart_serial_putchar>:
	if (UART == (Uart*)p_usart) {
   801e0:	4b1d      	ldr	r3, [pc, #116]	; (80258 <usart_serial_putchar+0x78>)
{
   801e2:	b570      	push	{r4, r5, r6, lr}
	if (UART == (Uart*)p_usart) {
   801e4:	4298      	cmp	r0, r3
{
   801e6:	4604      	mov	r4, r0
   801e8:	460e      	mov	r6, r1
	if (UART == (Uart*)p_usart) {
   801ea:	d015      	beq.n	80218 <usart_serial_putchar+0x38>
	if (USART0 == p_usart) {
   801ec:	4b1b      	ldr	r3, [pc, #108]	; (8025c <usart_serial_putchar+0x7c>)
   801ee:	4298      	cmp	r0, r3
   801f0:	d01a      	beq.n	80228 <usart_serial_putchar+0x48>
	if (USART1 == p_usart) {
   801f2:	4b1b      	ldr	r3, [pc, #108]	; (80260 <usart_serial_putchar+0x80>)
   801f4:	4298      	cmp	r0, r3
   801f6:	d01f      	beq.n	80238 <usart_serial_putchar+0x58>
	if (USART2 == p_usart) {
   801f8:	4b1a      	ldr	r3, [pc, #104]	; (80264 <usart_serial_putchar+0x84>)
   801fa:	4298      	cmp	r0, r3
   801fc:	d004      	beq.n	80208 <usart_serial_putchar+0x28>
	if (USART3 == p_usart) {
   801fe:	4b1a      	ldr	r3, [pc, #104]	; (80268 <usart_serial_putchar+0x88>)
   80200:	4298      	cmp	r0, r3
   80202:	d021      	beq.n	80248 <usart_serial_putchar+0x68>
	return 0;
   80204:	2000      	movs	r0, #0
}
   80206:	bd70      	pop	{r4, r5, r6, pc}
   80208:	4d18      	ldr	r5, [pc, #96]	; (8026c <usart_serial_putchar+0x8c>)
		while (usart_write(p_usart, c)!=0);
   8020a:	4631      	mov	r1, r6
   8020c:	4620      	mov	r0, r4
   8020e:	47a8      	blx	r5
   80210:	2800      	cmp	r0, #0
   80212:	d1fa      	bne.n	8020a <usart_serial_putchar+0x2a>
		return 1;
   80214:	2001      	movs	r0, #1
}
   80216:	bd70      	pop	{r4, r5, r6, pc}
   80218:	4d15      	ldr	r5, [pc, #84]	; (80270 <usart_serial_putchar+0x90>)
		while (uart_write((Uart*)p_usart, c)!=0);
   8021a:	4631      	mov	r1, r6
   8021c:	4620      	mov	r0, r4
   8021e:	47a8      	blx	r5
   80220:	2800      	cmp	r0, #0
   80222:	d1fa      	bne.n	8021a <usart_serial_putchar+0x3a>
		return 1;
   80224:	2001      	movs	r0, #1
   80226:	e7f6      	b.n	80216 <usart_serial_putchar+0x36>
   80228:	4d10      	ldr	r5, [pc, #64]	; (8026c <usart_serial_putchar+0x8c>)
		while (usart_write(p_usart, c)!=0);
   8022a:	4631      	mov	r1, r6
   8022c:	4620      	mov	r0, r4
   8022e:	47a8      	blx	r5
   80230:	2800      	cmp	r0, #0
   80232:	d1fa      	bne.n	8022a <usart_serial_putchar+0x4a>
		return 1;
   80234:	2001      	movs	r0, #1
   80236:	e7ee      	b.n	80216 <usart_serial_putchar+0x36>
   80238:	4d0c      	ldr	r5, [pc, #48]	; (8026c <usart_serial_putchar+0x8c>)
		while (usart_write(p_usart, c)!=0);
   8023a:	4631      	mov	r1, r6
   8023c:	4620      	mov	r0, r4
   8023e:	47a8      	blx	r5
   80240:	2800      	cmp	r0, #0
   80242:	d1fa      	bne.n	8023a <usart_serial_putchar+0x5a>
		return 1;
   80244:	2001      	movs	r0, #1
   80246:	e7e6      	b.n	80216 <usart_serial_putchar+0x36>
   80248:	4d08      	ldr	r5, [pc, #32]	; (8026c <usart_serial_putchar+0x8c>)
		while (usart_write(p_usart, c)!=0);
   8024a:	4631      	mov	r1, r6
   8024c:	4620      	mov	r0, r4
   8024e:	47a8      	blx	r5
   80250:	2800      	cmp	r0, #0
   80252:	d1fa      	bne.n	8024a <usart_serial_putchar+0x6a>
   80254:	e7de      	b.n	80214 <usart_serial_putchar+0x34>
   80256:	bf00      	nop
   80258:	400e0600 	.word	0x400e0600
   8025c:	40090000 	.word	0x40090000
   80260:	40094000 	.word	0x40094000
   80264:	40098000 	.word	0x40098000
   80268:	4009c000 	.word	0x4009c000
   8026c:	0008333d 	.word	0x0008333d
   80270:	00081e6d 	.word	0x00081e6d

00080274 <main>:
int main(void)
{
  uint32_t serial_number[4];

  // Read Device-ID from SAM3U. Do this before enabling interrupts etc.
  flash_read_unique_id(serial_number, sizeof(serial_number));
   80274:	2110      	movs	r1, #16
{
   80276:	e92d 47f0 	stmdb	sp!, {r4, r5, r6, r7, r8, r9, sl, lr}
   8027a:	b088      	sub	sp, #32
  flash_read_unique_id(serial_number, sizeof(serial_number));
   8027c:	eb0d 0001 	add.w	r0, sp, r1
   80280:	4b76      	ldr	r3, [pc, #472]	; (8045c <main+0x1e8>)
   80282:	4798      	blx	r3
 *
 * \param ul_id Id (number) of the peripheral clock.
 */
static inline void sysclk_enable_peripheral_clock(uint32_t ul_id)
{
	pmc_enable_periph_clk(ul_id);
   80284:	4f76      	ldr	r7, [pc, #472]	; (80460 <main+0x1ec>)
   80286:	2008      	movs	r0, #8
   80288:	47b8      	blx	r7
 * \param opt         Options needed to set up RS232 communication (see \ref usart_options_t).
 *
 */
static inline void stdio_serial_init(volatile void *usart, const usart_serial_options_t *opt)
{
	stdio_base = (void *)usart;
   8028a:	4c76      	ldr	r4, [pc, #472]	; (80464 <main+0x1f0>)
   8028c:	4a76      	ldr	r2, [pc, #472]	; (80468 <main+0x1f4>)
	uart_settings.ul_mode = opt->paritytype;
   8028e:	f44f 6100 	mov.w	r1, #2048	; 0x800
   80292:	6014      	str	r4, [r2, #0]
	uart_settings.ul_baudrate = opt->baudrate;
   80294:	f44f 32e1 	mov.w	r2, #115200	; 0x1c200
	ptr_put = (int (*)(void volatile*,char))&usart_serial_putchar;
   80298:	4b74      	ldr	r3, [pc, #464]	; (8046c <main+0x1f8>)
   8029a:	e9cd 2102 	strd	r2, r1, [sp, #8]
   8029e:	4a74      	ldr	r2, [pc, #464]	; (80470 <main+0x1fc>)
	fdevopen((int (*)(char, FILE*))(_write),(int (*)(FILE*))(_read));
#  endif
#  if UC3 || SAM
	// For AVR32 and SAM GCC
	// Specify that stdout and stdin should not be buffered.
	setbuf(stdout, NULL);
   802a0:	4d74      	ldr	r5, [pc, #464]	; (80474 <main+0x200>)
	ptr_put = (int (*)(void volatile*,char))&usart_serial_putchar;
   802a2:	601a      	str	r2, [r3, #0]
	ptr_get = (void (*)(void volatile*,char*))&usart_serial_getchar;
   802a4:	4a74      	ldr	r2, [pc, #464]	; (80478 <main+0x204>)
   802a6:	4b75      	ldr	r3, [pc, #468]	; (8047c <main+0x208>)
   802a8:	2008      	movs	r0, #8
   802aa:	601a      	str	r2, [r3, #0]
	uart_settings.ul_mck = sysclk_get_peripheral_hz();
   802ac:	4b74      	ldr	r3, [pc, #464]	; (80480 <main+0x20c>)
   802ae:	9301      	str	r3, [sp, #4]
   802b0:	47b8      	blx	r7
		uart_init((Uart*)p_usart, &uart_settings);
   802b2:	a901      	add	r1, sp, #4
   802b4:	4620      	mov	r0, r4
   802b6:	4b73      	ldr	r3, [pc, #460]	; (80484 <main+0x210>)
   802b8:	4798      	blx	r3
	setbuf(stdout, NULL);
   802ba:	682b      	ldr	r3, [r5, #0]
   802bc:	4c72      	ldr	r4, [pc, #456]	; (80488 <main+0x214>)
   802be:	6898      	ldr	r0, [r3, #8]
   802c0:	2100      	movs	r1, #0
   802c2:	47a0      	blx	r4
	setbuf(stdin, NULL);
   802c4:	682b      	ldr	r3, [r5, #0]
   802c6:	2100      	movs	r1, #0
   802c8:	6858      	ldr	r0, [r3, #4]
   802ca:	47a0      	blx	r4

  configure_console();

  irq_initialize_vectors();
  cpu_irq_enable();
   802cc:	2101      	movs	r1, #1
   802ce:	4b6f      	ldr	r3, [pc, #444]	; (8048c <main+0x218>)
   802d0:	7019      	strb	r1, [r3, #0]
    This function ensures the apparent order of the explicit memory operations before
    and after the instruction, without ensuring their completion.
 */
__attribute__( ( always_inline ) ) __STATIC_INLINE void __DMB(void)
{
  __ASM volatile ("dmb");
   802d2:	f3bf 8f5f 	dmb	sy
  This function enables IRQ interrupts by clearing the I-bit in the CPSR.
  Can only be executed in Privileged modes.
 */
__attribute__( ( always_inline ) ) __STATIC_INLINE void __enable_irq(void)
{
  __ASM volatile ("cpsie i");
   802d6:	b662      	cpsie	i
{
#ifdef CONFIG_SLEEPMGR_ENABLE
	uint8_t i;

	for (i = 0; i < SLEEPMGR_NR_OF_MODES - 1; i++) {
		sleepmgr_locks[i] = 0;
   802d8:	2200      	movs	r2, #0
   802da:	4b6d      	ldr	r3, [pc, #436]	; (80490 <main+0x21c>)
   802dc:	f8df 81b4 	ldr.w	r8, [pc, #436]	; 80494 <main+0x220>
	}
	sleepmgr_locks[SLEEPMGR_NR_OF_MODES - 1] = 1;
   802e0:	7159      	strb	r1, [r3, #5]
		sleepmgr_locks[i] = 0;
   802e2:	701a      	strb	r2, [r3, #0]
   802e4:	705a      	strb	r2, [r3, #1]
   802e6:	709a      	strb	r2, [r3, #2]
   802e8:	70da      	strb	r2, [r3, #3]
   802ea:	711a      	strb	r2, [r3, #4]

  // Initialize the sleep manager
  sleepmgr_init();
#if !SAMD21 && !SAMR21
  sysclk_init();
   802ec:	496a      	ldr	r1, [pc, #424]	; (80498 <main+0x224>)
   802ee:	4788      	blx	r1
  board_init();
   802f0:	4b6a      	ldr	r3, [pc, #424]	; (8049c <main+0x228>)
   802f2:	4645      	mov	r5, r8
   802f4:	f8df 91a8 	ldr.w	r9, [pc, #424]	; 804a0 <main+0x22c>
  system_init();
#endif

  //Convert serial number to ASCII for USB Serial number
  for(unsigned int i = 0; i < 4; i++){
    sprintf(usb_serial_number+(i*8), "%08x", (unsigned int)serial_number[i]);
   802f8:	4e6a      	ldr	r6, [pc, #424]	; (804a4 <main+0x230>)
   802fa:	ac04      	add	r4, sp, #16
   802fc:	f10d 0a20 	add.w	sl, sp, #32
  board_init();
   80300:	4798      	blx	r3
    sprintf(usb_serial_number+(i*8), "%08x", (unsigned int)serial_number[i]);
   80302:	f854 2b04 	ldr.w	r2, [r4], #4
   80306:	4628      	mov	r0, r5
   80308:	4631      	mov	r1, r6
   8030a:	47c8      	blx	r9
  for(unsigned int i = 0; i < 4; i++){
   8030c:	45a2      	cmp	sl, r4
   8030e:	f105 0508 	add.w	r5, r5, #8
   80312:	d1f6      	bne.n	80302 <main+0x8e>
  }
  usb_serial_number[32] = 0;
   80314:	2500      	movs	r5, #0
  printf("ChipSHOUTER C521 Ballistic Gel Online. Firmware build: %s/%s\n", __TIME__, __DATE__);
  printf("Serial number: %s\n", usb_serial_number);


  /* Enable SMC */
  pmc_enable_periph_clk(ID_SMC);
   80316:	2009      	movs	r0, #9
  gpio_configure_pin(PIN_EBI_DATA_BUS_D0, PIN_EBI_DATA_BUS_FLAG1);
   80318:	4c63      	ldr	r4, [pc, #396]	; (804a8 <main+0x234>)
  usb_serial_number[32] = 0;
   8031a:	f888 5020 	strb.w	r5, [r8, #32]
  pmc_enable_periph_clk(ID_SMC);
   8031e:	47b8      	blx	r7
  gpio_configure_pin(PIN_EBI_DATA_BUS_D0, PIN_EBI_DATA_BUS_FLAG1);
   80320:	4962      	ldr	r1, [pc, #392]	; (804ac <main+0x238>)
   80322:	2029      	movs	r0, #41	; 0x29
   80324:	47a0      	blx	r4
  gpio_configure_pin(PIN_EBI_DATA_BUS_D1, PIN_EBI_DATA_BUS_FLAG1);
   80326:	4961      	ldr	r1, [pc, #388]	; (804ac <main+0x238>)
   80328:	202a      	movs	r0, #42	; 0x2a
   8032a:	47a0      	blx	r4
  gpio_configure_pin(PIN_EBI_DATA_BUS_D2, PIN_EBI_DATA_BUS_FLAG1);
   8032c:	495f      	ldr	r1, [pc, #380]	; (804ac <main+0x238>)
   8032e:	202b      	movs	r0, #43	; 0x2b
   80330:	47a0      	blx	r4
  gpio_configure_pin(PIN_EBI_DATA_BUS_D3, PIN_EBI_DATA_BUS_FLAG1);
   80332:	495e      	ldr	r1, [pc, #376]	; (804ac <main+0x238>)
   80334:	202c      	movs	r0, #44	; 0x2c
   80336:	47a0      	blx	r4
  gpio_configure_pin(PIN_EBI_DATA_BUS_D4, PIN_EBI_DATA_BUS_FLAG1);
   80338:	495c      	ldr	r1, [pc, #368]	; (804ac <main+0x238>)
   8033a:	202d      	movs	r0, #45	; 0x2d
   8033c:	47a0      	blx	r4
  gpio_configure_pin(PIN_EBI_DATA_BUS_D5, PIN_EBI_DATA_BUS_FLAG1);
   8033e:	495b      	ldr	r1, [pc, #364]	; (804ac <main+0x238>)
   80340:	202e      	movs	r0, #46	; 0x2e
   80342:	47a0      	blx	r4
  gpio_configure_pin(PIN_EBI_DATA_BUS_D6, PIN_EBI_DATA_BUS_FLAG1);
   80344:	4959      	ldr	r1, [pc, #356]	; (804ac <main+0x238>)
   80346:	202f      	movs	r0, #47	; 0x2f
   80348:	47a0      	blx	r4
  gpio_configure_pin(PIN_EBI_DATA_BUS_D7, PIN_EBI_DATA_BUS_FLAG1);
   8034a:	4958      	ldr	r1, [pc, #352]	; (804ac <main+0x238>)
   8034c:	2030      	movs	r0, #48	; 0x30
   8034e:	47a0      	blx	r4
  gpio_configure_pin(PIN_EBI_DATA_BUS_D8, PIN_EBI_DATA_BUS_FLAG1);
   80350:	4956      	ldr	r1, [pc, #344]	; (804ac <main+0x238>)
   80352:	2039      	movs	r0, #57	; 0x39
   80354:	47a0      	blx	r4
  gpio_configure_pin(PIN_EBI_DATA_BUS_D9, PIN_EBI_DATA_BUS_FLAG1);
   80356:	4955      	ldr	r1, [pc, #340]	; (804ac <main+0x238>)
   80358:	203a      	movs	r0, #58	; 0x3a
   8035a:	47a0      	blx	r4
  gpio_configure_pin(PIN_EBI_DATA_BUS_D10, PIN_EBI_DATA_BUS_FLAG1);
   8035c:	4953      	ldr	r1, [pc, #332]	; (804ac <main+0x238>)
   8035e:	203b      	movs	r0, #59	; 0x3b
   80360:	47a0      	blx	r4
  gpio_configure_pin(PIN_EBI_DATA_BUS_D11, PIN_EBI_DATA_BUS_FLAG1);
   80362:	4952      	ldr	r1, [pc, #328]	; (804ac <main+0x238>)
   80364:	203c      	movs	r0, #60	; 0x3c
   80366:	47a0      	blx	r4
  gpio_configure_pin(PIN_EBI_DATA_BUS_D12, PIN_EBI_DATA_BUS_FLAG1);
   80368:	4950      	ldr	r1, [pc, #320]	; (804ac <main+0x238>)
   8036a:	203d      	movs	r0, #61	; 0x3d
   8036c:	47a0      	blx	r4
  gpio_configure_pin(PIN_EBI_DATA_BUS_D13, PIN_EBI_DATA_BUS_FLAG1);
   8036e:	494f      	ldr	r1, [pc, #316]	; (804ac <main+0x238>)
   80370:	203e      	movs	r0, #62	; 0x3e
   80372:	47a0      	blx	r4
  gpio_configure_pin(PIN_EBI_DATA_BUS_D14, PIN_EBI_DATA_BUS_FLAG1);
   80374:	494d      	ldr	r1, [pc, #308]	; (804ac <main+0x238>)
   80376:	203f      	movs	r0, #63	; 0x3f
   80378:	47a0      	blx	r4
  gpio_configure_pin(PIN_EBI_DATA_BUS_D15, PIN_EBI_DATA_BUS_FLAG2);
   8037a:	494d      	ldr	r1, [pc, #308]	; (804b0 <main+0x23c>)
   8037c:	2026      	movs	r0, #38	; 0x26
   8037e:	47a0      	blx	r4
  gpio_configure_pin(PIN_EBI_NRD, PIN_EBI_NRD_FLAGS);
   80380:	494a      	ldr	r1, [pc, #296]	; (804ac <main+0x238>)
   80382:	2033      	movs	r0, #51	; 0x33
   80384:	47a0      	blx	r4
  gpio_configure_pin(PIN_EBI_NWE, PIN_EBI_NWE_FLAGS);
   80386:	4949      	ldr	r1, [pc, #292]	; (804ac <main+0x238>)
   80388:	2037      	movs	r0, #55	; 0x37
   8038a:	47a0      	blx	r4
  gpio_configure_pin(PIN_EBI_NCS0, PIN_EBI_NCS0_FLAGS);
   8038c:	4947      	ldr	r1, [pc, #284]	; (804ac <main+0x238>)
   8038e:	2034      	movs	r0, #52	; 0x34
   80390:	47a0      	blx	r4

  gpio_configure_pin(PIN_EBI_ADDR_BUS_NBS0, PIN_EBI_ADDR_BUS_FLAG1);
   80392:	4947      	ldr	r1, [pc, #284]	; (804b0 <main+0x23c>)
   80394:	2027      	movs	r0, #39	; 0x27
   80396:	47a0      	blx	r4
  gpio_configure_pin(PIN_EBI_ADDR_BUS_NBS1, PIN_EBI_ADDR_BUS_FLAG2);
   80398:	4944      	ldr	r1, [pc, #272]	; (804ac <main+0x238>)
   8039a:	204f      	movs	r0, #79	; 0x4f
   8039c:	47a0      	blx	r4

  gpio_configure_pin(PIN_EBI_ADDR_BUS_A1, PIN_EBI_ADDR_BUS_FLAG1);
   8039e:	4944      	ldr	r1, [pc, #272]	; (804b0 <main+0x23c>)
   803a0:	2028      	movs	r0, #40	; 0x28
   803a2:	47a0      	blx	r4
  gpio_configure_pin(PIN_EBI_ADDR_BUS_A2, PIN_EBI_ADDR_BUS_FLAG2);
   803a4:	4941      	ldr	r1, [pc, #260]	; (804ac <main+0x238>)
   803a6:	2040      	movs	r0, #64	; 0x40
   803a8:	47a0      	blx	r4
  gpio_configure_pin(PIN_EBI_ADDR_BUS_A3, PIN_EBI_ADDR_BUS_FLAG2);
   803aa:	4940      	ldr	r1, [pc, #256]	; (804ac <main+0x238>)
   803ac:	2041      	movs	r0, #65	; 0x41
   803ae:	47a0      	blx	r4
  gpio_configure_pin(PIN_EBI_ADDR_BUS_A4, PIN_EBI_ADDR_BUS_FLAG2);
   803b0:	493e      	ldr	r1, [pc, #248]	; (804ac <main+0x238>)
   803b2:	2042      	movs	r0, #66	; 0x42
   803b4:	47a0      	blx	r4
  gpio_configure_pin(PIN_EBI_ADDR_BUS_A5, PIN_EBI_ADDR_BUS_FLAG2);
   803b6:	493d      	ldr	r1, [pc, #244]	; (804ac <main+0x238>)
   803b8:	2043      	movs	r0, #67	; 0x43
   803ba:	47a0      	blx	r4
  gpio_configure_pin(PIN_EBI_ADDR_BUS_A6, PIN_EBI_ADDR_BUS_FLAG2);
   803bc:	493b      	ldr	r1, [pc, #236]	; (804ac <main+0x238>)
   803be:	2044      	movs	r0, #68	; 0x44
   803c0:	47a0      	blx	r4
  gpio_configure_pin(PIN_EBI_ADDR_BUS_A7, PIN_EBI_ADDR_BUS_FLAG2);
   803c2:	493a      	ldr	r1, [pc, #232]	; (804ac <main+0x238>)
   803c4:	2045      	movs	r0, #69	; 0x45
   803c6:	47a0      	blx	r4
  gpio_configure_pin(PIN_EBI_ADDR_BUS_A8, PIN_EBI_ADDR_BUS_FLAG2);
   803c8:	4938      	ldr	r1, [pc, #224]	; (804ac <main+0x238>)
   803ca:	2046      	movs	r0, #70	; 0x46
   803cc:	47a0      	blx	r4
  gpio_configure_pin(PIN_EBI_ADDR_BUS_A9, PIN_EBI_ADDR_BUS_FLAG2);
   803ce:	4937      	ldr	r1, [pc, #220]	; (804ac <main+0x238>)
   803d0:	2047      	movs	r0, #71	; 0x47
   803d2:	47a0      	blx	r4
  gpio_configure_pin(PIN_EBI_ADDR_BUS_A10, PIN_EBI_ADDR_BUS_FLAG2);
   803d4:	4935      	ldr	r1, [pc, #212]	; (804ac <main+0x238>)
   803d6:	2048      	movs	r0, #72	; 0x48
   803d8:	47a0      	blx	r4
  gpio_configure_pin(PIN_EBI_ADDR_BUS_A11, PIN_EBI_ADDR_BUS_FLAG2);
   803da:	4934      	ldr	r1, [pc, #208]	; (804ac <main+0x238>)
   803dc:	2049      	movs	r0, #73	; 0x49
   803de:	47a0      	blx	r4
  gpio_configure_pin(PIN_EBI_ADDR_BUS_A12, PIN_EBI_ADDR_BUS_FLAG2);
   803e0:	4932      	ldr	r1, [pc, #200]	; (804ac <main+0x238>)
   803e2:	204a      	movs	r0, #74	; 0x4a
   803e4:	47a0      	blx	r4
  gpio_configure_pin(PIN_EBI_ADDR_BUS_A13, PIN_EBI_ADDR_BUS_FLAG2);
   803e6:	4931      	ldr	r1, [pc, #196]	; (804ac <main+0x238>)
   803e8:	204b      	movs	r0, #75	; 0x4b
   803ea:	47a0      	blx	r4
  gpio_configure_pin(PIN_EBI_ADDR_BUS_A14, PIN_EBI_ADDR_BUS_FLAG2);
   803ec:	492f      	ldr	r1, [pc, #188]	; (804ac <main+0x238>)
   803ee:	2054      	movs	r0, #84	; 0x54
   803f0:	47a0      	blx	r4
  gpio_configure_pin(PIN_EBI_ADDR_BUS_A15, PIN_EBI_ADDR_BUS_FLAG2);
   803f2:	492e      	ldr	r1, [pc, #184]	; (804ac <main+0x238>)
   803f4:	2055      	movs	r0, #85	; 0x55
   803f6:	47a0      	blx	r4
  gpio_configure_pin(PIN_EBI_ADDR_BUS_A16, PIN_EBI_ADDR_BUS_FLAG2);
   803f8:	492c      	ldr	r1, [pc, #176]	; (804ac <main+0x238>)
   803fa:	2056      	movs	r0, #86	; 0x56
   803fc:	47a0      	blx	r4
  gpio_configure_pin(PIN_EBI_ADDR_BUS_A17, PIN_EBI_ADDR_BUS_FLAG2);
   803fe:	492b      	ldr	r1, [pc, #172]	; (804ac <main+0x238>)
   80400:	2057      	movs	r0, #87	; 0x57
   80402:	47a0      	blx	r4
  gpio_configure_pin(PIN_EBI_ADDR_BUS_A18, PIN_EBI_ADDR_BUS_FLAG2);
   80404:	4929      	ldr	r1, [pc, #164]	; (804ac <main+0x238>)
   80406:	2058      	movs	r0, #88	; 0x58
   80408:	47a0      	blx	r4
  gpio_configure_pin(PIN_EBI_ADDR_BUS_A19, PIN_EBI_ADDR_BUS_FLAG2);
   8040a:	4928      	ldr	r1, [pc, #160]	; (804ac <main+0x238>)
   8040c:	2059      	movs	r0, #89	; 0x59
   8040e:	47a0      	blx	r4
  gpio_configure_pin(PIN_EBI_ADDR_BUS_A20, PIN_EBI_ADDR_BUS_FLAG2);
   80410:	4926      	ldr	r1, [pc, #152]	; (804ac <main+0x238>)
   80412:	205a      	movs	r0, #90	; 0x5a
   80414:	47a0      	blx	r4
  gpio_configure_pin(PIN_EBI_ADDR_BUS_A21, PIN_EBI_ADDR_BUS_FLAG2);
   80416:	4925      	ldr	r1, [pc, #148]	; (804ac <main+0x238>)
   80418:	2035      	movs	r0, #53	; 0x35
   8041a:	47a0      	blx	r4
  | SMC_CYCLE_NRD_CYCLE(8));
  smc_set_mode(SMC, 0, SMC_MODE_READ_MODE_NRD_CTRL | SMC_MODE_WRITE_MODE_NWE_CTRL
  | SMC_MODE_DBW_BIT_16);
  */

    smc_set_setup_timing(SMC, 0, SMC_SETUP_NWE_SETUP(0)
   8041c:	4629      	mov	r1, r5
   8041e:	4a25      	ldr	r2, [pc, #148]	; (804b4 <main+0x240>)
   80420:	4825      	ldr	r0, [pc, #148]	; (804b8 <main+0x244>)
   80422:	4b26      	ldr	r3, [pc, #152]	; (804bc <main+0x248>)
   80424:	4798      	blx	r3
    | SMC_SETUP_NCS_WR_SETUP(4)
    | SMC_SETUP_NRD_SETUP(4)
    | SMC_SETUP_NCS_RD_SETUP(4));
    smc_set_pulse_timing(SMC, 0, SMC_PULSE_NWE_PULSE(12)
   80426:	f04f 320c 	mov.w	r2, #202116108	; 0xc0c0c0c
   8042a:	4629      	mov	r1, r5
   8042c:	4822      	ldr	r0, [pc, #136]	; (804b8 <main+0x244>)
   8042e:	4b24      	ldr	r3, [pc, #144]	; (804c0 <main+0x24c>)
   80430:	4798      	blx	r3
    | SMC_PULSE_NCS_WR_PULSE(12)
    | SMC_PULSE_NRD_PULSE(12)
    | SMC_PULSE_NCS_RD_PULSE(12));
    smc_set_cycle_timing(SMC, 0, SMC_CYCLE_NWE_CYCLE(16)
   80432:	f04f 1210 	mov.w	r2, #1048592	; 0x100010
   80436:	4629      	mov	r1, r5
   80438:	481f      	ldr	r0, [pc, #124]	; (804b8 <main+0x244>)
   8043a:	4b22      	ldr	r3, [pc, #136]	; (804c4 <main+0x250>)
   8043c:	4798      	blx	r3
    | SMC_CYCLE_NRD_CYCLE(16));
    smc_set_mode(SMC, 0, SMC_MODE_READ_MODE_NRD_CTRL | SMC_MODE_WRITE_MODE_NWE_CTRL
   8043e:	f241 0203 	movw	r2, #4099	; 0x1003
   80442:	4629      	mov	r1, r5
   80444:	481c      	ldr	r0, [pc, #112]	; (804b8 <main+0x244>)
   80446:	4b20      	ldr	r3, [pc, #128]	; (804c8 <main+0x254>)
   80448:	4798      	blx	r3
  /*
  osc_enable(OSC_MAINCK_XTAL);
      osc_wait_ready(OSC_MAINCK_XTAL);
      pmc_switch_mck_to_mainck(CONFIG_SYSCLK_PRES);
  */
  ui_init();
   8044a:	4b20      	ldr	r3, [pc, #128]	; (804cc <main+0x258>)
   8044c:	4798      	blx	r3

  // Start USB stack to authorize VBus monitoring
  udc_start();
   8044e:	4b20      	ldr	r3, [pc, #128]	; (804d0 <main+0x25c>)
   80450:	4798      	blx	r3

  printf("Event Loop Entered, waiting...\n");

  // The main loop manages only the power mode
  // because the USB management is done by interrupt
	naeusb_register_handlers();
   80452:	4b20      	ldr	r3, [pc, #128]	; (804d4 <main+0x260>)
   80454:	4798      	blx	r3
  ballistic_register_handlers();
   80456:	4b20      	ldr	r3, [pc, #128]	; (804d8 <main+0x264>)
   80458:	4798      	blx	r3
  while (true) {
   8045a:	e7fe      	b.n	8045a <main+0x1e6>
   8045c:	00081595 	.word	0x00081595
   80460:	00081ab5 	.word	0x00081ab5
   80464:	400e0600 	.word	0x400e0600
   80468:	200036cc 	.word	0x200036cc
   8046c:	200036c8 	.word	0x200036c8
   80470:	000801e1 	.word	0x000801e1
   80474:	200003b0 	.word	0x200003b0
   80478:	00080145 	.word	0x00080145
   8047c:	20003660 	.word	0x20003660
   80480:	05b8d800 	.word	0x05b8d800
   80484:	00081e35 	.word	0x00081e35
   80488:	0008360d 	.word	0x0008360d
   8048c:	20000304 	.word	0x20000304
   80490:	20003668 	.word	0x20003668
   80494:	2000019c 	.word	0x2000019c
   80498:	00081cd1 	.word	0x00081cd1
   8049c:	00081519 	.word	0x00081519
   804a0:	000837c9 	.word	0x000837c9
   804a4:	0008af3c 	.word	0x0008af3c
   804a8:	000817a5 	.word	0x000817a5
   804ac:	08000001 	.word	0x08000001
   804b0:	10000001 	.word	0x10000001
   804b4:	04040400 	.word	0x04040400
   804b8:	400e0000 	.word	0x400e0000
   804bc:	00081b61 	.word	0x00081b61
   804c0:	00081b6d 	.word	0x00081b6d
   804c4:	00081b79 	.word	0x00081b79
   804c8:	00081b85 	.word	0x00081b85
   804cc:	00081429 	.word	0x00081429
   804d0:	00080d3d 	.word	0x00080d3d
   804d4:	00080b95 	.word	0x00080b95
   804d8:	000808f1 	.word	0x000808f1

000804dc <ctrl_readmem_ctrl>:
		main_vendor_bulk_in_received
	);
	return;
}

void ctrl_readmem_ctrl(void){
   804dc:	b570      	push	{r4, r5, r6, lr}
     uint32_t buflen = *(CTRLBUFFER_WORDPTR);
   804de:	4b08      	ldr	r3, [pc, #32]	; (80500 <ctrl_readmem_ctrl+0x24>)
     uint32_t address = *(CTRLBUFFER_WORDPTR + 1);

     FPGA_setlock(fpga_ctrlmem);
   804e0:	4a08      	ldr	r2, [pc, #32]	; (80504 <ctrl_readmem_ctrl+0x28>)
     uint32_t address = *(CTRLBUFFER_WORDPTR + 1);
   804e2:	685c      	ldr	r4, [r3, #4]
     FPGA_setlock(fpga_ctrlmem);
   804e4:	2005      	movs	r0, #5
     uint32_t buflen = *(CTRLBUFFER_WORDPTR);
   804e6:	681d      	ldr	r5, [r3, #0]
     FPGA_setlock(fpga_ctrlmem);
   804e8:	4790      	blx	r2

     /* Do memory read */
     ctrlmemread_buf = (uint8_t *) PSRAM_BASE_ADDRESS + address;

     /* Set size to read */
     ctrlmemread_size = buflen;
   804ea:	4b07      	ldr	r3, [pc, #28]	; (80508 <ctrl_readmem_ctrl+0x2c>)
     ctrlmemread_buf = (uint8_t *) PSRAM_BASE_ADDRESS + address;
   804ec:	4a07      	ldr	r2, [pc, #28]	; (8050c <ctrl_readmem_ctrl+0x30>)
   804ee:	f104 44c0 	add.w	r4, r4, #1610612736	; 0x60000000
     ctrlmemread_size = buflen;
   804f2:	601d      	str	r5, [r3, #0]
     ctrlmemread_buf = (uint8_t *) PSRAM_BASE_ADDRESS + address;
   804f4:	6014      	str	r4, [r2, #0]

     /* Start Transaction */
     LED_On(LED2_GPIO);
   804f6:	204c      	movs	r0, #76	; 0x4c
}
   804f8:	e8bd 4070 	ldmia.w	sp!, {r4, r5, r6, lr}
     LED_On(LED2_GPIO);
   804fc:	4b04      	ldr	r3, [pc, #16]	; (80510 <ctrl_readmem_ctrl+0x34>)
   804fe:	4718      	bx	r3
   80500:	200030d0 	.word	0x200030d0
   80504:	000813e1 	.word	0x000813e1
   80508:	200030a8 	.word	0x200030a8
   8050c:	200030a4 	.word	0x200030a4
   80510:	00081695 	.word	0x00081695

00080514 <ctrl_writemem_ctrl>:
          }
     }
     seeded = 1;
}

void ctrl_writemem_ctrl(void){
   80514:	e92d 41f0 	stmdb	sp!, {r4, r5, r6, r7, r8, lr}
     uint32_t buflen = *(CTRLBUFFER_WORDPTR);
   80518:	4f0e      	ldr	r7, [pc, #56]	; (80554 <ctrl_writemem_ctrl+0x40>)

     uint8_t * ctrlbuf_payload = (uint8_t *)(CTRLBUFFER_WORDPTR + 2);

     //printf("Writing to %x, %d\n", address, buflen);

     FPGA_setlock(fpga_generic);
   8051a:	2001      	movs	r0, #1
     uint32_t buflen = *(CTRLBUFFER_WORDPTR);
   8051c:	683c      	ldr	r4, [r7, #0]
     FPGA_setlock(fpga_generic);
   8051e:	4e0e      	ldr	r6, [pc, #56]	; (80558 <ctrl_writemem_ctrl+0x44>)
     uint32_t address = *(CTRLBUFFER_WORDPTR + 1);
   80520:	687d      	ldr	r5, [r7, #4]
     FPGA_setlock(fpga_generic);
   80522:	47b0      	blx	r6

     /* Start Transaction */
     LED_On(LED1_GPIO);
   80524:	2010      	movs	r0, #16
   80526:	4b0d      	ldr	r3, [pc, #52]	; (8055c <ctrl_writemem_ctrl+0x48>)
   80528:	4798      	blx	r3

     /* Do memory write */
     for(unsigned int i = 0; i < buflen; i++){
   8052a:	b174      	cbz	r4, 8054a <ctrl_writemem_ctrl+0x36>
   8052c:	eb07 0c04 	add.w	ip, r7, r4
   80530:	1fec      	subs	r4, r5, #7
   80532:	4d0b      	ldr	r5, [pc, #44]	; (80560 <ctrl_writemem_ctrl+0x4c>)
   80534:	1dfb      	adds	r3, r7, #7
          xram[i+address] = ctrlbuf_payload[i];
   80536:	1be4      	subs	r4, r4, r7
   80538:	f10c 0c07 	add.w	ip, ip, #7
   8053c:	18e2      	adds	r2, r4, r3
   8053e:	f813 0f01 	ldrb.w	r0, [r3, #1]!
   80542:	6829      	ldr	r1, [r5, #0]
     for(unsigned int i = 0; i < buflen; i++){
   80544:	4563      	cmp	r3, ip
          xram[i+address] = ctrlbuf_payload[i];
   80546:	5488      	strb	r0, [r1, r2]
     for(unsigned int i = 0; i < buflen; i++){
   80548:	d1f8      	bne.n	8053c <ctrl_writemem_ctrl+0x28>
     }

     FPGA_setlock(fpga_unlocked);
   8054a:	4633      	mov	r3, r6
}
   8054c:	e8bd 41f0 	ldmia.w	sp!, {r4, r5, r6, r7, r8, lr}
     FPGA_setlock(fpga_unlocked);
   80550:	2000      	movs	r0, #0
   80552:	4718      	bx	r3
   80554:	200030d0 	.word	0x200030d0
   80558:	000813e1 	.word	0x000813e1
   8055c:	00081695 	.word	0x00081695
   80560:	20000300 	.word	0x20000300

00080564 <ctrl_writemem_bulk>:

static uint32_t bulkread_address = 0;
static uint32_t bulkread_len = 0;

void ctrl_writemem_bulk(void){
   80564:	b510      	push	{r4, lr}
     uint32_t buflen = *(CTRLBUFFER_WORDPTR);
     uint32_t address = *(CTRLBUFFER_WORDPTR + 1);
   80566:	4a06      	ldr	r2, [pc, #24]	; (80580 <ctrl_writemem_bulk+0x1c>)

     FPGA_setlock(fpga_blockout);
   80568:	4b06      	ldr	r3, [pc, #24]	; (80584 <ctrl_writemem_bulk+0x20>)
   8056a:	2004      	movs	r0, #4
     uint32_t address = *(CTRLBUFFER_WORDPTR + 1);
   8056c:	6854      	ldr	r4, [r2, #4]
     FPGA_setlock(fpga_blockout);
   8056e:	4798      	blx	r3

     /* Set address */
     bulkread_address = address;
   80570:	4a05      	ldr	r2, [pc, #20]	; (80588 <ctrl_writemem_bulk+0x24>)
     bulkread_len = buflen;
     //FPGA_setaddr(address);

     /* Transaction done in generic callback */
     LED_On(LED1_GPIO);
   80572:	2010      	movs	r0, #16
     bulkread_address = address;
   80574:	6014      	str	r4, [r2, #0]
     LED_On(LED1_GPIO);
   80576:	4b05      	ldr	r3, [pc, #20]	; (8058c <ctrl_writemem_bulk+0x28>)
}
   80578:	e8bd 4010 	ldmia.w	sp!, {r4, lr}
     LED_On(LED1_GPIO);
   8057c:	4718      	bx	r3
   8057e:	bf00      	nop
   80580:	200030d0 	.word	0x200030d0
   80584:	000813e1 	.word	0x000813e1
   80588:	200030a0 	.word	0x200030a0
   8058c:	00081695 	.word	0x00081695

00080590 <ctrl_readmem_bulk>:
{
   80590:	b570      	push	{r4, r5, r6, lr}
     uint32_t buflen = *(CTRLBUFFER_WORDPTR);
   80592:	4b08      	ldr	r3, [pc, #32]	; (805b4 <ctrl_readmem_bulk+0x24>)
     FPGA_setlock(fpga_blockin);
   80594:	2002      	movs	r0, #2
     uint32_t address = *(CTRLBUFFER_WORDPTR + 1);
   80596:	e9d3 5400 	ldrd	r5, r4, [r3]
     FPGA_setlock(fpga_blockin);
   8059a:	4b07      	ldr	r3, [pc, #28]	; (805b8 <ctrl_readmem_bulk+0x28>)
   8059c:	4798      	blx	r3
     LED_On(LED2_GPIO);
   8059e:	204c      	movs	r0, #76	; 0x4c
   805a0:	4b06      	ldr	r3, [pc, #24]	; (805bc <ctrl_readmem_bulk+0x2c>)
   805a2:	4798      	blx	r3
     udi_vendor_bulk_in_run(
   805a4:	4629      	mov	r1, r5
   805a6:	f104 40c0 	add.w	r0, r4, #1610612736	; 0x60000000
   805aa:	4a05      	ldr	r2, [pc, #20]	; (805c0 <ctrl_readmem_bulk+0x30>)
   805ac:	4b05      	ldr	r3, [pc, #20]	; (805c4 <ctrl_readmem_bulk+0x34>)
}
   805ae:	e8bd 4070 	ldmia.w	sp!, {r4, r5, r6, lr}
     udi_vendor_bulk_in_run(
   805b2:	4718      	bx	r3
   805b4:	200030d0 	.word	0x200030d0
   805b8:	000813e1 	.word	0x000813e1
   805bc:	00081695 	.word	0x00081695
   805c0:	000806ad 	.word	0x000806ad
   805c4:	00081f05 	.word	0x00081f05

000805c8 <ctrl_readmem_rng_bulk>:
	if (buflen >= sizeof(buffer))
   805c8:	f242 3327 	movw	r3, #8999	; 0x2327
void ctrl_readmem_rng_bulk(void){
   805cc:	b510      	push	{r4, lr}
	uint32_t buflen = *(CTRLBUFFER_WORDPTR);
   805ce:	4a07      	ldr	r2, [pc, #28]	; (805ec <ctrl_readmem_rng_bulk+0x24>)
   805d0:	6814      	ldr	r4, [r2, #0]
	if (buflen >= sizeof(buffer))
   805d2:	429c      	cmp	r4, r3
   805d4:	d900      	bls.n	805d8 <ctrl_readmem_rng_bulk+0x10>
}
   805d6:	bd10      	pop	{r4, pc}
	LED_On(LED2_GPIO);
   805d8:	204c      	movs	r0, #76	; 0x4c
   805da:	4b05      	ldr	r3, [pc, #20]	; (805f0 <ctrl_readmem_rng_bulk+0x28>)
   805dc:	4798      	blx	r3
	udi_vendor_bulk_in_run(
   805de:	4621      	mov	r1, r4
}
   805e0:	e8bd 4010 	ldmia.w	sp!, {r4, lr}
	udi_vendor_bulk_in_run(
   805e4:	4a03      	ldr	r2, [pc, #12]	; (805f4 <ctrl_readmem_rng_bulk+0x2c>)
   805e6:	4804      	ldr	r0, [pc, #16]	; (805f8 <ctrl_readmem_rng_bulk+0x30>)
   805e8:	4b04      	ldr	r3, [pc, #16]	; (805fc <ctrl_readmem_rng_bulk+0x34>)
   805ea:	4718      	bx	r3
   805ec:	200030d0 	.word	0x200030d0
   805f0:	00081695 	.word	0x00081695
   805f4:	000806ad 	.word	0x000806ad
   805f8:	20000d78 	.word	0x20000d78
   805fc:	00081f05 	.word	0x00081f05

00080600 <main_vendor_bulk_out_received>:
     }
}

void main_vendor_bulk_out_received(udd_ep_status_t status,
                                   iram_size_t nb_transfered, udd_ep_id_t ep)
{
   80600:	b570      	push	{r4, r5, r6, lr}
     UNUSED(ep);
     if (UDD_EP_TRANSFER_OK != status) {
   80602:	b990      	cbnz	r0, 8062a <main_vendor_bulk_out_received+0x2a>
          return;
     }

     if (blockendpoint_usage == bep_emem){

          for(uint32_t i = 0; i < nb_transfered; i++){
   80604:	b169      	cbz	r1, 80622 <main_vendor_bulk_out_received+0x22>
   80606:	4d0f      	ldr	r5, [pc, #60]	; (80644 <main_vendor_bulk_out_received+0x44>)
   80608:	4a0f      	ldr	r2, [pc, #60]	; (80648 <main_vendor_bulk_out_received+0x48>)
   8060a:	682b      	ldr	r3, [r5, #0]
   8060c:	4c0f      	ldr	r4, [pc, #60]	; (8064c <main_vendor_bulk_out_received+0x4c>)
   8060e:	4419      	add	r1, r3
               xram[bulkread_address++] = main_buf_loopback[i];
   80610:	6820      	ldr	r0, [r4, #0]
   80612:	f812 cb01 	ldrb.w	ip, [r2], #1
   80616:	f800 c003 	strb.w	ip, [r0, r3]
          for(uint32_t i = 0; i < nb_transfered; i++){
   8061a:	3301      	adds	r3, #1
   8061c:	4299      	cmp	r1, r3
   8061e:	d1f7      	bne.n	80610 <main_vendor_bulk_out_received+0x10>
   80620:	6029      	str	r1, [r5, #0]
          }

          if (FPGA_lockstatus() == fpga_blockout){
   80622:	4b0b      	ldr	r3, [pc, #44]	; (80650 <main_vendor_bulk_out_received+0x50>)
   80624:	4798      	blx	r3
   80626:	2804      	cmp	r0, #4
   80628:	d007      	beq.n	8063a <main_vendor_bulk_out_received+0x3a>

     udi_vendor_bulk_out_run(
          main_buf_loopback,
          sizeof(main_buf_loopback),
          main_vendor_bulk_out_received);
}
   8062a:	e8bd 4070 	ldmia.w	sp!, {r4, r5, r6, lr}
          udi_vendor_bulk_out_run(
   8062e:	f44f 6180 	mov.w	r1, #1024	; 0x400
   80632:	4a08      	ldr	r2, [pc, #32]	; (80654 <main_vendor_bulk_out_received+0x54>)
   80634:	4804      	ldr	r0, [pc, #16]	; (80648 <main_vendor_bulk_out_received+0x48>)
   80636:	4b08      	ldr	r3, [pc, #32]	; (80658 <main_vendor_bulk_out_received+0x58>)
   80638:	4718      	bx	r3
               FPGA_setlock(fpga_unlocked);
   8063a:	4b08      	ldr	r3, [pc, #32]	; (8065c <main_vendor_bulk_out_received+0x5c>)
   8063c:	2000      	movs	r0, #0
   8063e:	4798      	blx	r3
   80640:	e7f3      	b.n	8062a <main_vendor_bulk_out_received+0x2a>
   80642:	bf00      	nop
   80644:	200030a0 	.word	0x200030a0
   80648:	20003110 	.word	0x20003110
   8064c:	20000300 	.word	0x20000300
   80650:	0008141d 	.word	0x0008141d
   80654:	00080601 	.word	0x00080601
   80658:	00081f25 	.word	0x00081f25
   8065c:	000813e1 	.word	0x000813e1

00080660 <ballistic_setup_in_received>:
     switch (udd_g_ctrlreq.req.bRequest) {
   80660:	4a0d      	ldr	r2, [pc, #52]	; (80698 <ballistic_setup_in_received+0x38>)
   80662:	7853      	ldrb	r3, [r2, #1]
   80664:	2b12      	cmp	r3, #18
   80666:	d003      	beq.n	80670 <ballistic_setup_in_received+0x10>
   80668:	2b15      	cmp	r3, #21
   8066a:	d001      	beq.n	80670 <ballistic_setup_in_received+0x10>
   8066c:	2000      	movs	r0, #0
}
   8066e:	4770      	bx	lr
{
   80670:	b510      	push	{r4, lr}
               ctrlmemread_size = 0;
   80672:	2400      	movs	r4, #0
               udd_g_ctrlreq.payload_size = ctrlmemread_size;
   80674:	4b09      	ldr	r3, [pc, #36]	; (8069c <ballistic_setup_in_received+0x3c>)
               udd_g_ctrlreq.payload = ctrlmemread_buf;
   80676:	480a      	ldr	r0, [pc, #40]	; (806a0 <ballistic_setup_in_received+0x40>)
               udd_g_ctrlreq.payload_size = ctrlmemread_size;
   80678:	6819      	ldr	r1, [r3, #0]
               udd_g_ctrlreq.payload = ctrlmemread_buf;
   8067a:	6800      	ldr	r0, [r0, #0]
               udd_g_ctrlreq.payload_size = ctrlmemread_size;
   8067c:	8191      	strh	r1, [r2, #12]
               if (FPGA_lockstatus() == fpga_ctrlmem) {
   8067e:	4909      	ldr	r1, [pc, #36]	; (806a4 <ballistic_setup_in_received+0x44>)
               udd_g_ctrlreq.payload = ctrlmemread_buf;
   80680:	6090      	str	r0, [r2, #8]
               ctrlmemread_size = 0;
   80682:	601c      	str	r4, [r3, #0]
               if (FPGA_lockstatus() == fpga_ctrlmem) {
   80684:	4788      	blx	r1
   80686:	2805      	cmp	r0, #5
   80688:	d001      	beq.n	8068e <ballistic_setup_in_received+0x2e>
   8068a:	2001      	movs	r0, #1
}
   8068c:	bd10      	pop	{r4, pc}
                    FPGA_setlock(fpga_unlocked);
   8068e:	4620      	mov	r0, r4
   80690:	4b05      	ldr	r3, [pc, #20]	; (806a8 <ballistic_setup_in_received+0x48>)
   80692:	4798      	blx	r3
   80694:	2001      	movs	r0, #1
}
   80696:	bd10      	pop	{r4, pc}
   80698:	200036b0 	.word	0x200036b0
   8069c:	200030a8 	.word	0x200030a8
   806a0:	200030a4 	.word	0x200030a4
   806a4:	0008141d 	.word	0x0008141d
   806a8:	000813e1 	.word	0x000813e1

000806ac <main_vendor_bulk_in_received>:
     if (UDD_EP_TRANSFER_OK != status) {
   806ac:	b100      	cbz	r0, 806b0 <main_vendor_bulk_in_received+0x4>
   806ae:	4770      	bx	lr
{
   806b0:	b510      	push	{r4, lr}
     if (FPGA_lockstatus() == fpga_blockin){
   806b2:	4b05      	ldr	r3, [pc, #20]	; (806c8 <main_vendor_bulk_in_received+0x1c>)
   806b4:	4604      	mov	r4, r0
   806b6:	4798      	blx	r3
   806b8:	2802      	cmp	r0, #2
   806ba:	d000      	beq.n	806be <main_vendor_bulk_in_received+0x12>
}
   806bc:	bd10      	pop	{r4, pc}
          FPGA_setlock(fpga_unlocked);
   806be:	4620      	mov	r0, r4
}
   806c0:	e8bd 4010 	ldmia.w	sp!, {r4, lr}
          FPGA_setlock(fpga_unlocked);
   806c4:	4b01      	ldr	r3, [pc, #4]	; (806cc <main_vendor_bulk_in_received+0x20>)
   806c6:	4718      	bx	r3
   806c8:	0008141d 	.word	0x0008141d
   806cc:	000813e1 	.word	0x000813e1

000806d0 <ctrl_testmem>:
{
   806d0:	e92d 4ff0 	stmdb	sp!, {r4, r5, r6, r7, r8, r9, sl, fp, lr}
     uint32_t buflen = *(CTRLBUFFER_WORDPTR);
   806d4:	4a36      	ldr	r2, [pc, #216]	; (807b0 <ctrl_testmem+0xe0>)
     if (address > (sram_size - buflen) )
   806d6:	4b37      	ldr	r3, [pc, #220]	; (807b4 <ctrl_testmem+0xe4>)
     uint32_t buflen = *(CTRLBUFFER_WORDPTR);
   806d8:	6814      	ldr	r4, [r2, #0]
     if (address > (sram_size - buflen) )
   806da:	681b      	ldr	r3, [r3, #0]
     uint32_t address = *(CTRLBUFFER_WORDPTR + 1);
   806dc:	6856      	ldr	r6, [r2, #4]
     if (address > (sram_size - buflen) )
   806de:	1b1b      	subs	r3, r3, r4
   806e0:	42b3      	cmp	r3, r6
{
   806e2:	b083      	sub	sp, #12
     if (address > (sram_size - buflen) )
   806e4:	d303      	bcc.n	806ee <ctrl_testmem+0x1e>
     if (buflen >= sizeof(buffer))
   806e6:	f242 3327 	movw	r3, #8999	; 0x2327
   806ea:	429c      	cmp	r4, r3
   806ec:	d902      	bls.n	806f4 <ctrl_testmem+0x24>
}
   806ee:	b003      	add	sp, #12
   806f0:	e8bd 8ff0 	ldmia.w	sp!, {r4, r5, r6, r7, r8, r9, sl, fp, pc}
     LED_On(LED2_GPIO);
   806f4:	204c      	movs	r0, #76	; 0x4c
   806f6:	4b30      	ldr	r3, [pc, #192]	; (807b8 <ctrl_testmem+0xe8>)
   806f8:	4798      	blx	r3
     if (!address) {
   806fa:	2e00      	cmp	r6, #0
   806fc:	d03e      	beq.n	8077c <ctrl_testmem+0xac>
     found_err[1]++;
   806fe:	4f2f      	ldr	r7, [pc, #188]	; (807bc <ctrl_testmem+0xec>)
   80700:	887b      	ldrh	r3, [r7, #2]
   80702:	3301      	adds	r3, #1
   80704:	b29b      	uxth	r3, r3
     found_err[0] = 0;
   80706:	2500      	movs	r5, #0
     for (i = 0; i < buflen / 4; i++) {
   80708:	08a4      	lsrs	r4, r4, #2
     found_err[1]++;
   8070a:	807b      	strh	r3, [r7, #2]
     found_err[0] = 0;
   8070c:	803d      	strh	r5, [r7, #0]
     for (i = 0; i < buflen / 4; i++) {
   8070e:	d047      	beq.n	807a0 <ctrl_testmem+0xd0>
                    found_err[0] = 1;
   80710:	f04f 0901 	mov.w	r9, #1
   80714:	00a3      	lsls	r3, r4, #2
   80716:	9300      	str	r3, [sp, #0]
               buffer[i * 4 + j] = xram[i * 4 + j + address] ^ ((rng_val >> (8 * j)) & 0xFF);
   80718:	4b29      	ldr	r3, [pc, #164]	; (807c0 <ctrl_testmem+0xf0>)
   8071a:	4a2a      	ldr	r2, [pc, #168]	; (807c4 <ctrl_testmem+0xf4>)
   8071c:	681b      	ldr	r3, [r3, #0]
   8071e:	e9d2 4b00 	ldrd	r4, fp, [r2]
   80722:	4433      	add	r3, r6
   80724:	4e28      	ldr	r6, [pc, #160]	; (807c8 <ctrl_testmem+0xf8>)
   80726:	9301      	str	r3, [sp, #4]
   80728:	e9d2 8302 	ldrd	r8, r3, [r2, #8]
     t ^= s >> 19;
   8072c:	46b4      	mov	ip, r6
   8072e:	2200      	movs	r2, #0
     t ^= t << 11;
   80730:	ea83 23c3 	eor.w	r3, r3, r3, lsl #11
     t ^= s >> 19;
   80734:	ea83 41d4 	eor.w	r1, r3, r4, lsr #19
   80738:	4061      	eors	r1, r4
   8073a:	46a2      	mov	sl, r4
   8073c:	ea81 2413 	eor.w	r4, r1, r3, lsr #8
          for (j = 0; j < 4; j++) {
   80740:	9b01      	ldr	r3, [sp, #4]
   80742:	1959      	adds	r1, r3, r5
               buffer[i * 4 + j] = xram[i * 4 + j + address] ^ ((rng_val >> (8 * j)) & 0xFF);
   80744:	7808      	ldrb	r0, [r1, #0]
   80746:	fa24 f302 	lsr.w	r3, r4, r2
   8074a:	b2db      	uxtb	r3, r3
               if (buffer[i * 4 + j]) {
   8074c:	4298      	cmp	r0, r3
          for (j = 0; j < 4; j++) {
   8074e:	f102 0208 	add.w	r2, r2, #8
               buffer[i * 4 + j] = xram[i * 4 + j + address] ^ ((rng_val >> (8 * j)) & 0xFF);
   80752:	ea80 0e03 	eor.w	lr, r0, r3
                    found_err[0] = 1;
   80756:	bf18      	it	ne
   80758:	f8a7 9000 	strhne.w	r9, [r7]
          for (j = 0; j < 4; j++) {
   8075c:	2a20      	cmp	r2, #32
               buffer[i * 4 + j] = xram[i * 4 + j + address] ^ ((rng_val >> (8 * j)) & 0xFF);
   8075e:	f80c eb01 	strb.w	lr, [ip], #1
          for (j = 0; j < 4; j++) {
   80762:	f101 0101 	add.w	r1, r1, #1
   80766:	d1ed      	bne.n	80744 <ctrl_testmem+0x74>
     for (i = 0; i < buflen / 4; i++) {
   80768:	9a00      	ldr	r2, [sp, #0]
   8076a:	3504      	adds	r5, #4
   8076c:	42aa      	cmp	r2, r5
   8076e:	4643      	mov	r3, r8
   80770:	f106 0604 	add.w	r6, r6, #4
   80774:	d00f      	beq.n	80796 <ctrl_testmem+0xc6>
   80776:	46d8      	mov	r8, fp
   80778:	46d3      	mov	fp, sl
   8077a:	e7d7      	b.n	8072c <ctrl_testmem+0x5c>
               state[i] = seed[i];
   8077c:	4913      	ldr	r1, [pc, #76]	; (807cc <ctrl_testmem+0xfc>)
   8077e:	4a11      	ldr	r2, [pc, #68]	; (807c4 <ctrl_testmem+0xf4>)
   80780:	6808      	ldr	r0, [r1, #0]
   80782:	2301      	movs	r3, #1
   80784:	6010      	str	r0, [r2, #0]
   80786:	6848      	ldr	r0, [r1, #4]
   80788:	4f0c      	ldr	r7, [pc, #48]	; (807bc <ctrl_testmem+0xec>)
   8078a:	6050      	str	r0, [r2, #4]
   8078c:	6888      	ldr	r0, [r1, #8]
   8078e:	68c9      	ldr	r1, [r1, #12]
   80790:	6090      	str	r0, [r2, #8]
   80792:	60d1      	str	r1, [r2, #12]
          done = 0;
   80794:	e7b7      	b.n	80706 <ctrl_testmem+0x36>
   80796:	4b0b      	ldr	r3, [pc, #44]	; (807c4 <ctrl_testmem+0xf4>)
   80798:	e9c3 b802 	strd	fp, r8, [r3, #8]
   8079c:	e9c3 4a00 	strd	r4, sl, [r3]
     ctrlmemread_size = 4;
   807a0:	2204      	movs	r2, #4
     ctrlmemread_buf = (uint8_t *) found_err;
   807a2:	490b      	ldr	r1, [pc, #44]	; (807d0 <ctrl_testmem+0x100>)
     ctrlmemread_size = 4;
   807a4:	4b0b      	ldr	r3, [pc, #44]	; (807d4 <ctrl_testmem+0x104>)
     ctrlmemread_buf = (uint8_t *) found_err;
   807a6:	600f      	str	r7, [r1, #0]
     ctrlmemread_size = 4;
   807a8:	601a      	str	r2, [r3, #0]
}
   807aa:	b003      	add	sp, #12
   807ac:	e8bd 8ff0 	ldmia.w	sp!, {r4, r5, r6, r7, r8, r9, sl, fp, pc}
   807b0:	200030d0 	.word	0x200030d0
   807b4:	200001c0 	.word	0x200001c0
   807b8:	00081695 	.word	0x00081695
   807bc:	200030ac 	.word	0x200030ac
   807c0:	20000300 	.word	0x20000300
   807c4:	200030c0 	.word	0x200030c0
   807c8:	20000d78 	.word	0x20000d78
   807cc:	200030b0 	.word	0x200030b0
   807d0:	200030a4 	.word	0x200030a4
   807d4:	200030a8 	.word	0x200030a8

000807d8 <ctrl_writemem_rng>:
{
   807d8:	e92d 47f0 	stmdb	sp!, {r4, r5, r6, r7, r8, r9, sl, lr}
     uint32_t buflen = *(CTRLBUFFER_WORDPTR);
   807dc:	4c21      	ldr	r4, [pc, #132]	; (80864 <ctrl_writemem_rng+0x8c>)
     LED_On(LED1_GPIO);
   807de:	2010      	movs	r0, #16
     uint32_t address = *(CTRLBUFFER_WORDPTR + 1);
   807e0:	6865      	ldr	r5, [r4, #4]
     LED_On(LED1_GPIO);
   807e2:	4b21      	ldr	r3, [pc, #132]	; (80868 <ctrl_writemem_rng+0x90>)
     uint32_t buflen = *(CTRLBUFFER_WORDPTR);
   807e4:	6826      	ldr	r6, [r4, #0]
     LED_On(LED1_GPIO);
   807e6:	4798      	blx	r3
     if (!address) {
   807e8:	b94d      	cbnz	r5, 807fe <ctrl_writemem_rng+0x26>
               state[i] = CTRLBUFFER_WORDPTR[i + 2];
   807ea:	f8df c080 	ldr.w	ip, [pc, #128]	; 8086c <ctrl_writemem_rng+0x94>
               seed[i] = state[i];
   807ee:	4f20      	ldr	r7, [pc, #128]	; (80870 <ctrl_writemem_rng+0x98>)
               state[i] = CTRLBUFFER_WORDPTR[i + 2];
   807f0:	3408      	adds	r4, #8
   807f2:	e894 000f 	ldmia.w	r4, {r0, r1, r2, r3}
   807f6:	e88c 000f 	stmia.w	ip, {r0, r1, r2, r3}
               seed[i] = state[i];
   807fa:	e887 000f 	stmia.w	r7, {r0, r1, r2, r3}
     for (i = 0; i < num_rng; i++) {
   807fe:	08b6      	lsrs	r6, r6, #2
   80800:	d02e      	beq.n	80860 <ctrl_writemem_rng+0x88>
   80802:	f04f 0c00 	mov.w	ip, #0
   80806:	f8df 9064 	ldr.w	r9, [pc, #100]	; 8086c <ctrl_writemem_rng+0x94>
   8080a:	4c1a      	ldr	r4, [pc, #104]	; (80874 <ctrl_writemem_rng+0x9c>)
   8080c:	ea4f 0886 	mov.w	r8, r6, lsl #2
   80810:	e9d9 0e00 	ldrd	r0, lr, [r9]
   80814:	e9d9 6202 	ldrd	r6, r2, [r9, #8]
     t ^= s >> 19;
   80818:	2300      	movs	r3, #0
     t ^= t << 11;
   8081a:	ea82 22c2 	eor.w	r2, r2, r2, lsl #11
     t ^= s >> 19;
   8081e:	ea82 4ad0 	eor.w	sl, r2, r0, lsr #19
   80822:	ea8a 0a00 	eor.w	sl, sl, r0
   80826:	4607      	mov	r7, r0
   80828:	eb0c 0105 	add.w	r1, ip, r5
   8082c:	ea8a 2012 	eor.w	r0, sl, r2, lsr #8
               xram[i * 4 + j + address] = (rng_val >> (8 * j)) & 0xFF;
   80830:	fa20 f203 	lsr.w	r2, r0, r3
   80834:	f8d4 a000 	ldr.w	sl, [r4]
          for (j = 0; j < 4; j++) {
   80838:	3308      	adds	r3, #8
               xram[i * 4 + j + address] = (rng_val >> (8 * j)) & 0xFF;
   8083a:	b2d2      	uxtb	r2, r2
          for (j = 0; j < 4; j++) {
   8083c:	2b20      	cmp	r3, #32
               xram[i * 4 + j + address] = (rng_val >> (8 * j)) & 0xFF;
   8083e:	f80a 2001 	strb.w	r2, [sl, r1]
          for (j = 0; j < 4; j++) {
   80842:	f101 0101 	add.w	r1, r1, #1
   80846:	d1f3      	bne.n	80830 <ctrl_writemem_rng+0x58>
     for (i = 0; i < num_rng; i++) {
   80848:	f10c 0c04 	add.w	ip, ip, #4
   8084c:	45c4      	cmp	ip, r8
   8084e:	4632      	mov	r2, r6
   80850:	d002      	beq.n	80858 <ctrl_writemem_rng+0x80>
   80852:	4676      	mov	r6, lr
   80854:	46be      	mov	lr, r7
   80856:	e7df      	b.n	80818 <ctrl_writemem_rng+0x40>
   80858:	e9c9 e602 	strd	lr, r6, [r9, #8]
   8085c:	e9c9 0700 	strd	r0, r7, [r9]
}
   80860:	e8bd 87f0 	ldmia.w	sp!, {r4, r5, r6, r7, r8, r9, sl, pc}
   80864:	200030d0 	.word	0x200030d0
   80868:	00081695 	.word	0x00081695
   8086c:	200030c0 	.word	0x200030c0
   80870:	200030b0 	.word	0x200030b0
   80874:	20000300 	.word	0x20000300

00080878 <ballistic_setup_out_received>:
{
   80878:	b508      	push	{r3, lr}
     switch (udd_g_ctrlreq.req.bRequest) {
   8087a:	4a15      	ldr	r2, [pc, #84]	; (808d0 <ballistic_setup_out_received+0x58>)
   8087c:	7853      	ldrb	r3, [r2, #1]
   8087e:	3b10      	subs	r3, #16
   80880:	2b08      	cmp	r3, #8
   80882:	d80a      	bhi.n	8089a <ballistic_setup_out_received+0x22>
   80884:	e8df f003 	tbb	[pc, r3]
   80888:	17130f0b 	.word	0x17130f0b
   8088c:	09091f1b 	.word	0x09091f1b
   80890:	05          	.byte	0x05
   80891:	00          	.byte	0x00
          udd_g_ctrlreq.callback = ctrl_readmem_rng_bulk;
   80892:	4b10      	ldr	r3, [pc, #64]	; (808d4 <ballistic_setup_out_received+0x5c>)
          return true;
   80894:	2001      	movs	r0, #1
          udd_g_ctrlreq.callback = ctrl_readmem_rng_bulk;
   80896:	6113      	str	r3, [r2, #16]
}
   80898:	bd08      	pop	{r3, pc}
     switch (udd_g_ctrlreq.req.bRequest) {
   8089a:	2000      	movs	r0, #0
}
   8089c:	bd08      	pop	{r3, pc}
          udd_g_ctrlreq.callback = ctrl_readmem_bulk;
   8089e:	4b0e      	ldr	r3, [pc, #56]	; (808d8 <ballistic_setup_out_received+0x60>)
          return true;
   808a0:	2001      	movs	r0, #1
          udd_g_ctrlreq.callback = ctrl_readmem_bulk;
   808a2:	6113      	str	r3, [r2, #16]
}
   808a4:	bd08      	pop	{r3, pc}
          udd_g_ctrlreq.callback = ctrl_writemem_bulk;
   808a6:	4b0d      	ldr	r3, [pc, #52]	; (808dc <ballistic_setup_out_received+0x64>)
          return true;
   808a8:	2001      	movs	r0, #1
          udd_g_ctrlreq.callback = ctrl_writemem_bulk;
   808aa:	6113      	str	r3, [r2, #16]
}
   808ac:	bd08      	pop	{r3, pc}
          udd_g_ctrlreq.callback = ctrl_readmem_ctrl;
   808ae:	4b0c      	ldr	r3, [pc, #48]	; (808e0 <ballistic_setup_out_received+0x68>)
          return true;
   808b0:	2001      	movs	r0, #1
          udd_g_ctrlreq.callback = ctrl_readmem_ctrl;
   808b2:	6113      	str	r3, [r2, #16]
}
   808b4:	bd08      	pop	{r3, pc}
          udd_g_ctrlreq.callback = ctrl_writemem_ctrl;
   808b6:	4b0b      	ldr	r3, [pc, #44]	; (808e4 <ballistic_setup_out_received+0x6c>)
          return true;
   808b8:	2001      	movs	r0, #1
          udd_g_ctrlreq.callback = ctrl_writemem_ctrl;
   808ba:	6113      	str	r3, [r2, #16]
}
   808bc:	bd08      	pop	{r3, pc}
          ctrl_writemem_rng();
   808be:	4b0a      	ldr	r3, [pc, #40]	; (808e8 <ballistic_setup_out_received+0x70>)
   808c0:	4798      	blx	r3
          return true;
   808c2:	2001      	movs	r0, #1
}
   808c4:	bd08      	pop	{r3, pc}
          udd_g_ctrlreq.callback = ctrl_testmem;
   808c6:	4b09      	ldr	r3, [pc, #36]	; (808ec <ballistic_setup_out_received+0x74>)
          return true;
   808c8:	2001      	movs	r0, #1
          udd_g_ctrlreq.callback = ctrl_testmem;
   808ca:	6113      	str	r3, [r2, #16]
}
   808cc:	bd08      	pop	{r3, pc}
   808ce:	bf00      	nop
   808d0:	200036b0 	.word	0x200036b0
   808d4:	000805c9 	.word	0x000805c9
   808d8:	00080591 	.word	0x00080591
   808dc:	00080565 	.word	0x00080565
   808e0:	000804dd 	.word	0x000804dd
   808e4:	00080515 	.word	0x00080515
   808e8:	000807d9 	.word	0x000807d9
   808ec:	000806d1 	.word	0x000806d1

000808f0 <ballistic_register_handlers>:

void ballistic_register_handlers(void)
{
   808f0:	b510      	push	{r4, lr}
     naeusb_add_in_handler(ballistic_setup_in_received);
   808f2:	4b04      	ldr	r3, [pc, #16]	; (80904 <ballistic_register_handlers+0x14>)
   808f4:	4804      	ldr	r0, [pc, #16]	; (80908 <ballistic_register_handlers+0x18>)
   808f6:	4798      	blx	r3
     naeusb_add_out_handler(ballistic_setup_out_received);
   808f8:	e8bd 4010 	ldmia.w	sp!, {r4, lr}
     naeusb_add_out_handler(ballistic_setup_out_received);
   808fc:	4803      	ldr	r0, [pc, #12]	; (8090c <ballistic_register_handlers+0x1c>)
   808fe:	4b04      	ldr	r3, [pc, #16]	; (80910 <ballistic_register_handlers+0x20>)
   80900:	4718      	bx	r3
   80902:	bf00      	nop
   80904:	00080915 	.word	0x00080915
   80908:	00080661 	.word	0x00080661
   8090c:	00080879 	.word	0x00080879
   80910:	0008093d 	.word	0x0008093d

00080914 <naeusb_add_in_handler>:
    return main_b_vendor_enable;
}

bool naeusb_add_in_handler(usb_request_handle_func new_handler)
{
    if (naeusb_num_in_handlers < 16) {
   80914:	4907      	ldr	r1, [pc, #28]	; (80934 <naeusb_add_in_handler+0x20>)
   80916:	780a      	ldrb	r2, [r1, #0]
   80918:	2a0f      	cmp	r2, #15
   8091a:	d901      	bls.n	80920 <naeusb_add_in_handler+0xc>
        naeusb_in_request_handlers[naeusb_num_in_handlers++] = new_handler;
        return true;
    }
    return false;
   8091c:	2000      	movs	r0, #0
    
}
   8091e:	4770      	bx	lr
   80920:	4603      	mov	r3, r0
{
   80922:	b410      	push	{r4}
        naeusb_in_request_handlers[naeusb_num_in_handlers++] = new_handler;
   80924:	1c50      	adds	r0, r2, #1
   80926:	4c04      	ldr	r4, [pc, #16]	; (80938 <naeusb_add_in_handler+0x24>)
   80928:	7008      	strb	r0, [r1, #0]
   8092a:	f844 3022 	str.w	r3, [r4, r2, lsl #2]
        return true;
   8092e:	2001      	movs	r0, #1
}
   80930:	bc10      	pop	{r4}
   80932:	4770      	bx	lr
   80934:	20003550 	.word	0x20003550
   80938:	20003510 	.word	0x20003510

0008093c <naeusb_add_out_handler>:

bool naeusb_add_out_handler(usb_request_handle_func new_handler)
{
    if (naeusb_num_out_handlers < 16) {
   8093c:	4907      	ldr	r1, [pc, #28]	; (8095c <naeusb_add_out_handler+0x20>)
   8093e:	780a      	ldrb	r2, [r1, #0]
   80940:	2a0f      	cmp	r2, #15
   80942:	d901      	bls.n	80948 <naeusb_add_out_handler+0xc>
        naeusb_out_request_handlers[naeusb_num_out_handlers++] = new_handler;
        return true;
    }
    return false;
   80944:	2000      	movs	r0, #0
    
}
   80946:	4770      	bx	lr
   80948:	4603      	mov	r3, r0
{
   8094a:	b410      	push	{r4}
        naeusb_out_request_handlers[naeusb_num_out_handlers++] = new_handler;
   8094c:	1c50      	adds	r0, r2, #1
   8094e:	4c04      	ldr	r4, [pc, #16]	; (80960 <naeusb_add_out_handler+0x24>)
   80950:	7008      	strb	r0, [r1, #0]
   80952:	f844 3022 	str.w	r3, [r4, r2, lsl #2]
        return true;
   80956:	2001      	movs	r0, #1
}
   80958:	bc10      	pop	{r4}
   8095a:	4770      	bx	lr
   8095c:	20003551 	.word	0x20003551
   80960:	20003554 	.word	0x20003554

00080964 <main_suspend_action>:

//this stuff just turns leds on and off
void main_suspend_action(void)
{
	active = false;
	ui_powerdown();
   80964:	4b00      	ldr	r3, [pc, #0]	; (80968 <main_suspend_action+0x4>)
   80966:	4718      	bx	r3
   80968:	00081445 	.word	0x00081445

0008096c <main_resume_action>:
}

void main_resume_action(void)
{
    ui_wakeup();
   8096c:	4b00      	ldr	r3, [pc, #0]	; (80970 <main_resume_action+0x4>)
   8096e:	4718      	bx	r3
   80970:	00081469 	.word	0x00081469

00080974 <main_sof_action>:
}

void main_sof_action(void)
{
    if (!main_b_vendor_enable)
   80974:	4b05      	ldr	r3, [pc, #20]	; (8098c <main_sof_action+0x18>)
   80976:	781b      	ldrb	r3, [r3, #0]
   80978:	b903      	cbnz	r3, 8097c <main_sof_action+0x8>
   8097a:	4770      	bx	lr
{
   8097c:	b510      	push	{r4, lr}
        return;
    ui_process(udd_get_frame_number());
   8097e:	4b04      	ldr	r3, [pc, #16]	; (80990 <main_sof_action+0x1c>)
   80980:	4798      	blx	r3
}
   80982:	e8bd 4010 	ldmia.w	sp!, {r4, lr}
    ui_process(udd_get_frame_number());
   80986:	4b03      	ldr	r3, [pc, #12]	; (80994 <main_sof_action+0x20>)
   80988:	4718      	bx	r3
   8098a:	bf00      	nop
   8098c:	200001c4 	.word	0x200001c4
   80990:	00082cb9 	.word	0x00082cb9
   80994:	00081485 	.word	0x00081485

00080998 <main_vendor_enable>:

void main_vendor_bulk_out_received(udd_ep_status_t status,
                                   iram_size_t nb_transfered, udd_ep_id_t ep);

bool main_vendor_enable(void)
{
   80998:	b538      	push	{r3, r4, r5, lr}
    active = true;
    main_b_vendor_enable = true;
   8099a:	2401      	movs	r4, #1
   8099c:	4d04      	ldr	r5, [pc, #16]	; (809b0 <main_vendor_enable+0x18>)
    // Start data reception on OUT endpoints
// #if UDI_VENDOR_EPS_SIZE_BULK_FS
//     //main_vendor_bulk_in_received(UDD_EP_TRANSFER_OK, 0, 0);
    udi_vendor_bulk_out_run(
   8099e:	f44f 6180 	mov.w	r1, #1024	; 0x400
   809a2:	4a04      	ldr	r2, [pc, #16]	; (809b4 <main_vendor_enable+0x1c>)
   809a4:	4b04      	ldr	r3, [pc, #16]	; (809b8 <main_vendor_enable+0x20>)
   809a6:	4805      	ldr	r0, [pc, #20]	; (809bc <main_vendor_enable+0x24>)
    main_b_vendor_enable = true;
   809a8:	702c      	strb	r4, [r5, #0]
    udi_vendor_bulk_out_run(
   809aa:	4798      	blx	r3
        main_buf_loopback,
        sizeof(main_buf_loopback),
        main_vendor_bulk_out_received);
// #endif
    return true;
}
   809ac:	4620      	mov	r0, r4
   809ae:	bd38      	pop	{r3, r4, r5, pc}
   809b0:	200001c4 	.word	0x200001c4
   809b4:	00080601 	.word	0x00080601
   809b8:	00081f25 	.word	0x00081f25
   809bc:	20003110 	.word	0x20003110

000809c0 <main_vendor_disable>:

void main_vendor_disable(void)
{
    main_b_vendor_enable = false;
   809c0:	2200      	movs	r2, #0
   809c2:	4b01      	ldr	r3, [pc, #4]	; (809c8 <main_vendor_disable+0x8>)
   809c4:	701a      	strb	r2, [r3, #0]
}
   809c6:	4770      	bx	lr
   809c8:	200001c4 	.word	0x200001c4

000809cc <main_setup_out_received>:

bool main_setup_out_received(void)
{
   809cc:	b538      	push	{r3, r4, r5, lr}
    bool handler_status = false;
    udd_g_ctrlreq.payload = ctrlbuffer;
   809ce:	4b0f      	ldr	r3, [pc, #60]	; (80a0c <main_setup_out_received+0x40>)
    udd_g_ctrlreq.payload_size = min(udd_g_ctrlreq.req.wLength,	sizeof(ctrlbuffer));

    for (uint8_t i = naeusb_num_out_handlers; i > 0; i--) {
   809d0:	4a0f      	ldr	r2, [pc, #60]	; (80a10 <main_setup_out_received+0x44>)
    udd_g_ctrlreq.payload_size = min(udd_g_ctrlreq.req.wLength,	sizeof(ctrlbuffer));
   809d2:	88d9      	ldrh	r1, [r3, #6]
    udd_g_ctrlreq.payload = ctrlbuffer;
   809d4:	480f      	ldr	r0, [pc, #60]	; (80a14 <main_setup_out_received+0x48>)
    udd_g_ctrlreq.payload_size = min(udd_g_ctrlreq.req.wLength,	sizeof(ctrlbuffer));
   809d6:	2940      	cmp	r1, #64	; 0x40
   809d8:	bf28      	it	cs
   809da:	2140      	movcs	r1, #64	; 0x40
    for (uint8_t i = naeusb_num_out_handlers; i > 0; i--) {
   809dc:	7812      	ldrb	r2, [r2, #0]
    udd_g_ctrlreq.payload = ctrlbuffer;
   809de:	6098      	str	r0, [r3, #8]
    udd_g_ctrlreq.payload_size = min(udd_g_ctrlreq.req.wLength,	sizeof(ctrlbuffer));
   809e0:	8199      	strh	r1, [r3, #12]
    for (uint8_t i = naeusb_num_out_handlers; i > 0; i--) {
   809e2:	b18a      	cbz	r2, 80a08 <main_setup_out_received+0x3c>
   809e4:	4c0c      	ldr	r4, [pc, #48]	; (80a18 <main_setup_out_received+0x4c>)
   809e6:	1e55      	subs	r5, r2, #1
   809e8:	b2ed      	uxtb	r5, r5
   809ea:	1b53      	subs	r3, r2, r5
   809ec:	1f25      	subs	r5, r4, #4
   809ee:	eb05 0583 	add.w	r5, r5, r3, lsl #2
   809f2:	eb04 0482 	add.w	r4, r4, r2, lsl #2
   809f6:	e001      	b.n	809fc <main_setup_out_received+0x30>
   809f8:	42ac      	cmp	r4, r5
   809fa:	d005      	beq.n	80a08 <main_setup_out_received+0x3c>
        handler_status = naeusb_out_request_handlers[i-1]();
   809fc:	f854 3d04 	ldr.w	r3, [r4, #-4]!
   80a00:	4798      	blx	r3
        if (handler_status == true) {
   80a02:	2800      	cmp	r0, #0
   80a04:	d0f8      	beq.n	809f8 <main_setup_out_received+0x2c>
        }
    }

    return false;

}
   80a06:	bd38      	pop	{r3, r4, r5, pc}
    return false;
   80a08:	2000      	movs	r0, #0
}
   80a0a:	bd38      	pop	{r3, r4, r5, pc}
   80a0c:	200036b0 	.word	0x200036b0
   80a10:	20003551 	.word	0x20003551
   80a14:	200030d0 	.word	0x200030d0
   80a18:	20003554 	.word	0x20003554

00080a1c <main_setup_in_received>:

bool main_setup_in_received(void)
{
   80a1c:	b538      	push	{r3, r4, r5, lr}
    bool handler_status = false;

    for (uint8_t i = naeusb_num_in_handlers; i > 0; i--) {
   80a1e:	4b0b      	ldr	r3, [pc, #44]	; (80a4c <main_setup_in_received+0x30>)
   80a20:	781a      	ldrb	r2, [r3, #0]
   80a22:	b18a      	cbz	r2, 80a48 <main_setup_in_received+0x2c>
   80a24:	4c0a      	ldr	r4, [pc, #40]	; (80a50 <main_setup_in_received+0x34>)
   80a26:	1e55      	subs	r5, r2, #1
   80a28:	b2ed      	uxtb	r5, r5
   80a2a:	1b53      	subs	r3, r2, r5
   80a2c:	1f25      	subs	r5, r4, #4
   80a2e:	eb05 0583 	add.w	r5, r5, r3, lsl #2
   80a32:	eb04 0482 	add.w	r4, r4, r2, lsl #2
   80a36:	e001      	b.n	80a3c <main_setup_in_received+0x20>
   80a38:	42ac      	cmp	r4, r5
   80a3a:	d005      	beq.n	80a48 <main_setup_in_received+0x2c>
        handler_status = naeusb_in_request_handlers[i-1]();
   80a3c:	f854 3d04 	ldr.w	r3, [r4, #-4]!
   80a40:	4798      	blx	r3
        if (handler_status == true) {
   80a42:	2800      	cmp	r0, #0
   80a44:	d0f8      	beq.n	80a38 <main_setup_in_received+0x1c>
        }
    }

    return false;

   80a46:	bd38      	pop	{r3, r4, r5, pc}
    return false;
   80a48:	2000      	movs	r0, #0
   80a4a:	bd38      	pop	{r3, r4, r5, pc}
   80a4c:	20003550 	.word	0x20003550
   80a50:	20003510 	.word	0x20003510

00080a54 <naeusb_setup_out_received>:
}


bool naeusb_setup_out_received(void)
{
    switch (udd_g_ctrlreq.req.bRequest) {
   80a54:	4b04      	ldr	r3, [pc, #16]	; (80a68 <naeusb_setup_out_received+0x14>)
   80a56:	785a      	ldrb	r2, [r3, #1]
   80a58:	2a22      	cmp	r2, #34	; 0x22
        case REQ_SAM_CFG:
            udd_g_ctrlreq.callback = naeusb_sam_cfg_out;
   80a5a:	bf03      	ittte	eq
   80a5c:	4a03      	ldreq	r2, [pc, #12]	; (80a6c <naeusb_setup_out_received+0x18>)
            return true;
   80a5e:	2001      	moveq	r0, #1
            udd_g_ctrlreq.callback = naeusb_sam_cfg_out;
   80a60:	611a      	streq	r2, [r3, #16]
            break;
    }
    return false;
   80a62:	2000      	movne	r0, #0
}
   80a64:	4770      	bx	lr
   80a66:	bf00      	nop
   80a68:	200036b0 	.word	0x200036b0
   80a6c:	00080a71 	.word	0x00080a71

00080a70 <naeusb_sam_cfg_out>:
{
   80a70:	b510      	push	{r4, lr}
    switch(udd_g_ctrlreq.req.wValue & 0xFF)
   80a72:	4b22      	ldr	r3, [pc, #136]	; (80afc <naeusb_sam_cfg_out+0x8c>)
   80a74:	789b      	ldrb	r3, [r3, #2]
   80a76:	3b01      	subs	r3, #1
   80a78:	2b10      	cmp	r3, #16
   80a7a:	d80a      	bhi.n	80a92 <naeusb_sam_cfg_out+0x22>
   80a7c:	e8df f003 	tbb	[pc, r3]
   80a80:	091b160a 	.word	0x091b160a
   80a84:	09090909 	.word	0x09090909
   80a88:	09090909 	.word	0x09090909
   80a8c:	2d090909 	.word	0x2d090909
   80a90:	3a          	.byte	0x3a
   80a91:	00          	.byte	0x00
}
   80a92:	bd10      	pop	{r4, pc}
		pmc_osc_enable_fastrc(CKGR_MOR_MOSCRCF_12_MHz);
		break;


	case OSC_MAINCK_XTAL:
		pmc_osc_enable_main_xtal(pmc_us_to_moscxtst(
   80a94:	203e      	movs	r0, #62	; 0x3e
   80a96:	4b1a      	ldr	r3, [pc, #104]	; (80b00 <naeusb_sam_cfg_out+0x90>)
   80a98:	4798      	blx	r3
				BOARD_OSC_STARTUP_US, OSC_SLCK_32K_RC_HZ));
		break;
   80a9a:	4c1a      	ldr	r4, [pc, #104]	; (80b04 <naeusb_sam_cfg_out+0x94>)
	case OSC_MAINCK_12M_RC:
		return pmc_osc_is_ready_fastrc();

	case OSC_MAINCK_XTAL:
	case OSC_MAINCK_BYPASS:
		return pmc_osc_is_ready_main_xtal();
   80a9c:	47a0      	blx	r4
 *
 * \param id A number identifying the oscillator to wait for.
 */
static inline void osc_wait_ready(uint8_t id)
{
	while (!osc_is_ready(id)) {
   80a9e:	2800      	cmp	r0, #0
   80aa0:	d0fc      	beq.n	80a9c <naeusb_sam_cfg_out+0x2c>
   80aa2:	e8bd 4010 	ldmia.w	sp!, {r4, lr}
        pmc_switch_mck_to_mainck(CONFIG_SYSCLK_PRES);
   80aa6:	2010      	movs	r0, #16
   80aa8:	4b17      	ldr	r3, [pc, #92]	; (80b08 <naeusb_sam_cfg_out+0x98>)
   80aaa:	4718      	bx	r3
        pmc_switch_mck_to_pllack(CONFIG_SYSCLK_PRES);
   80aac:	2010      	movs	r0, #16
}
   80aae:	e8bd 4010 	ldmia.w	sp!, {r4, lr}
        pmc_switch_mck_to_pllack(CONFIG_SYSCLK_PRES);
   80ab2:	4b16      	ldr	r3, [pc, #88]	; (80b0c <naeusb_sam_cfg_out+0x9c>)
   80ab4:	4718      	bx	r3
        efc_perform_command(EFC0, EFC_FCMD_CGPB, 1);
   80ab6:	2201      	movs	r2, #1
   80ab8:	210c      	movs	r1, #12
   80aba:	4b15      	ldr	r3, [pc, #84]	; (80b10 <naeusb_sam_cfg_out+0xa0>)
   80abc:	4815      	ldr	r0, [pc, #84]	; (80b14 <naeusb_sam_cfg_out+0xa4>)
   80abe:	4798      	blx	r3
 *
 * The driver must remove pull-up on USB line D- or D+.
 */
static inline void udc_detach(void)
{
	udd_detach();
   80ac0:	4b15      	ldr	r3, [pc, #84]	; (80b18 <naeusb_sam_cfg_out+0xa8>)
   80ac2:	4798      	blx	r3
        while (RSTC->RSTC_SR & RSTC_SR_SRCMP);
   80ac4:	4a15      	ldr	r2, [pc, #84]	; (80b1c <naeusb_sam_cfg_out+0xac>)
   80ac6:	6853      	ldr	r3, [r2, #4]
   80ac8:	0399      	lsls	r1, r3, #14
   80aca:	d4fc      	bmi.n	80ac6 <naeusb_sam_cfg_out+0x56>
		RSTC->RSTC_CR |= RSTC_CR_KEY_PASSWD | RSTC_CR_PERRST | RSTC_CR_PROCRST;
   80acc:	6813      	ldr	r3, [r2, #0]
   80ace:	f043 4325 	orr.w	r3, r3, #2768240640	; 0xa5000000
   80ad2:	f043 0305 	orr.w	r3, r3, #5
   80ad6:	6013      	str	r3, [r2, #0]
        while(1);
   80ad8:	e7fe      	b.n	80ad8 <naeusb_sam_cfg_out+0x68>
   80ada:	4b0f      	ldr	r3, [pc, #60]	; (80b18 <naeusb_sam_cfg_out+0xa8>)
   80adc:	4798      	blx	r3
        while (RSTC->RSTC_SR & RSTC_SR_SRCMP);
   80ade:	4a0f      	ldr	r2, [pc, #60]	; (80b1c <naeusb_sam_cfg_out+0xac>)
   80ae0:	6853      	ldr	r3, [r2, #4]
   80ae2:	039b      	lsls	r3, r3, #14
   80ae4:	d4fc      	bmi.n	80ae0 <naeusb_sam_cfg_out+0x70>
        RSTC->RSTC_CR |= RSTC_CR_KEY_PASSWD | RSTC_CR_PERRST | RSTC_CR_PROCRST;
   80ae6:	6813      	ldr	r3, [r2, #0]
   80ae8:	f043 4325 	orr.w	r3, r3, #2768240640	; 0xa5000000
   80aec:	f043 0305 	orr.w	r3, r3, #5
   80af0:	6013      	str	r3, [r2, #0]
        while(1);
   80af2:	e7fe      	b.n	80af2 <naeusb_sam_cfg_out+0x82>
        FPGA_releaselock();
   80af4:	4b0a      	ldr	r3, [pc, #40]	; (80b20 <naeusb_sam_cfg_out+0xb0>)
}
   80af6:	e8bd 4010 	ldmia.w	sp!, {r4, lr}
        FPGA_releaselock();
   80afa:	4718      	bx	r3
   80afc:	200036b0 	.word	0x200036b0
   80b00:	00081a19 	.word	0x00081a19
   80b04:	00081a3d 	.word	0x00081a3d
   80b08:	00081961 	.word	0x00081961
   80b0c:	000819bd 	.word	0x000819bd
   80b10:	00081545 	.word	0x00081545
   80b14:	400e0800 	.word	0x400e0800
   80b18:	00082bfd 	.word	0x00082bfd
   80b1c:	400e1200 	.word	0x400e1200
   80b20:	00081411 	.word	0x00081411

00080b24 <naeusb_setup_in_received>:

bool naeusb_setup_in_received(void)
{
   80b24:	b538      	push	{r3, r4, r5, lr}
    switch (udd_g_ctrlreq.req.bRequest) {
   80b26:	4c15      	ldr	r4, [pc, #84]	; (80b7c <naeusb_setup_in_received+0x58>)
   80b28:	7863      	ldrb	r3, [r4, #1]
   80b2a:	2b17      	cmp	r3, #23
   80b2c:	d01b      	beq.n	80b66 <naeusb_setup_in_received+0x42>
   80b2e:	2b40      	cmp	r3, #64	; 0x40
   80b30:	d117      	bne.n	80b62 <naeusb_setup_in_received+0x3e>
    respbuf[sizeof(BUILD_TIME) - 1] = ' ';
   80b32:	f04f 0c20 	mov.w	ip, #32
    strncpy(respbuf, BUILD_TIME, 64);
   80b36:	4d12      	ldr	r5, [pc, #72]	; (80b80 <naeusb_setup_in_received+0x5c>)
   80b38:	4b12      	ldr	r3, [pc, #72]	; (80b84 <naeusb_setup_in_received+0x60>)
    strncpy(respbuf + sizeof(BUILD_TIME), BUILD_DATE, 64 - sizeof(BUILD_TIME));
   80b3a:	2237      	movs	r2, #55	; 0x37
    strncpy(respbuf, BUILD_TIME, 64);
   80b3c:	e893 0003 	ldmia.w	r3, {r0, r1}
    respbuf[sizeof(BUILD_TIME) - 1] = ' ';
   80b40:	f885 c008 	strb.w	ip, [r5, #8]
    strncpy(respbuf, BUILD_TIME, 64);
   80b44:	e885 0003 	stmia.w	r5, {r0, r1}
    strncpy(respbuf + sizeof(BUILD_TIME), BUILD_DATE, 64 - sizeof(BUILD_TIME));
   80b48:	4b0f      	ldr	r3, [pc, #60]	; (80b88 <naeusb_setup_in_received+0x64>)
   80b4a:	4910      	ldr	r1, [pc, #64]	; (80b8c <naeusb_setup_in_received+0x68>)
   80b4c:	f105 0009 	add.w	r0, r5, #9
   80b50:	4798      	blx	r3
    udd_g_ctrlreq.payload_size = strlen(respbuf);
   80b52:	4628      	mov	r0, r5
   80b54:	4b0e      	ldr	r3, [pc, #56]	; (80b90 <naeusb_setup_in_received+0x6c>)
    udd_g_ctrlreq.payload = respbuf;
   80b56:	60a5      	str	r5, [r4, #8]
    udd_g_ctrlreq.payload_size = strlen(respbuf);
   80b58:	4798      	blx	r3
   80b5a:	4603      	mov	r3, r0
        case REQ_FW_VERSION:
            return naeusb_fw_version_in();
            break;
        case REQ_BUILD_DATE:
            return naeusb_build_date_in();
   80b5c:	2001      	movs	r0, #1
    udd_g_ctrlreq.payload_size = strlen(respbuf);
   80b5e:	81a3      	strh	r3, [r4, #12]
            break;
    }
    return false;
}
   80b60:	bd38      	pop	{r3, r4, r5, pc}
    switch (udd_g_ctrlreq.req.bRequest) {
   80b62:	2000      	movs	r0, #0
}
   80b64:	bd38      	pop	{r3, r4, r5, pc}
    respbuf[0] = FW_VER_MAJOR;
   80b66:	f240 1501 	movw	r5, #257	; 0x101
    respbuf[2] = FW_VER_DEBUG;
   80b6a:	2100      	movs	r1, #0
    udd_g_ctrlreq.payload_size = 3;
   80b6c:	2203      	movs	r2, #3
    respbuf[0] = FW_VER_MAJOR;
   80b6e:	4b04      	ldr	r3, [pc, #16]	; (80b80 <naeusb_setup_in_received+0x5c>)
    udd_g_ctrlreq.payload_size = 3;
   80b70:	2001      	movs	r0, #1
    respbuf[0] = FW_VER_MAJOR;
   80b72:	801d      	strh	r5, [r3, #0]
    respbuf[2] = FW_VER_DEBUG;
   80b74:	7099      	strb	r1, [r3, #2]
    udd_g_ctrlreq.payload = respbuf;
   80b76:	60a3      	str	r3, [r4, #8]
    udd_g_ctrlreq.payload_size = 3;
   80b78:	81a2      	strh	r2, [r4, #12]
}
   80b7a:	bd38      	pop	{r3, r4, r5, pc}
   80b7c:	200036b0 	.word	0x200036b0
   80b80:	20003594 	.word	0x20003594
   80b84:	0008af50 	.word	0x0008af50
   80b88:	00083869 	.word	0x00083869
   80b8c:	0008af44 	.word	0x0008af44
   80b90:	0008380d 	.word	0x0008380d

00080b94 <naeusb_register_handlers>:

void naeusb_register_handlers(void)
{
   80b94:	b510      	push	{r4, lr}
    naeusb_add_in_handler(naeusb_setup_in_received);
   80b96:	4b04      	ldr	r3, [pc, #16]	; (80ba8 <naeusb_register_handlers+0x14>)
   80b98:	4804      	ldr	r0, [pc, #16]	; (80bac <naeusb_register_handlers+0x18>)
   80b9a:	4798      	blx	r3
    naeusb_add_out_handler(naeusb_setup_out_received);
   80b9c:	e8bd 4010 	ldmia.w	sp!, {r4, lr}
    naeusb_add_out_handler(naeusb_setup_out_received);
   80ba0:	4803      	ldr	r0, [pc, #12]	; (80bb0 <naeusb_register_handlers+0x1c>)
   80ba2:	4b04      	ldr	r3, [pc, #16]	; (80bb4 <naeusb_register_handlers+0x20>)
   80ba4:	4718      	bx	r3
   80ba6:	bf00      	nop
   80ba8:	00080915 	.word	0x00080915
   80bac:	00080b25 	.word	0x00080b25
   80bb0:	00080a55 	.word	0x00080a55
   80bb4:	0008093d 	.word	0x0008093d

00080bb8 <udc_valid_address>:
 * \brief Change the address of device
 * Callback called at the end of request set address
 */
static void udc_valid_address(void)
{
	udd_set_address(udd_g_ctrlreq.req.wValue & 0x7F);
   80bb8:	4a02      	ldr	r2, [pc, #8]	; (80bc4 <udc_valid_address+0xc>)
   80bba:	4b03      	ldr	r3, [pc, #12]	; (80bc8 <udc_valid_address+0x10>)
   80bbc:	8850      	ldrh	r0, [r2, #2]
   80bbe:	f000 007f 	and.w	r0, r0, #127	; 0x7f
   80bc2:	4718      	bx	r3
   80bc4:	200036b0 	.word	0x200036b0
   80bc8:	00082c81 	.word	0x00082c81

00080bcc <udc_update_iface_desc.part.0>:
	if (iface_num >= udc_ptr_conf->desc->bNumInterfaces) {
   80bcc:	4b15      	ldr	r3, [pc, #84]	; (80c24 <udc_update_iface_desc.part.0+0x58>)
   80bce:	681b      	ldr	r3, [r3, #0]
   80bd0:	681b      	ldr	r3, [r3, #0]
   80bd2:	791a      	ldrb	r2, [r3, #4]
   80bd4:	4282      	cmp	r2, r0
   80bd6:	d922      	bls.n	80c1e <udc_update_iface_desc.part.0+0x52>
static bool udc_update_iface_desc(uint8_t iface_num, uint8_t setting_num)
   80bd8:	b430      	push	{r4, r5}
	udc_ptr_iface = (UDC_DESC_STORAGE usb_iface_desc_t *)
   80bda:	4c13      	ldr	r4, [pc, #76]	; (80c28 <udc_update_iface_desc.part.0+0x5c>)
   80bdc:	6023      	str	r3, [r4, #0]
			le16_to_cpu(udc_ptr_conf->desc->wTotalLength));
   80bde:	f8b3 c002 	ldrh.w	ip, [r3, #2]
	return (UDC_DESC_STORAGE usb_conf_desc_t *) ((uint8_t *)
   80be2:	449c      	add	ip, r3
	while (ptr_end_desc >
   80be4:	4563      	cmp	r3, ip
   80be6:	d217      	bcs.n	80c18 <udc_update_iface_desc.part.0+0x4c>
   80be8:	2500      	movs	r5, #0
   80bea:	e004      	b.n	80bf6 <udc_update_iface_desc.part.0+0x2a>
				udc_ptr_iface->bLength);
   80bec:	781a      	ldrb	r2, [r3, #0]
   80bee:	2501      	movs	r5, #1
		udc_ptr_iface = (UDC_DESC_STORAGE usb_iface_desc_t *) (
   80bf0:	4413      	add	r3, r2
	while (ptr_end_desc >
   80bf2:	459c      	cmp	ip, r3
   80bf4:	d90c      	bls.n	80c10 <udc_update_iface_desc.part.0+0x44>
		if (USB_DT_INTERFACE == udc_ptr_iface->bDescriptorType) {
   80bf6:	785a      	ldrb	r2, [r3, #1]
   80bf8:	2a04      	cmp	r2, #4
   80bfa:	d1f7      	bne.n	80bec <udc_update_iface_desc.part.0+0x20>
			if ((iface_num == udc_ptr_iface->bInterfaceNumber) &&
   80bfc:	789a      	ldrb	r2, [r3, #2]
   80bfe:	4282      	cmp	r2, r0
   80c00:	d1f4      	bne.n	80bec <udc_update_iface_desc.part.0+0x20>
   80c02:	78da      	ldrb	r2, [r3, #3]
   80c04:	428a      	cmp	r2, r1
   80c06:	d1f1      	bne.n	80bec <udc_update_iface_desc.part.0+0x20>
   80c08:	b105      	cbz	r5, 80c0c <udc_update_iface_desc.part.0+0x40>
   80c0a:	6023      	str	r3, [r4, #0]
				return true; // Interface found
   80c0c:	2001      	movs	r0, #1
   80c0e:	e001      	b.n	80c14 <udc_update_iface_desc.part.0+0x48>
	return false; // Interface not found
   80c10:	2000      	movs	r0, #0
   80c12:	6023      	str	r3, [r4, #0]
}
   80c14:	bc30      	pop	{r4, r5}
   80c16:	4770      	bx	lr
		return false;
   80c18:	2000      	movs	r0, #0
}
   80c1a:	bc30      	pop	{r4, r5}
   80c1c:	4770      	bx	lr
		return false;
   80c1e:	2000      	movs	r0, #0
}
   80c20:	4770      	bx	lr
   80c22:	bf00      	nop
   80c24:	200035dc 	.word	0x200035dc
   80c28:	200035e0 	.word	0x200035e0

00080c2c <udc_iface_disable>:
{
   80c2c:	e92d 41f0 	stmdb	sp!, {r4, r5, r6, r7, r8, lr}
	if (0 == udc_num_configuration) {
   80c30:	4c1c      	ldr	r4, [pc, #112]	; (80ca4 <udc_iface_disable+0x78>)
   80c32:	7823      	ldrb	r3, [r4, #0]
   80c34:	b37b      	cbz	r3, 80c96 <udc_iface_disable+0x6a>
   80c36:	2100      	movs	r1, #0
   80c38:	4e1b      	ldr	r6, [pc, #108]	; (80ca8 <udc_iface_disable+0x7c>)
   80c3a:	4605      	mov	r5, r0
   80c3c:	47b0      	blx	r6
	if (!udc_update_iface_desc(iface_num, 0)) {
   80c3e:	b350      	cbz	r0, 80c96 <udc_iface_disable+0x6a>
	udi_api = udc_ptr_conf->udi_apis[iface_num];
   80c40:	f8df 8068 	ldr.w	r8, [pc, #104]	; 80cac <udc_iface_disable+0x80>
   80c44:	f8d8 3000 	ldr.w	r3, [r8]
   80c48:	685b      	ldr	r3, [r3, #4]
   80c4a:	f853 7025 	ldr.w	r7, [r3, r5, lsl #2]
	if (!udc_update_iface_desc(iface_num, udi_api->getsetting())) {
   80c4e:	68fb      	ldr	r3, [r7, #12]
   80c50:	4798      	blx	r3
	if (0 == udc_num_configuration) {
   80c52:	7823      	ldrb	r3, [r4, #0]
	if (!udc_update_iface_desc(iface_num, udi_api->getsetting())) {
   80c54:	4601      	mov	r1, r0
	if (0 == udc_num_configuration) {
   80c56:	b1f3      	cbz	r3, 80c96 <udc_iface_disable+0x6a>
   80c58:	4628      	mov	r0, r5
   80c5a:	47b0      	blx	r6
	if (!udc_update_iface_desc(iface_num, udi_api->getsetting())) {
   80c5c:	4605      	mov	r5, r0
   80c5e:	b1d0      	cbz	r0, 80c96 <udc_iface_disable+0x6a>
		ep_desc = (UDC_DESC_STORAGE usb_ep_desc_t *) udc_ptr_iface;
   80c60:	4b13      	ldr	r3, [pc, #76]	; (80cb0 <udc_iface_disable+0x84>)
			udd_ep_free(ep_desc->bEndpointAddress);
   80c62:	4e14      	ldr	r6, [pc, #80]	; (80cb4 <udc_iface_disable+0x88>)
		ep_desc = (UDC_DESC_STORAGE usb_ep_desc_t *) udc_ptr_iface;
   80c64:	681c      	ldr	r4, [r3, #0]
			udc_ptr_conf->desc +
   80c66:	f8d8 2000 	ldr.w	r2, [r8]
			desc->bLength);
   80c6a:	7823      	ldrb	r3, [r4, #0]
			udc_ptr_conf->desc +
   80c6c:	6812      	ldr	r2, [r2, #0]
	desc = (UDC_DESC_STORAGE usb_conf_desc_t *) ((uint8_t *) desc +
   80c6e:	441c      	add	r4, r3
			le16_to_cpu(udc_ptr_conf->desc->wTotalLength));
   80c70:	8853      	ldrh	r3, [r2, #2]
	return (UDC_DESC_STORAGE usb_conf_desc_t *) ((uint8_t *)
   80c72:	441a      	add	r2, r3
	while (ptr_eof_desc > desc) {
   80c74:	42a2      	cmp	r2, r4
   80c76:	d806      	bhi.n	80c86 <udc_iface_disable+0x5a>
   80c78:	e008      	b.n	80c8c <udc_iface_disable+0x60>
		if (desc_id == desc->bDescriptorType) {
   80c7a:	2b05      	cmp	r3, #5
   80c7c:	d00f      	beq.n	80c9e <udc_iface_disable+0x72>
				desc->bLength);
   80c7e:	7823      	ldrb	r3, [r4, #0]
		desc = (UDC_DESC_STORAGE usb_conf_desc_t *) ((uint8_t *) desc +
   80c80:	441c      	add	r4, r3
	while (ptr_eof_desc > desc) {
   80c82:	42a2      	cmp	r2, r4
   80c84:	d902      	bls.n	80c8c <udc_iface_disable+0x60>
		if (USB_DT_INTERFACE == desc->bDescriptorType) {
   80c86:	7863      	ldrb	r3, [r4, #1]
   80c88:	2b04      	cmp	r3, #4
   80c8a:	d1f6      	bne.n	80c7a <udc_iface_disable+0x4e>
	udi_api->disable();
   80c8c:	687b      	ldr	r3, [r7, #4]
   80c8e:	4798      	blx	r3
}
   80c90:	4628      	mov	r0, r5
   80c92:	e8bd 81f0 	ldmia.w	sp!, {r4, r5, r6, r7, r8, pc}
		return false;
   80c96:	2500      	movs	r5, #0
}
   80c98:	4628      	mov	r0, r5
   80c9a:	e8bd 81f0 	ldmia.w	sp!, {r4, r5, r6, r7, r8, pc}
			udd_ep_free(ep_desc->bEndpointAddress);
   80c9e:	78a0      	ldrb	r0, [r4, #2]
   80ca0:	47b0      	blx	r6
			ep_desc = (UDC_DESC_STORAGE usb_ep_desc_t *)
   80ca2:	e7e0      	b.n	80c66 <udc_iface_disable+0x3a>
   80ca4:	200035d9 	.word	0x200035d9
   80ca8:	00080bcd 	.word	0x00080bcd
   80cac:	200035dc 	.word	0x200035dc
   80cb0:	200035e0 	.word	0x200035e0
   80cb4:	00082cd5 	.word	0x00082cd5

00080cb8 <udc_iface_enable>:
	if (0 == udc_num_configuration) {
   80cb8:	4b18      	ldr	r3, [pc, #96]	; (80d1c <udc_iface_enable+0x64>)
   80cba:	781b      	ldrb	r3, [r3, #0]
   80cbc:	b35b      	cbz	r3, 80d16 <udc_iface_enable+0x5e>
{
   80cbe:	e92d 41f0 	stmdb	sp!, {r4, r5, r6, r7, r8, lr}
   80cc2:	4b17      	ldr	r3, [pc, #92]	; (80d20 <udc_iface_enable+0x68>)
   80cc4:	4605      	mov	r5, r0
   80cc6:	4798      	blx	r3
	if (!udc_update_iface_desc(iface_num, setting_num)) {
   80cc8:	b310      	cbz	r0, 80d10 <udc_iface_enable+0x58>
	ep_desc = (UDC_DESC_STORAGE usb_ep_desc_t *) udc_ptr_iface;
   80cca:	4b16      	ldr	r3, [pc, #88]	; (80d24 <udc_iface_enable+0x6c>)
   80ccc:	4e16      	ldr	r6, [pc, #88]	; (80d28 <udc_iface_enable+0x70>)
   80cce:	681c      	ldr	r4, [r3, #0]
		if (!udd_ep_alloc(ep_desc->bEndpointAddress,
   80cd0:	4f16      	ldr	r7, [pc, #88]	; (80d2c <udc_iface_enable+0x74>)
			udc_ptr_conf->desc +
   80cd2:	6831      	ldr	r1, [r6, #0]
			desc->bLength);
   80cd4:	7823      	ldrb	r3, [r4, #0]
			udc_ptr_conf->desc +
   80cd6:	680a      	ldr	r2, [r1, #0]
	desc = (UDC_DESC_STORAGE usb_conf_desc_t *) ((uint8_t *) desc +
   80cd8:	441c      	add	r4, r3
			le16_to_cpu(udc_ptr_conf->desc->wTotalLength));
   80cda:	8853      	ldrh	r3, [r2, #2]
	return (UDC_DESC_STORAGE usb_conf_desc_t *) ((uint8_t *)
   80cdc:	441a      	add	r2, r3
	while (ptr_eof_desc > desc) {
   80cde:	42a2      	cmp	r2, r4
   80ce0:	d806      	bhi.n	80cf0 <udc_iface_enable+0x38>
   80ce2:	e008      	b.n	80cf6 <udc_iface_enable+0x3e>
		if (desc_id == desc->bDescriptorType) {
   80ce4:	2b05      	cmp	r3, #5
   80ce6:	d00d      	beq.n	80d04 <udc_iface_enable+0x4c>
				desc->bLength);
   80ce8:	7823      	ldrb	r3, [r4, #0]
		desc = (UDC_DESC_STORAGE usb_conf_desc_t *) ((uint8_t *) desc +
   80cea:	441c      	add	r4, r3
	while (ptr_eof_desc > desc) {
   80cec:	42a2      	cmp	r2, r4
   80cee:	d902      	bls.n	80cf6 <udc_iface_enable+0x3e>
		if (USB_DT_INTERFACE == desc->bDescriptorType) {
   80cf0:	7863      	ldrb	r3, [r4, #1]
   80cf2:	2b04      	cmp	r3, #4
   80cf4:	d1f6      	bne.n	80ce4 <udc_iface_enable+0x2c>
	return udc_ptr_conf->udi_apis[iface_num]->enable();
   80cf6:	684b      	ldr	r3, [r1, #4]
   80cf8:	f853 3025 	ldr.w	r3, [r3, r5, lsl #2]
}
   80cfc:	e8bd 41f0 	ldmia.w	sp!, {r4, r5, r6, r7, r8, lr}
	return udc_ptr_conf->udi_apis[iface_num]->enable();
   80d00:	681b      	ldr	r3, [r3, #0]
   80d02:	4718      	bx	r3
		if (!udd_ep_alloc(ep_desc->bEndpointAddress,
   80d04:	88a2      	ldrh	r2, [r4, #4]
   80d06:	78e1      	ldrb	r1, [r4, #3]
   80d08:	78a0      	ldrb	r0, [r4, #2]
   80d0a:	47b8      	blx	r7
   80d0c:	2800      	cmp	r0, #0
   80d0e:	d1e0      	bne.n	80cd2 <udc_iface_enable+0x1a>
}
   80d10:	2000      	movs	r0, #0
   80d12:	e8bd 81f0 	ldmia.w	sp!, {r4, r5, r6, r7, r8, pc}
   80d16:	2000      	movs	r0, #0
   80d18:	4770      	bx	lr
   80d1a:	bf00      	nop
   80d1c:	200035d9 	.word	0x200035d9
   80d20:	00080bcd 	.word	0x00080bcd
   80d24:	200035e0 	.word	0x200035e0
   80d28:	200035dc 	.word	0x200035dc
   80d2c:	00082fa5 	.word	0x00082fa5

00080d30 <udc_get_interface_desc>:
	return udc_ptr_iface;
   80d30:	4b01      	ldr	r3, [pc, #4]	; (80d38 <udc_get_interface_desc+0x8>)
}
   80d32:	6818      	ldr	r0, [r3, #0]
   80d34:	4770      	bx	lr
   80d36:	bf00      	nop
   80d38:	200035e0 	.word	0x200035e0

00080d3c <udc_start>:
	udd_enable();
   80d3c:	4b00      	ldr	r3, [pc, #0]	; (80d40 <udc_start+0x4>)
   80d3e:	4718      	bx	r3
   80d40:	00082b3d 	.word	0x00082b3d

00080d44 <udc_reset>:
{
   80d44:	b5f8      	push	{r3, r4, r5, r6, r7, lr}
	if (udc_num_configuration) {
   80d46:	4f0c      	ldr	r7, [pc, #48]	; (80d78 <udc_reset+0x34>)
   80d48:	783b      	ldrb	r3, [r7, #0]
   80d4a:	b17b      	cbz	r3, 80d6c <udc_reset+0x28>
				iface_num < udc_ptr_conf->desc->bNumInterfaces;
   80d4c:	4d0b      	ldr	r5, [pc, #44]	; (80d7c <udc_reset+0x38>)
   80d4e:	682b      	ldr	r3, [r5, #0]
   80d50:	681b      	ldr	r3, [r3, #0]
		for (iface_num = 0;
   80d52:	791b      	ldrb	r3, [r3, #4]
   80d54:	b153      	cbz	r3, 80d6c <udc_reset+0x28>
   80d56:	2400      	movs	r4, #0
   80d58:	4620      	mov	r0, r4
   80d5a:	4e09      	ldr	r6, [pc, #36]	; (80d80 <udc_reset+0x3c>)
			udc_iface_disable(iface_num);
   80d5c:	47b0      	blx	r6
				iface_num < udc_ptr_conf->desc->bNumInterfaces;
   80d5e:	682b      	ldr	r3, [r5, #0]
		for (iface_num = 0;
   80d60:	3401      	adds	r4, #1
				iface_num < udc_ptr_conf->desc->bNumInterfaces;
   80d62:	681b      	ldr	r3, [r3, #0]
		for (iface_num = 0;
   80d64:	b2e0      	uxtb	r0, r4
   80d66:	791b      	ldrb	r3, [r3, #4]
   80d68:	4283      	cmp	r3, r0
   80d6a:	d8f7      	bhi.n	80d5c <udc_reset+0x18>
	udc_num_configuration = 0;
   80d6c:	2300      	movs	r3, #0
	udc_device_status =
   80d6e:	4a05      	ldr	r2, [pc, #20]	; (80d84 <udc_reset+0x40>)
	udc_num_configuration = 0;
   80d70:	703b      	strb	r3, [r7, #0]
	udc_device_status =
   80d72:	8013      	strh	r3, [r2, #0]
}
   80d74:	bdf8      	pop	{r3, r4, r5, r6, r7, pc}
   80d76:	bf00      	nop
   80d78:	200035d9 	.word	0x200035d9
   80d7c:	200035dc 	.word	0x200035dc
   80d80:	00080c2d 	.word	0x00080c2d
   80d84:	200035d4 	.word	0x200035d4

00080d88 <udc_sof_notify>:
{
   80d88:	b538      	push	{r3, r4, r5, lr}
	if (udc_num_configuration) {
   80d8a:	4b0c      	ldr	r3, [pc, #48]	; (80dbc <udc_sof_notify+0x34>)
   80d8c:	781b      	ldrb	r3, [r3, #0]
   80d8e:	b19b      	cbz	r3, 80db8 <udc_sof_notify+0x30>
				iface_num < udc_ptr_conf->desc->bNumInterfaces;
   80d90:	4d0b      	ldr	r5, [pc, #44]	; (80dc0 <udc_sof_notify+0x38>)
   80d92:	682b      	ldr	r3, [r5, #0]
   80d94:	681a      	ldr	r2, [r3, #0]
		for (iface_num = 0;
   80d96:	7912      	ldrb	r2, [r2, #4]
   80d98:	b172      	cbz	r2, 80db8 <udc_sof_notify+0x30>
   80d9a:	2400      	movs	r4, #0
   80d9c:	4622      	mov	r2, r4
			if (udc_ptr_conf->udi_apis[iface_num]->sof_notify != NULL) {
   80d9e:	685b      	ldr	r3, [r3, #4]
		for (iface_num = 0;
   80da0:	3401      	adds	r4, #1
			if (udc_ptr_conf->udi_apis[iface_num]->sof_notify != NULL) {
   80da2:	f853 3022 	ldr.w	r3, [r3, r2, lsl #2]
   80da6:	691b      	ldr	r3, [r3, #16]
   80da8:	b103      	cbz	r3, 80dac <udc_sof_notify+0x24>
				udc_ptr_conf->udi_apis[iface_num]->sof_notify();
   80daa:	4798      	blx	r3
				iface_num < udc_ptr_conf->desc->bNumInterfaces;
   80dac:	682b      	ldr	r3, [r5, #0]
		for (iface_num = 0;
   80dae:	b2e2      	uxtb	r2, r4
				iface_num < udc_ptr_conf->desc->bNumInterfaces;
   80db0:	6819      	ldr	r1, [r3, #0]
		for (iface_num = 0;
   80db2:	7909      	ldrb	r1, [r1, #4]
   80db4:	4291      	cmp	r1, r2
   80db6:	d8f2      	bhi.n	80d9e <udc_sof_notify+0x16>
}
   80db8:	bd38      	pop	{r3, r4, r5, pc}
   80dba:	bf00      	nop
   80dbc:	200035d9 	.word	0x200035d9
   80dc0:	200035dc 	.word	0x200035dc

00080dc4 <udc_process_setup>:
 * \return true if the request is supported, else the request is stalled by UDD
 */
bool udc_process_setup(void)
{
	// By default no data (receive/send) and no callbacks registered
	udd_g_ctrlreq.payload_size = 0;
   80dc4:	2300      	movs	r3, #0
{
   80dc6:	e92d 47f0 	stmdb	sp!, {r4, r5, r6, r7, r8, r9, sl, lr}
	udd_g_ctrlreq.payload_size = 0;
   80dca:	4c8b      	ldr	r4, [pc, #556]	; (80ff8 <udc_process_setup+0x234>)
	udd_g_ctrlreq.callback = NULL;
	udd_g_ctrlreq.over_under_run = NULL;

	// MS requests this using request type 0xC0 and our user defined bRequest (0x01 in our case)
	if ((udd_g_ctrlreq.req.bmRequestType == 0xC0) && (udd_g_ctrlreq.req.bRequest == 0x01)) {
   80dcc:	8822      	ldrh	r2, [r4, #0]
	udd_g_ctrlreq.over_under_run = NULL;
   80dce:	e9c4 3304 	strd	r3, r3, [r4, #16]
	if ((udd_g_ctrlreq.req.bmRequestType == 0xC0) && (udd_g_ctrlreq.req.bRequest == 0x01)) {
   80dd2:	f5b2 7fe0 	cmp.w	r2, #448	; 0x1c0
	udd_g_ctrlreq.payload_size = 0;
   80dd6:	81a3      	strh	r3, [r4, #12]
	if ((udd_g_ctrlreq.req.bmRequestType == 0xC0) && (udd_g_ctrlreq.req.bRequest == 0x01)) {
   80dd8:	f000 80d0 	beq.w	80f7c <udc_process_setup+0x1b8>
#endif
		udd_set_setup_payload((uint8_t *)&MS_OS_DESC, sizeof(struct MS_OS_DESC_SET_HEADER));
		return true;
	}

	if (Udd_setup_is_in()) {
   80ddc:	f994 2000 	ldrsb.w	r2, [r4]
   80de0:	7823      	ldrb	r3, [r4, #0]
   80de2:	2a00      	cmp	r2, #0
   80de4:	db0e      	blt.n	80e04 <udc_process_setup+0x40>
			return false; // Error from USB host
		}
	}

	// If standard request then try to decode it in UDC
	if (Udd_setup_type() == USB_REQ_TYPE_STANDARD) {
   80de6:	f013 0f60 	tst.w	r3, #96	; 0x60
   80dea:	d079      	beq.n	80ee0 <udc_process_setup+0x11c>
			return true;
		}
	}

	// If interface request then try to decode it in UDI
	if ((Udd_setup_recipient() == USB_REQ_RECIP_INTERFACE) || (Udd_setup_recipient() == USB_REQ_RECIP_DEVICE)) {
   80dec:	f013 0f1e 	tst.w	r3, #30
   80df0:	d040      	beq.n	80e74 <udc_process_setup+0xb0>
			return true;
		}
	}

	// If endpoint request then try to decode it in UDI
	if (Udd_setup_recipient() == USB_REQ_RECIP_ENDPOINT) {
   80df2:	f003 031f 	and.w	r3, r3, #31
   80df6:	2b02      	cmp	r3, #2
   80df8:	f000 80b6 	beq.w	80f68 <udc_process_setup+0x1a4>
	// Here SETUP request unknown by UDC and UDIs
#ifdef USB_DEVICE_SPECIFIC_REQUEST
	// Try to decode it in specific callback
	return USB_DEVICE_SPECIFIC_REQUEST(); // Ex: Vendor request,...
#else
	return false;
   80dfc:	2500      	movs	r5, #0
#endif
}
   80dfe:	4628      	mov	r0, r5
   80e00:	e8bd 87f0 	ldmia.w	sp!, {r4, r5, r6, r7, r8, r9, sl, pc}
		if (udd_g_ctrlreq.req.wLength == 0) {
   80e04:	88e5      	ldrh	r5, [r4, #6]
   80e06:	2d00      	cmp	r5, #0
   80e08:	d0f8      	beq.n	80dfc <udc_process_setup+0x38>
	if (Udd_setup_type() == USB_REQ_TYPE_STANDARD) {
   80e0a:	f013 0f60 	tst.w	r3, #96	; 0x60
   80e0e:	d1ed      	bne.n	80dec <udc_process_setup+0x28>
		if (USB_REQ_RECIP_DEVICE == Udd_setup_recipient()) {
   80e10:	f013 021f 	ands.w	r2, r3, #31
   80e14:	f000 8165 	beq.w	810e2 <udc_process_setup+0x31e>
		if (USB_REQ_RECIP_INTERFACE == Udd_setup_recipient()) {
   80e18:	2a01      	cmp	r2, #1
   80e1a:	f040 80b9 	bne.w	80f90 <udc_process_setup+0x1cc>
			switch (udd_g_ctrlreq.req.bRequest) {
   80e1e:	7862      	ldrb	r2, [r4, #1]
   80e20:	2a0a      	cmp	r2, #10
   80e22:	d124      	bne.n	80e6e <udc_process_setup+0xaa>
	if (udd_g_ctrlreq.req.wLength != 1) {
   80e24:	2d01      	cmp	r5, #1
   80e26:	d122      	bne.n	80e6e <udc_process_setup+0xaa>
	if (!udc_num_configuration) {
   80e28:	4a74      	ldr	r2, [pc, #464]	; (80ffc <udc_process_setup+0x238>)
   80e2a:	7812      	ldrb	r2, [r2, #0]
   80e2c:	b1fa      	cbz	r2, 80e6e <udc_process_setup+0xaa>
	if (iface_num >= udc_ptr_conf->desc->bNumInterfaces) {
   80e2e:	4a74      	ldr	r2, [pc, #464]	; (81000 <udc_process_setup+0x23c>)
	iface_num = udd_g_ctrlreq.req.wIndex & 0xFF;
   80e30:	7926      	ldrb	r6, [r4, #4]
	if (iface_num >= udc_ptr_conf->desc->bNumInterfaces) {
   80e32:	6817      	ldr	r7, [r2, #0]
   80e34:	683a      	ldr	r2, [r7, #0]
   80e36:	7912      	ldrb	r2, [r2, #4]
   80e38:	42b2      	cmp	r2, r6
   80e3a:	d918      	bls.n	80e6e <udc_process_setup+0xaa>
	if (0 == udc_num_configuration) {
   80e3c:	2100      	movs	r1, #0
   80e3e:	4630      	mov	r0, r6
   80e40:	4b70      	ldr	r3, [pc, #448]	; (81004 <udc_process_setup+0x240>)
   80e42:	4798      	blx	r3
	if (!udc_update_iface_desc(iface_num, 0)) {
   80e44:	4605      	mov	r5, r0
   80e46:	2800      	cmp	r0, #0
   80e48:	f000 80c5 	beq.w	80fd6 <udc_process_setup+0x212>
	udi_api = udc_ptr_conf->udi_apis[iface_num];
   80e4c:	687b      	ldr	r3, [r7, #4]
	udc_iface_setting = udi_api->getsetting();
   80e4e:	f853 3026 	ldr.w	r3, [r3, r6, lsl #2]
   80e52:	68db      	ldr	r3, [r3, #12]
   80e54:	4798      	blx	r3
   80e56:	4602      	mov	r2, r0
   80e58:	486b      	ldr	r0, [pc, #428]	; (81008 <udc_process_setup+0x244>)
	udd_set_setup_payload(&udc_iface_setting,1);
   80e5a:	2101      	movs	r1, #1
   80e5c:	4b6b      	ldr	r3, [pc, #428]	; (8100c <udc_process_setup+0x248>)
	udc_iface_setting = udi_api->getsetting();
   80e5e:	7002      	strb	r2, [r0, #0]
	udd_set_setup_payload(&udc_iface_setting,1);
   80e60:	4798      	blx	r3
	return true;
   80e62:	e7cc      	b.n	80dfe <udc_process_setup+0x3a>
		if (USB_REQ_RECIP_INTERFACE == Udd_setup_recipient()) {
   80e64:	2a01      	cmp	r2, #1
   80e66:	f000 814d 	beq.w	81104 <udc_process_setup+0x340>
		if (USB_REQ_RECIP_ENDPOINT == Udd_setup_recipient()) {
   80e6a:	2a02      	cmp	r2, #2
   80e6c:	d06c      	beq.n	80f48 <udc_process_setup+0x184>
	if ((Udd_setup_recipient() == USB_REQ_RECIP_INTERFACE) || (Udd_setup_recipient() == USB_REQ_RECIP_DEVICE)) {
   80e6e:	f013 0f1e 	tst.w	r3, #30
   80e72:	d1c3      	bne.n	80dfc <udc_process_setup+0x38>
		if (udd_g_ctrlreq.req.wIndex == 2) {
   80e74:	88a3      	ldrh	r3, [r4, #4]
	if (0 == udc_num_configuration) {
   80e76:	4e61      	ldr	r6, [pc, #388]	; (80ffc <udc_process_setup+0x238>)
		if (udd_g_ctrlreq.req.wIndex == 2) {
   80e78:	2b02      	cmp	r3, #2
			udd_g_ctrlreq.req.wIndex = 1;
   80e7a:	bf04      	itt	eq
   80e7c:	2301      	moveq	r3, #1
   80e7e:	80a3      	strheq	r3, [r4, #4]
	if (0 == udc_num_configuration) {
   80e80:	7833      	ldrb	r3, [r6, #0]
   80e82:	2b00      	cmp	r3, #0
   80e84:	d0ba      	beq.n	80dfc <udc_process_setup+0x38>
	if (iface_num >= udc_ptr_conf->desc->bNumInterfaces) {
   80e86:	4f5e      	ldr	r7, [pc, #376]	; (81000 <udc_process_setup+0x23c>)
	iface_num = udd_g_ctrlreq.req.wIndex & 0xFF;
   80e88:	f894 8004 	ldrb.w	r8, [r4, #4]
	if (iface_num >= udc_ptr_conf->desc->bNumInterfaces) {
   80e8c:	683d      	ldr	r5, [r7, #0]
   80e8e:	682b      	ldr	r3, [r5, #0]
   80e90:	791b      	ldrb	r3, [r3, #4]
   80e92:	4598      	cmp	r8, r3
   80e94:	d340      	bcc.n	80f18 <udc_process_setup+0x154>
	if (Udd_setup_recipient() == USB_REQ_RECIP_ENDPOINT) {
   80e96:	7822      	ldrb	r2, [r4, #0]
   80e98:	f002 021f 	and.w	r2, r2, #31
   80e9c:	2a02      	cmp	r2, #2
   80e9e:	d1ad      	bne.n	80dfc <udc_process_setup+0x38>
	for (iface_num = 0; iface_num < udc_ptr_conf->desc->bNumInterfaces;
   80ea0:	2b00      	cmp	r3, #0
   80ea2:	d0ab      	beq.n	80dfc <udc_process_setup+0x38>
   80ea4:	2400      	movs	r4, #0
   80ea6:	46a0      	mov	r8, r4
   80ea8:	f8df 9158 	ldr.w	r9, [pc, #344]	; 81004 <udc_process_setup+0x240>
		udi_api = udc_ptr_conf->udi_apis[iface_num];
   80eac:	686b      	ldr	r3, [r5, #4]
	for (iface_num = 0; iface_num < udc_ptr_conf->desc->bNumInterfaces;
   80eae:	3401      	adds	r4, #1
		udi_api = udc_ptr_conf->udi_apis[iface_num];
   80eb0:	f853 5028 	ldr.w	r5, [r3, r8, lsl #2]
		if (!udc_update_iface_desc(iface_num, udi_api->getsetting())) {
   80eb4:	68eb      	ldr	r3, [r5, #12]
   80eb6:	4798      	blx	r3
	if (0 == udc_num_configuration) {
   80eb8:	7833      	ldrb	r3, [r6, #0]
		if (!udc_update_iface_desc(iface_num, udi_api->getsetting())) {
   80eba:	4601      	mov	r1, r0
	if (0 == udc_num_configuration) {
   80ebc:	2b00      	cmp	r3, #0
   80ebe:	d09d      	beq.n	80dfc <udc_process_setup+0x38>
   80ec0:	4640      	mov	r0, r8
	for (iface_num = 0; iface_num < udc_ptr_conf->desc->bNumInterfaces;
   80ec2:	fa5f f884 	uxtb.w	r8, r4
   80ec6:	47c8      	blx	r9
		if (!udc_update_iface_desc(iface_num, udi_api->getsetting())) {
   80ec8:	2800      	cmp	r0, #0
   80eca:	d097      	beq.n	80dfc <udc_process_setup+0x38>
		if (udi_api->setup()) {
   80ecc:	68ab      	ldr	r3, [r5, #8]
   80ece:	4798      	blx	r3
   80ed0:	2800      	cmp	r0, #0
   80ed2:	d137      	bne.n	80f44 <udc_process_setup+0x180>
	for (iface_num = 0; iface_num < udc_ptr_conf->desc->bNumInterfaces;
   80ed4:	683d      	ldr	r5, [r7, #0]
   80ed6:	682b      	ldr	r3, [r5, #0]
   80ed8:	791b      	ldrb	r3, [r3, #4]
   80eda:	4543      	cmp	r3, r8
   80edc:	d8e6      	bhi.n	80eac <udc_process_setup+0xe8>
   80ede:	e78d      	b.n	80dfc <udc_process_setup+0x38>
		if (USB_REQ_RECIP_DEVICE == Udd_setup_recipient()) {
   80ee0:	f013 021f 	ands.w	r2, r3, #31
   80ee4:	d1be      	bne.n	80e64 <udc_process_setup+0xa0>
			switch (udd_g_ctrlreq.req.bRequest) {
   80ee6:	7862      	ldrb	r2, [r4, #1]
   80ee8:	3a01      	subs	r2, #1
   80eea:	2a08      	cmp	r2, #8
   80eec:	d8bf      	bhi.n	80e6e <udc_process_setup+0xaa>
   80eee:	a101      	add	r1, pc, #4	; (adr r1, 80ef4 <udc_process_setup+0x130>)
   80ef0:	f851 f022 	ldr.w	pc, [r1, r2, lsl #2]
   80ef4:	00080fdb 	.word	0x00080fdb
   80ef8:	00080e6f 	.word	0x00080e6f
   80efc:	00080fb7 	.word	0x00080fb7
   80f00:	00080e6f 	.word	0x00080e6f
   80f04:	000810d3 	.word	0x000810d3
   80f08:	00080e6f 	.word	0x00080e6f
   80f0c:	00080e6f 	.word	0x00080e6f
   80f10:	00080e6f 	.word	0x00080e6f
   80f14:	00081025 	.word	0x00081025
	if (0 == udc_num_configuration) {
   80f18:	2100      	movs	r1, #0
   80f1a:	4640      	mov	r0, r8
   80f1c:	4f39      	ldr	r7, [pc, #228]	; (81004 <udc_process_setup+0x240>)
   80f1e:	47b8      	blx	r7
	if (!udc_update_iface_desc(iface_num, 0)) {
   80f20:	2800      	cmp	r0, #0
   80f22:	d033      	beq.n	80f8c <udc_process_setup+0x1c8>
	udi_api = udc_ptr_conf->udi_apis[iface_num];
   80f24:	686b      	ldr	r3, [r5, #4]
   80f26:	f853 5028 	ldr.w	r5, [r3, r8, lsl #2]
	if (!udc_update_iface_desc(iface_num, udi_api->getsetting())) {
   80f2a:	68eb      	ldr	r3, [r5, #12]
   80f2c:	4798      	blx	r3
	if (0 == udc_num_configuration) {
   80f2e:	7833      	ldrb	r3, [r6, #0]
	if (!udc_update_iface_desc(iface_num, udi_api->getsetting())) {
   80f30:	4601      	mov	r1, r0
	if (0 == udc_num_configuration) {
   80f32:	2b00      	cmp	r3, #0
   80f34:	f43f af62 	beq.w	80dfc <udc_process_setup+0x38>
   80f38:	4640      	mov	r0, r8
   80f3a:	47b8      	blx	r7
	if (!udc_update_iface_desc(iface_num, udi_api->getsetting())) {
   80f3c:	b330      	cbz	r0, 80f8c <udc_process_setup+0x1c8>
	return udi_api->setup();
   80f3e:	68ab      	ldr	r3, [r5, #8]
   80f40:	4798      	blx	r3
		if (udc_req_iface()) {
   80f42:	b318      	cbz	r0, 80f8c <udc_process_setup+0x1c8>
			return true;
   80f44:	2501      	movs	r5, #1
   80f46:	e75a      	b.n	80dfe <udc_process_setup+0x3a>
			switch (udd_g_ctrlreq.req.bRequest) {
   80f48:	7862      	ldrb	r2, [r4, #1]
   80f4a:	2a01      	cmp	r2, #1
   80f4c:	f000 80f7 	beq.w	8113e <udc_process_setup+0x37a>
   80f50:	2a03      	cmp	r2, #3
   80f52:	d106      	bne.n	80f62 <udc_process_setup+0x19e>
	if (udd_g_ctrlreq.req.wValue == USB_EP_FEATURE_HALT) {
   80f54:	88e2      	ldrh	r2, [r4, #6]
   80f56:	8861      	ldrh	r1, [r4, #2]
   80f58:	430a      	orrs	r2, r1
   80f5a:	b292      	uxth	r2, r2
   80f5c:	2a00      	cmp	r2, #0
   80f5e:	f000 81c1 	beq.w	812e4 <udc_process_setup+0x520>
	if ((Udd_setup_recipient() == USB_REQ_RECIP_INTERFACE) || (Udd_setup_recipient() == USB_REQ_RECIP_DEVICE)) {
   80f62:	f013 0f1e 	tst.w	r3, #30
   80f66:	d085      	beq.n	80e74 <udc_process_setup+0xb0>
	if (0 == udc_num_configuration) {
   80f68:	4e24      	ldr	r6, [pc, #144]	; (80ffc <udc_process_setup+0x238>)
   80f6a:	7833      	ldrb	r3, [r6, #0]
   80f6c:	2b00      	cmp	r3, #0
   80f6e:	f43f af45 	beq.w	80dfc <udc_process_setup+0x38>
	for (iface_num = 0; iface_num < udc_ptr_conf->desc->bNumInterfaces;
   80f72:	4f23      	ldr	r7, [pc, #140]	; (81000 <udc_process_setup+0x23c>)
   80f74:	683d      	ldr	r5, [r7, #0]
   80f76:	682b      	ldr	r3, [r5, #0]
   80f78:	791b      	ldrb	r3, [r3, #4]
   80f7a:	e791      	b.n	80ea0 <udc_process_setup+0xdc>
		return true;
   80f7c:	2501      	movs	r5, #1
		udd_set_setup_payload((uint8_t *)&MS_OS_DESC, sizeof(struct MS_OS_DESC_SET_HEADER));
   80f7e:	219e      	movs	r1, #158	; 0x9e
   80f80:	4823      	ldr	r0, [pc, #140]	; (81010 <udc_process_setup+0x24c>)
   80f82:	4b22      	ldr	r3, [pc, #136]	; (8100c <udc_process_setup+0x248>)
   80f84:	4798      	blx	r3
}
   80f86:	4628      	mov	r0, r5
   80f88:	e8bd 87f0 	ldmia.w	sp!, {r4, r5, r6, r7, r8, r9, sl, pc}
	if (Udd_setup_recipient() == USB_REQ_RECIP_ENDPOINT) {
   80f8c:	7823      	ldrb	r3, [r4, #0]
   80f8e:	e730      	b.n	80df2 <udc_process_setup+0x2e>
		if (USB_REQ_RECIP_ENDPOINT == Udd_setup_recipient()) {
   80f90:	2a02      	cmp	r2, #2
   80f92:	f47f af6c 	bne.w	80e6e <udc_process_setup+0xaa>
			switch (udd_g_ctrlreq.req.bRequest) {
   80f96:	7862      	ldrb	r2, [r4, #1]
   80f98:	2a00      	cmp	r2, #0
   80f9a:	d1e2      	bne.n	80f62 <udc_process_setup+0x19e>
	if (udd_g_ctrlreq.req.wLength != sizeof(udc_ep_status)) {
   80f9c:	2d02      	cmp	r5, #2
   80f9e:	d1e0      	bne.n	80f62 <udc_process_setup+0x19e>
	udc_ep_status = udd_ep_is_halted(udd_g_ctrlreq.req.
   80fa0:	7920      	ldrb	r0, [r4, #4]
   80fa2:	4b1c      	ldr	r3, [pc, #112]	; (81014 <udc_process_setup+0x250>)
   80fa4:	4798      	blx	r3
   80fa6:	4602      	mov	r2, r0
   80fa8:	481b      	ldr	r0, [pc, #108]	; (81018 <udc_process_setup+0x254>)
	udd_set_setup_payload( (uint8_t *) & udc_ep_status,
   80faa:	4629      	mov	r1, r5
   80fac:	4b17      	ldr	r3, [pc, #92]	; (8100c <udc_process_setup+0x248>)
			return true;
   80fae:	2501      	movs	r5, #1
			wIndex & 0xFF) ? CPU_TO_LE16(USB_EP_STATUS_HALTED) : 0;
   80fb0:	8002      	strh	r2, [r0, #0]
	udd_set_setup_payload( (uint8_t *) & udc_ep_status,
   80fb2:	4798      	blx	r3
	return true;
   80fb4:	e723      	b.n	80dfe <udc_process_setup+0x3a>
	if (udd_g_ctrlreq.req.wLength) {
   80fb6:	88e2      	ldrh	r2, [r4, #6]
   80fb8:	2a00      	cmp	r2, #0
   80fba:	f47f af58 	bne.w	80e6e <udc_process_setup+0xaa>
	switch (udd_g_ctrlreq.req.wValue) {
   80fbe:	8862      	ldrh	r2, [r4, #2]
   80fc0:	2a02      	cmp	r2, #2
   80fc2:	f47f af54 	bne.w	80e6e <udc_process_setup+0xaa>
		if (!udd_is_high_speed()) {
   80fc6:	4b15      	ldr	r3, [pc, #84]	; (8101c <udc_process_setup+0x258>)
   80fc8:	4798      	blx	r3
   80fca:	4605      	mov	r5, r0
   80fcc:	b118      	cbz	r0, 80fd6 <udc_process_setup+0x212>
		if (udd_g_ctrlreq.req.wIndex & 0xff) {
   80fce:	7923      	ldrb	r3, [r4, #4]
   80fd0:	2b00      	cmp	r3, #0
   80fd2:	f000 81bc 	beq.w	8134e <udc_process_setup+0x58a>
	if ((Udd_setup_recipient() == USB_REQ_RECIP_INTERFACE) || (Udd_setup_recipient() == USB_REQ_RECIP_DEVICE)) {
   80fd6:	7823      	ldrb	r3, [r4, #0]
   80fd8:	e708      	b.n	80dec <udc_process_setup+0x28>
	if (udd_g_ctrlreq.req.wLength) {
   80fda:	88e2      	ldrh	r2, [r4, #6]
   80fdc:	2a00      	cmp	r2, #0
   80fde:	f47f af46 	bne.w	80e6e <udc_process_setup+0xaa>
	if (udd_g_ctrlreq.req.wValue == USB_DEV_FEATURE_REMOTE_WAKEUP) {
   80fe2:	8865      	ldrh	r5, [r4, #2]
   80fe4:	2d01      	cmp	r5, #1
   80fe6:	f47f af42 	bne.w	80e6e <udc_process_setup+0xaa>
		udc_device_status &= CPU_TO_LE16(~(uint32_t)USB_DEV_STATUS_REMOTEWAKEUP);
   80fea:	4a0d      	ldr	r2, [pc, #52]	; (81020 <udc_process_setup+0x25c>)
   80fec:	8813      	ldrh	r3, [r2, #0]
   80fee:	f023 0302 	bic.w	r3, r3, #2
   80ff2:	8013      	strh	r3, [r2, #0]
		return true;
   80ff4:	e703      	b.n	80dfe <udc_process_setup+0x3a>
   80ff6:	bf00      	nop
   80ff8:	200036b0 	.word	0x200036b0
   80ffc:	200035d9 	.word	0x200035d9
   81000:	200035dc 	.word	0x200035dc
   81004:	00080bcd 	.word	0x00080bcd
   81008:	200035d8 	.word	0x200035d8
   8100c:	00082cc9 	.word	0x00082cc9
   81010:	200001ec 	.word	0x200001ec
   81014:	00082d25 	.word	0x00082d25
   81018:	200035d6 	.word	0x200035d6
   8101c:	00082c71 	.word	0x00082c71
   81020:	200035d4 	.word	0x200035d4
	if (udd_g_ctrlreq.req.wLength) {
   81024:	88e2      	ldrh	r2, [r4, #6]
   81026:	2a00      	cmp	r2, #0
   81028:	f47f af21 	bne.w	80e6e <udc_process_setup+0xaa>
	if (!udd_getaddress()) {
   8102c:	4b9c      	ldr	r3, [pc, #624]	; (812a0 <udc_process_setup+0x4dc>)
   8102e:	4798      	blx	r3
   81030:	2800      	cmp	r0, #0
   81032:	d0d0      	beq.n	80fd6 <udc_process_setup+0x212>
	if (udd_is_high_speed()) {
   81034:	f8df 926c 	ldr.w	r9, [pc, #620]	; 812a4 <udc_process_setup+0x4e0>
   81038:	47c8      	blx	r9
				udc_config.confdev_hs->bNumConfigurations) {
   8103a:	f8df a26c 	ldr.w	sl, [pc, #620]	; 812a8 <udc_process_setup+0x4e4>
		if ((udd_g_ctrlreq.req.wValue & 0xFF) >
   8103e:	78a3      	ldrb	r3, [r4, #2]
	if (udd_is_high_speed()) {
   81040:	2800      	cmp	r0, #0
   81042:	f000 8125 	beq.w	81290 <udc_process_setup+0x4cc>
				udc_config.confdev_hs->bNumConfigurations) {
   81046:	f8da 2008 	ldr.w	r2, [sl, #8]
		if ((udd_g_ctrlreq.req.wValue & 0xFF) >
   8104a:	7c52      	ldrb	r2, [r2, #17]
   8104c:	429a      	cmp	r2, r3
   8104e:	d3c2      	bcc.n	80fd6 <udc_process_setup+0x212>
	if (udc_num_configuration) {
   81050:	4e96      	ldr	r6, [pc, #600]	; (812ac <udc_process_setup+0x4e8>)
   81052:	7833      	ldrb	r3, [r6, #0]
   81054:	b183      	cbz	r3, 81078 <udc_process_setup+0x2b4>
				iface_num < udc_ptr_conf->desc->bNumInterfaces;
   81056:	4f96      	ldr	r7, [pc, #600]	; (812b0 <udc_process_setup+0x4ec>)
   81058:	683b      	ldr	r3, [r7, #0]
   8105a:	681b      	ldr	r3, [r3, #0]
		for (iface_num = 0;
   8105c:	791b      	ldrb	r3, [r3, #4]
   8105e:	b15b      	cbz	r3, 81078 <udc_process_setup+0x2b4>
   81060:	2500      	movs	r5, #0
   81062:	4628      	mov	r0, r5
   81064:	f8df 824c 	ldr.w	r8, [pc, #588]	; 812b4 <udc_process_setup+0x4f0>
			udc_iface_disable(iface_num);
   81068:	47c0      	blx	r8
				iface_num < udc_ptr_conf->desc->bNumInterfaces;
   8106a:	683b      	ldr	r3, [r7, #0]
		for (iface_num = 0;
   8106c:	3501      	adds	r5, #1
				iface_num < udc_ptr_conf->desc->bNumInterfaces;
   8106e:	681b      	ldr	r3, [r3, #0]
		for (iface_num = 0;
   81070:	b2e8      	uxtb	r0, r5
   81072:	791b      	ldrb	r3, [r3, #4]
   81074:	4283      	cmp	r3, r0
   81076:	d8f7      	bhi.n	81068 <udc_process_setup+0x2a4>
	udc_device_status =
   81078:	2200      	movs	r2, #0
   8107a:	4b8f      	ldr	r3, [pc, #572]	; (812b8 <udc_process_setup+0x4f4>)
   8107c:	801a      	strh	r2, [r3, #0]
	udc_num_configuration = udd_g_ctrlreq.req.wValue & 0xFF;
   8107e:	78a3      	ldrb	r3, [r4, #2]
   81080:	7033      	strb	r3, [r6, #0]
	if (udc_num_configuration == 0) {
   81082:	2b00      	cmp	r3, #0
   81084:	f43f af5e 	beq.w	80f44 <udc_process_setup+0x180>
	if (udd_is_high_speed()) {
   81088:	47c8      	blx	r9
		udc_ptr_conf = &udc_config.conf_hs[udc_num_configuration - 1];
   8108a:	7832      	ldrb	r2, [r6, #0]
	if (udd_is_high_speed()) {
   8108c:	2800      	cmp	r0, #0
   8108e:	f000 8133 	beq.w	812f8 <udc_process_setup+0x534>
		udc_ptr_conf = &udc_config.conf_hs[udc_num_configuration - 1];
   81092:	f8da 3010 	ldr.w	r3, [sl, #16]
   81096:	f102 5200 	add.w	r2, r2, #536870912	; 0x20000000
   8109a:	3a01      	subs	r2, #1
   8109c:	eb03 03c2 	add.w	r3, r3, r2, lsl #3
	for (iface_num = 0; iface_num < udc_ptr_conf->desc->bNumInterfaces;
   810a0:	681a      	ldr	r2, [r3, #0]
   810a2:	4f83      	ldr	r7, [pc, #524]	; (812b0 <udc_process_setup+0x4ec>)
   810a4:	7912      	ldrb	r2, [r2, #4]
   810a6:	603b      	str	r3, [r7, #0]
   810a8:	2a00      	cmp	r2, #0
   810aa:	f43f af4b 	beq.w	80f44 <udc_process_setup+0x180>
   810ae:	2500      	movs	r5, #0
   810b0:	4e82      	ldr	r6, [pc, #520]	; (812bc <udc_process_setup+0x4f8>)
   810b2:	462b      	mov	r3, r5
   810b4:	e005      	b.n	810c2 <udc_process_setup+0x2fe>
   810b6:	683a      	ldr	r2, [r7, #0]
   810b8:	6812      	ldr	r2, [r2, #0]
   810ba:	7912      	ldrb	r2, [r2, #4]
   810bc:	429a      	cmp	r2, r3
   810be:	f67f af41 	bls.w	80f44 <udc_process_setup+0x180>
		if (!udc_iface_enable(iface_num, 0)) {
   810c2:	4618      	mov	r0, r3
   810c4:	2100      	movs	r1, #0
   810c6:	47b0      	blx	r6
	for (iface_num = 0; iface_num < udc_ptr_conf->desc->bNumInterfaces;
   810c8:	3501      	adds	r5, #1
   810ca:	b2eb      	uxtb	r3, r5
		if (!udc_iface_enable(iface_num, 0)) {
   810cc:	2800      	cmp	r0, #0
   810ce:	d1f2      	bne.n	810b6 <udc_process_setup+0x2f2>
   810d0:	e781      	b.n	80fd6 <udc_process_setup+0x212>
	if (udd_g_ctrlreq.req.wLength) {
   810d2:	88e2      	ldrh	r2, [r4, #6]
   810d4:	2a00      	cmp	r2, #0
   810d6:	f47f aeca 	bne.w	80e6e <udc_process_setup+0xaa>
	udd_g_ctrlreq.callback = udc_valid_address;
   810da:	4b79      	ldr	r3, [pc, #484]	; (812c0 <udc_process_setup+0x4fc>)
			return true;
   810dc:	2501      	movs	r5, #1
	udd_g_ctrlreq.callback = udc_valid_address;
   810de:	6123      	str	r3, [r4, #16]
	return true;
   810e0:	e68d      	b.n	80dfe <udc_process_setup+0x3a>
			switch (udd_g_ctrlreq.req.bRequest) {
   810e2:	7862      	ldrb	r2, [r4, #1]
   810e4:	2a06      	cmp	r2, #6
   810e6:	d040      	beq.n	8116a <udc_process_setup+0x3a6>
   810e8:	2a08      	cmp	r2, #8
   810ea:	d036      	beq.n	8115a <udc_process_setup+0x396>
   810ec:	2a00      	cmp	r2, #0
   810ee:	f47f aebe 	bne.w	80e6e <udc_process_setup+0xaa>
	if (udd_g_ctrlreq.req.wLength != sizeof(udc_device_status)) {
   810f2:	2d02      	cmp	r5, #2
   810f4:	f47f aebb 	bne.w	80e6e <udc_process_setup+0xaa>
	udd_set_setup_payload( (uint8_t *) & udc_device_status,
   810f8:	4629      	mov	r1, r5
   810fa:	486f      	ldr	r0, [pc, #444]	; (812b8 <udc_process_setup+0x4f4>)
   810fc:	4b71      	ldr	r3, [pc, #452]	; (812c4 <udc_process_setup+0x500>)
   810fe:	4798      	blx	r3
			return true;
   81100:	2501      	movs	r5, #1
   81102:	e67c      	b.n	80dfe <udc_process_setup+0x3a>
			switch (udd_g_ctrlreq.req.bRequest) {
   81104:	7862      	ldrb	r2, [r4, #1]
   81106:	2a0b      	cmp	r2, #11
   81108:	f47f aeb1 	bne.w	80e6e <udc_process_setup+0xaa>
	if (udd_g_ctrlreq.req.wLength) {
   8110c:	88e2      	ldrh	r2, [r4, #6]
   8110e:	2a00      	cmp	r2, #0
   81110:	f47f aead 	bne.w	80e6e <udc_process_setup+0xaa>
	if (!udc_num_configuration) {
   81114:	4a65      	ldr	r2, [pc, #404]	; (812ac <udc_process_setup+0x4e8>)
   81116:	7812      	ldrb	r2, [r2, #0]
   81118:	2a00      	cmp	r2, #0
   8111a:	f43f aea8 	beq.w	80e6e <udc_process_setup+0xaa>
	iface_num = udd_g_ctrlreq.req.wIndex & 0xFF;
   8111e:	7925      	ldrb	r5, [r4, #4]
	if (!udc_iface_disable(iface_num)) {
   81120:	4b64      	ldr	r3, [pc, #400]	; (812b4 <udc_process_setup+0x4f0>)
   81122:	4628      	mov	r0, r5
	setting_num = udd_g_ctrlreq.req.wValue & 0xFF;
   81124:	8866      	ldrh	r6, [r4, #2]
	if (!udc_iface_disable(iface_num)) {
   81126:	4798      	blx	r3
   81128:	2800      	cmp	r0, #0
   8112a:	f43f af54 	beq.w	80fd6 <udc_process_setup+0x212>
	return udc_iface_enable(iface_num, setting_num);
   8112e:	4628      	mov	r0, r5
   81130:	4b62      	ldr	r3, [pc, #392]	; (812bc <udc_process_setup+0x4f8>)
   81132:	b2f1      	uxtb	r1, r6
   81134:	4798      	blx	r3
		if (udc_reqstd()) {
   81136:	2800      	cmp	r0, #0
   81138:	f47f af04 	bne.w	80f44 <udc_process_setup+0x180>
   8113c:	e74b      	b.n	80fd6 <udc_process_setup+0x212>
	if (udd_g_ctrlreq.req.wValue == USB_EP_FEATURE_HALT) {
   8113e:	88e2      	ldrh	r2, [r4, #6]
   81140:	8861      	ldrh	r1, [r4, #2]
   81142:	430a      	orrs	r2, r1
   81144:	b292      	uxth	r2, r2
   81146:	2a00      	cmp	r2, #0
   81148:	f47f af0b 	bne.w	80f62 <udc_process_setup+0x19e>
		return udd_ep_clear_halt(udd_g_ctrlreq.req.wIndex & 0xFF);
   8114c:	7920      	ldrb	r0, [r4, #4]
   8114e:	4b5e      	ldr	r3, [pc, #376]	; (812c8 <udc_process_setup+0x504>)
   81150:	4798      	blx	r3
		if (udc_reqstd()) {
   81152:	2800      	cmp	r0, #0
   81154:	f47f aef6 	bne.w	80f44 <udc_process_setup+0x180>
   81158:	e73d      	b.n	80fd6 <udc_process_setup+0x212>
	if (udd_g_ctrlreq.req.wLength != 1) {
   8115a:	2d01      	cmp	r5, #1
   8115c:	f47f ae87 	bne.w	80e6e <udc_process_setup+0xaa>
	udd_set_setup_payload(&udc_num_configuration,1);
   81160:	4629      	mov	r1, r5
   81162:	4852      	ldr	r0, [pc, #328]	; (812ac <udc_process_setup+0x4e8>)
   81164:	4b57      	ldr	r3, [pc, #348]	; (812c4 <udc_process_setup+0x500>)
   81166:	4798      	blx	r3
	return true;
   81168:	e649      	b.n	80dfe <udc_process_setup+0x3a>
	conf_num = udd_g_ctrlreq.req.wValue & 0xff;
   8116a:	8861      	ldrh	r1, [r4, #2]
	switch ((uint8_t) (udd_g_ctrlreq.req.wValue >> 8)) {
   8116c:	0a0a      	lsrs	r2, r1, #8
   8116e:	3a01      	subs	r2, #1
	conf_num = udd_g_ctrlreq.req.wValue & 0xff;
   81170:	b2cd      	uxtb	r5, r1
	switch ((uint8_t) (udd_g_ctrlreq.req.wValue >> 8)) {
   81172:	2a0e      	cmp	r2, #14
   81174:	f63f ae3a 	bhi.w	80dec <udc_process_setup+0x28>
   81178:	a101      	add	r1, pc, #4	; (adr r1, 81180 <udc_process_setup+0x3bc>)
   8117a:	f851 f022 	ldr.w	pc, [r1, r2, lsl #2]
   8117e:	bf00      	nop
   81180:	00081235 	.word	0x00081235
   81184:	0008120b 	.word	0x0008120b
   81188:	00081249 	.word	0x00081249
   8118c:	00080ded 	.word	0x00080ded
   81190:	00080ded 	.word	0x00080ded
   81194:	000811ff 	.word	0x000811ff
   81198:	000811d5 	.word	0x000811d5
   8119c:	00080ded 	.word	0x00080ded
   811a0:	00080ded 	.word	0x00080ded
   811a4:	00080ded 	.word	0x00080ded
   811a8:	00080ded 	.word	0x00080ded
   811ac:	00080ded 	.word	0x00080ded
   811b0:	00080ded 	.word	0x00080ded
   811b4:	00080ded 	.word	0x00080ded
   811b8:	000811bd 	.word	0x000811bd
		udd_set_setup_payload( (uint8_t *) &MS_BOS_PACKET,
   811bc:	2121      	movs	r1, #33	; 0x21
   811be:	4843      	ldr	r0, [pc, #268]	; (812cc <udc_process_setup+0x508>)
   811c0:	4b40      	ldr	r3, [pc, #256]	; (812c4 <udc_process_setup+0x500>)
   811c2:	4798      	blx	r3
	if (udd_g_ctrlreq.req.wLength < udd_g_ctrlreq.payload_size) {
   811c4:	88e3      	ldrh	r3, [r4, #6]
   811c6:	89a2      	ldrh	r2, [r4, #12]
   811c8:	429a      	cmp	r2, r3
   811ca:	f67f aebb 	bls.w	80f44 <udc_process_setup+0x180>
			return true;
   811ce:	2501      	movs	r5, #1
		udd_g_ctrlreq.payload_size = udd_g_ctrlreq.req.wLength;
   811d0:	81a3      	strh	r3, [r4, #12]
   811d2:	e614      	b.n	80dfe <udc_process_setup+0x3a>
		if (!udd_is_high_speed()) {
   811d4:	4b33      	ldr	r3, [pc, #204]	; (812a4 <udc_process_setup+0x4e0>)
   811d6:	4798      	blx	r3
			if (conf_num >= udc_config.confdev_hs->
   811d8:	4b33      	ldr	r3, [pc, #204]	; (812a8 <udc_process_setup+0x4e4>)
		if (!udd_is_high_speed()) {
   811da:	2800      	cmp	r0, #0
   811dc:	f040 8094 	bne.w	81308 <udc_process_setup+0x544>
			if (conf_num >= udc_config.confdev_hs->
   811e0:	689a      	ldr	r2, [r3, #8]
   811e2:	7c52      	ldrb	r2, [r2, #17]
   811e4:	42aa      	cmp	r2, r5
   811e6:	f67f aef6 	bls.w	80fd6 <udc_process_setup+0x212>
				(uint8_t *)udc_config.conf_hs[conf_num].desc,
   811ea:	691a      	ldr	r2, [r3, #16]
			udd_set_setup_payload(
   811ec:	4b35      	ldr	r3, [pc, #212]	; (812c4 <udc_process_setup+0x500>)
				(uint8_t *)udc_config.conf_hs[conf_num].desc,
   811ee:	f852 0035 	ldr.w	r0, [r2, r5, lsl #3]
			udd_set_setup_payload(
   811f2:	8841      	ldrh	r1, [r0, #2]
   811f4:	4798      	blx	r3
		((usb_conf_desc_t *) udd_g_ctrlreq.payload)->bDescriptorType =
   811f6:	2207      	movs	r2, #7
   811f8:	68a3      	ldr	r3, [r4, #8]
   811fa:	705a      	strb	r2, [r3, #1]
		break;
   811fc:	e7e2      	b.n	811c4 <udc_process_setup+0x400>
		udd_set_setup_payload( (uint8_t *) udc_config.qualifier,
   811fe:	4a2a      	ldr	r2, [pc, #168]	; (812a8 <udc_process_setup+0x4e4>)
   81200:	4b30      	ldr	r3, [pc, #192]	; (812c4 <udc_process_setup+0x500>)
   81202:	68d0      	ldr	r0, [r2, #12]
   81204:	7801      	ldrb	r1, [r0, #0]
   81206:	4798      	blx	r3
		break;
   81208:	e7dc      	b.n	811c4 <udc_process_setup+0x400>
		if (udd_is_high_speed()) {
   8120a:	4b26      	ldr	r3, [pc, #152]	; (812a4 <udc_process_setup+0x4e0>)
   8120c:	4798      	blx	r3
			if (conf_num >= udc_config.confdev_hs->
   8120e:	4b26      	ldr	r3, [pc, #152]	; (812a8 <udc_process_setup+0x4e4>)
		if (udd_is_high_speed()) {
   81210:	2800      	cmp	r0, #0
   81212:	f000 8090 	beq.w	81336 <udc_process_setup+0x572>
			if (conf_num >= udc_config.confdev_hs->
   81216:	689a      	ldr	r2, [r3, #8]
   81218:	7c52      	ldrb	r2, [r2, #17]
   8121a:	42aa      	cmp	r2, r5
   8121c:	f67f aedb 	bls.w	80fd6 <udc_process_setup+0x212>
				(uint8_t *)udc_config.conf_hs[conf_num].desc,
   81220:	691a      	ldr	r2, [r3, #16]
			udd_set_setup_payload(
   81222:	4b28      	ldr	r3, [pc, #160]	; (812c4 <udc_process_setup+0x500>)
				(uint8_t *)udc_config.conf_hs[conf_num].desc,
   81224:	f852 0035 	ldr.w	r0, [r2, r5, lsl #3]
			udd_set_setup_payload(
   81228:	8841      	ldrh	r1, [r0, #2]
   8122a:	4798      	blx	r3
		((usb_conf_desc_t *) udd_g_ctrlreq.payload)->bDescriptorType =
   8122c:	2202      	movs	r2, #2
   8122e:	68a3      	ldr	r3, [r4, #8]
   81230:	705a      	strb	r2, [r3, #1]
		break;
   81232:	e7c7      	b.n	811c4 <udc_process_setup+0x400>
		if (!udd_is_high_speed()) {
   81234:	4b1b      	ldr	r3, [pc, #108]	; (812a4 <udc_process_setup+0x4e0>)
   81236:	4798      	blx	r3
   81238:	2800      	cmp	r0, #0
   8123a:	d171      	bne.n	81320 <udc_process_setup+0x55c>
				(uint8_t *) udc_config.confdev_hs,
   8123c:	4a1a      	ldr	r2, [pc, #104]	; (812a8 <udc_process_setup+0x4e4>)
			udd_set_setup_payload(
   8123e:	4b21      	ldr	r3, [pc, #132]	; (812c4 <udc_process_setup+0x500>)
				(uint8_t *) udc_config.confdev_hs,
   81240:	6890      	ldr	r0, [r2, #8]
			udd_set_setup_payload(
   81242:	7801      	ldrb	r1, [r0, #0]
   81244:	4798      	blx	r3
   81246:	e7bd      	b.n	811c4 <udc_process_setup+0x400>
	switch (udd_g_ctrlreq.req.wValue & 0xff) {
   81248:	2d03      	cmp	r5, #3
   8124a:	f63f adcf 	bhi.w	80dec <udc_process_setup+0x28>
   8124e:	e8df f005 	tbb	[pc, r5]
   81252:	171a      	.short	0x171a
   81254:	0214      	.short	0x0214
   81256:	2120      	movs	r1, #32
   81258:	4b1d      	ldr	r3, [pc, #116]	; (812d0 <udc_process_setup+0x50c>)
		for(i = 0; i < str_length; i++) {
   8125a:	4e1e      	ldr	r6, [pc, #120]	; (812d4 <udc_process_setup+0x510>)
   8125c:	185d      	adds	r5, r3, r1
   8125e:	4632      	mov	r2, r6
			udc_string_desc.string[i] = cpu_to_le16((le16_t)str[i]);
   81260:	f813 0b01 	ldrb.w	r0, [r3], #1
		for(i = 0; i < str_length; i++) {
   81264:	42ab      	cmp	r3, r5
			udc_string_desc.string[i] = cpu_to_le16((le16_t)str[i]);
   81266:	f822 0f02 	strh.w	r0, [r2, #2]!
		for(i = 0; i < str_length; i++) {
   8126a:	d1f9      	bne.n	81260 <udc_process_setup+0x49c>
		udc_string_desc.header.bLength = 2 + (str_length) * 2;
   8126c:	0049      	lsls	r1, r1, #1
   8126e:	3102      	adds	r1, #2
		udd_set_setup_payload(
   81270:	4818      	ldr	r0, [pc, #96]	; (812d4 <udc_process_setup+0x510>)
   81272:	4b14      	ldr	r3, [pc, #80]	; (812c4 <udc_process_setup+0x500>)
		udc_string_desc.header.bLength = 2 + (str_length) * 2;
   81274:	7031      	strb	r1, [r6, #0]
		udd_set_setup_payload(
   81276:	4798      	blx	r3
   81278:	e7a4      	b.n	811c4 <udc_process_setup+0x400>
		str_length = USB_DEVICE_PRODUCT_NAME_SIZE;
   8127a:	2113      	movs	r1, #19
		str = udc_string_product_name;
   8127c:	4b16      	ldr	r3, [pc, #88]	; (812d8 <udc_process_setup+0x514>)
   8127e:	e7ec      	b.n	8125a <udc_process_setup+0x496>
		str_length = USB_DEVICE_MANUFACTURE_NAME_SIZE;
   81280:	2115      	movs	r1, #21
		str = udc_string_manufacturer_name;
   81282:	4b16      	ldr	r3, [pc, #88]	; (812dc <udc_process_setup+0x518>)
   81284:	e7e9      	b.n	8125a <udc_process_setup+0x496>
		udd_set_setup_payload((uint8_t *) &udc_string_desc_languageid,
   81286:	2104      	movs	r1, #4
   81288:	4815      	ldr	r0, [pc, #84]	; (812e0 <udc_process_setup+0x51c>)
   8128a:	4b0e      	ldr	r3, [pc, #56]	; (812c4 <udc_process_setup+0x500>)
   8128c:	4798      	blx	r3
	if (str_length) {
   8128e:	e799      	b.n	811c4 <udc_process_setup+0x400>
				udc_config.confdev_lsfs->bNumConfigurations) {
   81290:	f8da 2000 	ldr.w	r2, [sl]
		if ((udd_g_ctrlreq.req.wValue & 0xFF) >
   81294:	7c52      	ldrb	r2, [r2, #17]
   81296:	429a      	cmp	r2, r3
   81298:	f4bf aeda 	bcs.w	81050 <udc_process_setup+0x28c>
   8129c:	e69b      	b.n	80fd6 <udc_process_setup+0x212>
   8129e:	bf00      	nop
   812a0:	00082ca9 	.word	0x00082ca9
   812a4:	00082c71 	.word	0x00082c71
   812a8:	20000320 	.word	0x20000320
   812ac:	200035d9 	.word	0x200035d9
   812b0:	200035dc 	.word	0x200035dc
   812b4:	00080c2d 	.word	0x00080c2d
   812b8:	200035d4 	.word	0x200035d4
   812bc:	00080cb9 	.word	0x00080cb9
   812c0:	00080bb9 	.word	0x00080bb9
   812c4:	00082cc9 	.word	0x00082cc9
   812c8:	00082e01 	.word	0x00082e01
   812cc:	200001c8 	.word	0x200001c8
   812d0:	2000019c 	.word	0x2000019c
   812d4:	2000028c 	.word	0x2000028c
   812d8:	200002ec 	.word	0x200002ec
   812dc:	200002d4 	.word	0x200002d4
   812e0:	200002d0 	.word	0x200002d0
		udd_ep_abort(udd_g_ctrlreq.req.wIndex & 0xFF);
   812e4:	7920      	ldrb	r0, [r4, #4]
   812e6:	4b32      	ldr	r3, [pc, #200]	; (813b0 <udc_process_setup+0x5ec>)
   812e8:	4798      	blx	r3
		return udd_ep_set_halt(udd_g_ctrlreq.req.wIndex & 0xFF);
   812ea:	7920      	ldrb	r0, [r4, #4]
   812ec:	4b31      	ldr	r3, [pc, #196]	; (813b4 <udc_process_setup+0x5f0>)
   812ee:	4798      	blx	r3
		if (udc_reqstd()) {
   812f0:	2800      	cmp	r0, #0
   812f2:	f47f ae27 	bne.w	80f44 <udc_process_setup+0x180>
   812f6:	e66e      	b.n	80fd6 <udc_process_setup+0x212>
		udc_ptr_conf = &udc_config.conf_lsfs[udc_num_configuration - 1];
   812f8:	f8da 3004 	ldr.w	r3, [sl, #4]
   812fc:	f102 5200 	add.w	r2, r2, #536870912	; 0x20000000
   81300:	3a01      	subs	r2, #1
   81302:	eb03 03c2 	add.w	r3, r3, r2, lsl #3
   81306:	e6cb      	b.n	810a0 <udc_process_setup+0x2dc>
			if (conf_num >= udc_config.confdev_lsfs->
   81308:	681a      	ldr	r2, [r3, #0]
   8130a:	7c52      	ldrb	r2, [r2, #17]
   8130c:	42aa      	cmp	r2, r5
   8130e:	f67f ae62 	bls.w	80fd6 <udc_process_setup+0x212>
				(uint8_t *)udc_config.conf_lsfs[conf_num].desc,
   81312:	685a      	ldr	r2, [r3, #4]
			udd_set_setup_payload(
   81314:	4b28      	ldr	r3, [pc, #160]	; (813b8 <udc_process_setup+0x5f4>)
				(uint8_t *)udc_config.conf_lsfs[conf_num].desc,
   81316:	f852 0035 	ldr.w	r0, [r2, r5, lsl #3]
			udd_set_setup_payload(
   8131a:	8841      	ldrh	r1, [r0, #2]
   8131c:	4798      	blx	r3
   8131e:	e76a      	b.n	811f6 <udc_process_setup+0x432>
			(udc_config.confdev_lsfs)->bcdUSB = 0x0210;
   81320:	2010      	movs	r0, #16
   81322:	2102      	movs	r1, #2
   81324:	4b25      	ldr	r3, [pc, #148]	; (813bc <udc_process_setup+0x5f8>)
			udd_set_setup_payload(
   81326:	4d24      	ldr	r5, [pc, #144]	; (813b8 <udc_process_setup+0x5f4>)
			(udc_config.confdev_lsfs)->bcdUSB = 0x0210;
   81328:	681a      	ldr	r2, [r3, #0]
   8132a:	7090      	strb	r0, [r2, #2]
   8132c:	70d1      	strb	r1, [r2, #3]
				(uint8_t *) udc_config.confdev_lsfs,
   8132e:	6818      	ldr	r0, [r3, #0]
			udd_set_setup_payload(
   81330:	7801      	ldrb	r1, [r0, #0]
   81332:	47a8      	blx	r5
   81334:	e746      	b.n	811c4 <udc_process_setup+0x400>
			if (conf_num >= udc_config.confdev_lsfs->
   81336:	681a      	ldr	r2, [r3, #0]
   81338:	7c52      	ldrb	r2, [r2, #17]
   8133a:	42aa      	cmp	r2, r5
   8133c:	f67f ae4b 	bls.w	80fd6 <udc_process_setup+0x212>
				(uint8_t *)udc_config.conf_lsfs[conf_num].desc,
   81340:	685a      	ldr	r2, [r3, #4]
			udd_set_setup_payload(
   81342:	4b1d      	ldr	r3, [pc, #116]	; (813b8 <udc_process_setup+0x5f4>)
				(uint8_t *)udc_config.conf_lsfs[conf_num].desc,
   81344:	f852 0035 	ldr.w	r0, [r2, r5, lsl #3]
			udd_set_setup_payload(
   81348:	8841      	ldrh	r1, [r0, #2]
   8134a:	4798      	blx	r3
   8134c:	e76e      	b.n	8122c <udc_process_setup+0x468>
	if (udc_num_configuration) {
   8134e:	4e1c      	ldr	r6, [pc, #112]	; (813c0 <udc_process_setup+0x5fc>)
   81350:	7832      	ldrb	r2, [r6, #0]
   81352:	b192      	cbz	r2, 8137a <udc_process_setup+0x5b6>
				iface_num < udc_ptr_conf->desc->bNumInterfaces;
   81354:	4f1b      	ldr	r7, [pc, #108]	; (813c4 <udc_process_setup+0x600>)
   81356:	683a      	ldr	r2, [r7, #0]
   81358:	6812      	ldr	r2, [r2, #0]
		for (iface_num = 0;
   8135a:	7912      	ldrb	r2, [r2, #4]
   8135c:	b16a      	cbz	r2, 8137a <udc_process_setup+0x5b6>
   8135e:	4699      	mov	r9, r3
   81360:	4618      	mov	r0, r3
   81362:	f8df 8064 	ldr.w	r8, [pc, #100]	; 813c8 <udc_process_setup+0x604>
			udc_iface_disable(iface_num);
   81366:	47c0      	blx	r8
				iface_num < udc_ptr_conf->desc->bNumInterfaces;
   81368:	683b      	ldr	r3, [r7, #0]
		for (iface_num = 0;
   8136a:	f109 0901 	add.w	r9, r9, #1
				iface_num < udc_ptr_conf->desc->bNumInterfaces;
   8136e:	681b      	ldr	r3, [r3, #0]
		for (iface_num = 0;
   81370:	fa5f f089 	uxtb.w	r0, r9
   81374:	791b      	ldrb	r3, [r3, #4]
   81376:	4283      	cmp	r3, r0
   81378:	d8f5      	bhi.n	81366 <udc_process_setup+0x5a2>
	udc_num_configuration = 0;
   8137a:	2200      	movs	r2, #0
		switch ((udd_g_ctrlreq.req.wIndex >> 8) & 0xFF) {
   8137c:	88a3      	ldrh	r3, [r4, #4]
	udc_device_status =
   8137e:	4913      	ldr	r1, [pc, #76]	; (813cc <udc_process_setup+0x608>)
   81380:	0a1b      	lsrs	r3, r3, #8
   81382:	3b01      	subs	r3, #1
   81384:	800a      	strh	r2, [r1, #0]
	udc_num_configuration = 0;
   81386:	7032      	strb	r2, [r6, #0]
		switch ((udd_g_ctrlreq.req.wIndex >> 8) & 0xFF) {
   81388:	2b03      	cmp	r3, #3
   8138a:	f63f ae24 	bhi.w	80fd6 <udc_process_setup+0x212>
   8138e:	e8df f003 	tbb	[pc, r3]
   81392:	080b      	.short	0x080b
   81394:	0205      	.short	0x0205
			udd_g_ctrlreq.callback = udd_test_mode_packet;
   81396:	4b0e      	ldr	r3, [pc, #56]	; (813d0 <udc_process_setup+0x60c>)
   81398:	6123      	str	r3, [r4, #16]
			return true;
   8139a:	e530      	b.n	80dfe <udc_process_setup+0x3a>
			udd_g_ctrlreq.callback = udd_test_mode_se0_nak;
   8139c:	4b0d      	ldr	r3, [pc, #52]	; (813d4 <udc_process_setup+0x610>)
   8139e:	6123      	str	r3, [r4, #16]
			return true;
   813a0:	e52d      	b.n	80dfe <udc_process_setup+0x3a>
			udd_g_ctrlreq.callback = udd_test_mode_k;
   813a2:	4b0d      	ldr	r3, [pc, #52]	; (813d8 <udc_process_setup+0x614>)
   813a4:	6123      	str	r3, [r4, #16]
			return true;
   813a6:	e52a      	b.n	80dfe <udc_process_setup+0x3a>
			udd_g_ctrlreq.callback = udd_test_mode_j;
   813a8:	4b0c      	ldr	r3, [pc, #48]	; (813dc <udc_process_setup+0x618>)
   813aa:	6123      	str	r3, [r4, #16]
			return true;
   813ac:	e527      	b.n	80dfe <udc_process_setup+0x3a>
   813ae:	bf00      	nop
   813b0:	000831d1 	.word	0x000831d1
   813b4:	00082d59 	.word	0x00082d59
   813b8:	00082cc9 	.word	0x00082cc9
   813bc:	20000320 	.word	0x20000320
   813c0:	200035d9 	.word	0x200035d9
   813c4:	200035dc 	.word	0x200035dc
   813c8:	00080c2d 	.word	0x00080c2d
   813cc:	200035d4 	.word	0x200035d4
   813d0:	0008329d 	.word	0x0008329d
   813d4:	00083285 	.word	0x00083285
   813d8:	00083261 	.word	0x00083261
   813dc:	0008323d 	.word	0x0008323d

000813e0 <FPGA_setlock>:
uint8_t volatile *xram = (uint8_t *) PSRAM_BASE_ADDRESS;

static volatile fpga_lockstatus_t _fpga_locked = fpga_unlocked;

int FPGA_setlock(fpga_lockstatus_t lockstatus)
{
   813e0:	b538      	push	{r3, r4, r5, lr}
  int ret = 0;
  cpu_irq_enter_critical();
   813e2:	4b08      	ldr	r3, [pc, #32]	; (81404 <FPGA_setlock+0x24>)
{
   813e4:	4604      	mov	r4, r0
  cpu_irq_enter_critical();
   813e6:	4798      	blx	r3
  if (_fpga_locked == fpga_unlocked)
   813e8:	4b07      	ldr	r3, [pc, #28]	; (81408 <FPGA_setlock+0x28>)
   813ea:	781a      	ldrb	r2, [r3, #0]
   813ec:	b92a      	cbnz	r2, 813fa <FPGA_setlock+0x1a>
  {
    ret = 1;
   813ee:	2501      	movs	r5, #1
    _fpga_locked = lockstatus;
   813f0:	701c      	strb	r4, [r3, #0]
  }
  cpu_irq_leave_critical();
   813f2:	4b06      	ldr	r3, [pc, #24]	; (8140c <FPGA_setlock+0x2c>)
   813f4:	4798      	blx	r3
  return ret;
}
   813f6:	4628      	mov	r0, r5
   813f8:	bd38      	pop	{r3, r4, r5, pc}
  int ret = 0;
   813fa:	2500      	movs	r5, #0
  cpu_irq_leave_critical();
   813fc:	4b03      	ldr	r3, [pc, #12]	; (8140c <FPGA_setlock+0x2c>)
   813fe:	4798      	blx	r3
}
   81400:	4628      	mov	r0, r5
   81402:	bd38      	pop	{r3, r4, r5, pc}
   81404:	000815e1 	.word	0x000815e1
   81408:	200035e4 	.word	0x200035e4
   8140c:	00081621 	.word	0x00081621

00081410 <FPGA_releaselock>:

void FPGA_releaselock(void)
{
  _fpga_locked = fpga_unlocked;
   81410:	2200      	movs	r2, #0
   81412:	4b01      	ldr	r3, [pc, #4]	; (81418 <FPGA_releaselock+0x8>)
   81414:	701a      	strb	r2, [r3, #0]
}
   81416:	4770      	bx	lr
   81418:	200035e4 	.word	0x200035e4

0008141c <FPGA_lockstatus>:

fpga_lockstatus_t FPGA_lockstatus(void)
{
  return _fpga_locked;
   8141c:	4b01      	ldr	r3, [pc, #4]	; (81424 <FPGA_lockstatus+0x8>)
   8141e:	7818      	ldrb	r0, [r3, #0]
}
   81420:	4770      	bx	lr
   81422:	bf00      	nop
   81424:	200035e4 	.word	0x200035e4

00081428 <ui_init>:
#include <asf.h>
#include "ui.h"
#include "tasks.h"

void ui_init(void)
{
   81428:	b510      	push	{r4, lr}
	// Initialize LEDs
	LED_Off(LED0_GPIO);
   8142a:	2011      	movs	r0, #17
   8142c:	4c04      	ldr	r4, [pc, #16]	; (81440 <ui_init+0x18>)
   8142e:	47a0      	blx	r4
	LED_Off(LED1_GPIO);
   81430:	2010      	movs	r0, #16
   81432:	47a0      	blx	r4
	LED_Off(LED2_GPIO);
   81434:	4623      	mov	r3, r4
}
   81436:	e8bd 4010 	ldmia.w	sp!, {r4, lr}
	LED_Off(LED2_GPIO);
   8143a:	204c      	movs	r0, #76	; 0x4c
   8143c:	4718      	bx	r3
   8143e:	bf00      	nop
   81440:	0008164d 	.word	0x0008164d

00081444 <ui_powerdown>:

void ui_powerdown(void)
{
   81444:	b510      	push	{r4, lr}
	LED_Off(LED0_GPIO);
   81446:	2011      	movs	r0, #17
   81448:	4c05      	ldr	r4, [pc, #20]	; (81460 <ui_powerdown+0x1c>)
   8144a:	47a0      	blx	r4
	LED_Off(LED1_GPIO);
   8144c:	2010      	movs	r0, #16
   8144e:	47a0      	blx	r4
	LED_Off(LED2_GPIO);
   81450:	204c      	movs	r0, #76	; 0x4c
   81452:	47a0      	blx	r4
	
	// Power off FPGA
	board_sram_pwroff();
		
}
   81454:	e8bd 4010 	ldmia.w	sp!, {r4, lr}
	board_sram_pwroff();
   81458:	2053      	movs	r0, #83	; 0x53
   8145a:	4b02      	ldr	r3, [pc, #8]	; (81464 <ui_powerdown+0x20>)
   8145c:	4718      	bx	r3
   8145e:	bf00      	nop
   81460:	0008164d 	.word	0x0008164d
   81464:	0008176d 	.word	0x0008176d

00081468 <ui_wakeup>:

void ui_wakeup(void)
{
   81468:	b510      	push	{r4, lr}
	LED_On(LED0_GPIO);
   8146a:	2011      	movs	r0, #17
   8146c:	4b03      	ldr	r3, [pc, #12]	; (8147c <ui_wakeup+0x14>)
   8146e:	4798      	blx	r3
	board_sram_pwron();
}
   81470:	e8bd 4010 	ldmia.w	sp!, {r4, lr}
	board_sram_pwron();
   81474:	2053      	movs	r0, #83	; 0x53
   81476:	4b02      	ldr	r3, [pc, #8]	; (81480 <ui_wakeup+0x18>)
   81478:	4718      	bx	r3
   8147a:	bf00      	nop
   8147c:	00081695 	.word	0x00081695
   81480:	00081789 	.word	0x00081789

00081484 <ui_process>:

void ui_process(uint16_t framenumber)
{
	if ((framenumber % 1024) == 0) {
   81484:	f3c0 0309 	ubfx	r3, r0, #0, #10
{
   81488:	b510      	push	{r4, lr}
   8148a:	4604      	mov	r4, r0
	if ((framenumber % 1024) == 0) {
   8148c:	b1ab      	cbz	r3, 814ba <ui_process+0x36>
		LED_On(LED0_GPIO);
	}
	if ((framenumber % 1024) == 512) {
   8148e:	f5b3 7f00 	cmp.w	r3, #512	; 0x200
   81492:	d003      	beq.n	8149c <ui_process+0x18>
		LED_Off(LED0_GPIO);
	}
	
	if ((framenumber % 512) == 0) {
   81494:	f3c4 0408 	ubfx	r4, r4, #0, #9
   81498:	b13c      	cbz	r4, 814aa <ui_process+0x26>
		LED_Off(LED1_GPIO);
		LED_Off(LED2_GPIO);
	}
}
   8149a:	bd10      	pop	{r4, pc}
		LED_Off(LED0_GPIO);
   8149c:	2011      	movs	r0, #17
   8149e:	4b09      	ldr	r3, [pc, #36]	; (814c4 <ui_process+0x40>)
	if ((framenumber % 512) == 0) {
   814a0:	f3c4 0408 	ubfx	r4, r4, #0, #9
		LED_Off(LED0_GPIO);
   814a4:	4798      	blx	r3
	if ((framenumber % 512) == 0) {
   814a6:	2c00      	cmp	r4, #0
   814a8:	d1f7      	bne.n	8149a <ui_process+0x16>
		LED_Off(LED1_GPIO);
   814aa:	4c06      	ldr	r4, [pc, #24]	; (814c4 <ui_process+0x40>)
   814ac:	2010      	movs	r0, #16
   814ae:	47a0      	blx	r4
		LED_Off(LED2_GPIO);
   814b0:	4623      	mov	r3, r4
}
   814b2:	e8bd 4010 	ldmia.w	sp!, {r4, lr}
		LED_Off(LED2_GPIO);
   814b6:	204c      	movs	r0, #76	; 0x4c
   814b8:	4718      	bx	r3
		LED_On(LED0_GPIO);
   814ba:	2011      	movs	r0, #17
   814bc:	4b02      	ldr	r3, [pc, #8]	; (814c8 <ui_process+0x44>)
   814be:	4798      	blx	r3
	if ((framenumber % 1024) == 512) {
   814c0:	e7e8      	b.n	81494 <ui_process+0x10>
   814c2:	bf00      	nop
   814c4:	0008164d 	.word	0x0008164d
   814c8:	00081695 	.word	0x00081695

000814cc <iopins_normal>:
	
	/* */
}

void iopins_normal(void)
{
   814cc:	b510      	push	{r4, lr}
	/* Configure LED pins */
	gpio_configure_pin(LED0_GPIO, LED0_FLAGS);
   814ce:	f04f 5160 	mov.w	r1, #939524096	; 0x38000000
   814d2:	4c0d      	ldr	r4, [pc, #52]	; (81508 <iopins_normal+0x3c>)
   814d4:	2011      	movs	r0, #17
   814d6:	47a0      	blx	r4
	gpio_configure_pin(LED1_GPIO, LED1_FLAGS);
   814d8:	f04f 5160 	mov.w	r1, #939524096	; 0x38000000
   814dc:	2010      	movs	r0, #16
   814de:	47a0      	blx	r4
	gpio_configure_pin(LED2_GPIO, LED2_FLAGS);
   814e0:	f04f 5160 	mov.w	r1, #939524096	; 0x38000000
   814e4:	204c      	movs	r0, #76	; 0x4c
   814e6:	47a0      	blx	r4
	
	/* Configure MOSFET for turning on-off system */
	gpio_configure_pin(PIN_PWRON_GPIO, PIN_PWRON_FLAGS);
   814e8:	f04f 5140 	mov.w	r1, #805306368	; 0x30000000
   814ec:	2053      	movs	r0, #83	; 0x53
   814ee:	47a0      	blx	r4
	board_sram_pwron();
   814f0:	2053      	movs	r0, #83	; 0x53
   814f2:	4b06      	ldr	r3, [pc, #24]	; (8150c <iopins_normal+0x40>)
   814f4:	4798      	blx	r3
#if defined(CONF_BOARD_USB_PORT)
#  if defined(CONF_BOARD_USB_VBUS_DETECT)
	gpio_configure_pin(USB_VBUS_PIN, USB_VBUS_FLAGS);
#  endif
#endif	
}
   814f6:	e8bd 4010 	ldmia.w	sp!, {r4, lr}
	gpio_configure_group(PINS_UART_PIO, PINS_UART, PINS_UART_FLAGS);
   814fa:	f04f 6200 	mov.w	r2, #134217728	; 0x8000000
   814fe:	f44f 51c0 	mov.w	r1, #6144	; 0x1800
   81502:	4803      	ldr	r0, [pc, #12]	; (81510 <iopins_normal+0x44>)
   81504:	4b03      	ldr	r3, [pc, #12]	; (81514 <iopins_normal+0x48>)
   81506:	4718      	bx	r3
   81508:	000817a5 	.word	0x000817a5
   8150c:	00081789 	.word	0x00081789
   81510:	400e0c00 	.word	0x400e0c00
   81514:	0008189d 	.word	0x0008189d

00081518 <board_init>:

void board_init(void)
{
#ifndef CONF_BOARD_KEEP_WATCHDOG_AT_INIT
	/* Disable the watchdog */
	WDT->WDT_MR = WDT_MR_WDDIS;
   81518:	f44f 4200 	mov.w	r2, #32768	; 0x8000
{
   8151c:	b510      	push	{r4, lr}
	WDT->WDT_MR = WDT_MR_WDDIS;
   8151e:	4b06      	ldr	r3, [pc, #24]	; (81538 <board_init+0x20>)
   81520:	4c06      	ldr	r4, [pc, #24]	; (8153c <board_init+0x24>)
   81522:	655a      	str	r2, [r3, #84]	; 0x54
   81524:	200a      	movs	r0, #10
   81526:	47a0      	blx	r4
   81528:	200b      	movs	r0, #11
   8152a:	47a0      	blx	r4
   8152c:	200c      	movs	r0, #12
   8152e:	47a0      	blx	r4
	 */
	ioport_init();

	iopins_normal();

}
   81530:	e8bd 4010 	ldmia.w	sp!, {r4, lr}
	iopins_normal();
   81534:	4b02      	ldr	r3, [pc, #8]	; (81540 <board_init+0x28>)
   81536:	4718      	bx	r3
   81538:	400e1200 	.word	0x400e1200
   8153c:	00081ab5 	.word	0x00081ab5
   81540:	000814cd 	.word	0x000814cd

00081544 <efc_perform_command>:
 *
 * \return 0 if successful, otherwise returns an error code.
 */
uint32_t efc_perform_command(Efc *p_efc, uint32_t ul_command,
		uint32_t ul_argument)
{
   81544:	b538      	push	{r3, r4, r5, lr}
	uint32_t result;
	irqflags_t flags;

	/* Unique ID commands are not supported. */
	if (ul_command == EFC_FCMD_STUI || ul_command == EFC_FCMD_SPUI) {
   81546:	f1a1 030e 	sub.w	r3, r1, #14
   8154a:	2b01      	cmp	r3, #1
   8154c:	d917      	bls.n	8157e <efc_perform_command+0x3a>
 */
__attribute__( ( always_inline ) ) __STATIC_INLINE uint32_t __get_PRIMASK(void)
{
  uint32_t result;

  __ASM volatile ("MRS %0, primask" : "=r" (result) );
   8154e:	f3ef 8510 	mrs	r5, PRIMASK
  __ASM volatile ("cpsid i");
   81552:	b672      	cpsid	i
   81554:	f3bf 8f5f 	dmb	sy
static volatile bool     cpu_irq_prev_interrupt_state;

static inline irqflags_t cpu_irq_save(void)
{
	irqflags_t flags = cpu_irq_is_enabled();
	cpu_irq_disable();
   81558:	2300      	movs	r3, #0
   8155a:	4c0a      	ldr	r4, [pc, #40]	; (81584 <efc_perform_command+0x40>)

	flags = cpu_irq_save();
	/* Use RAM Function. */
	result = efc_perform_fcr(p_efc,
			EEFC_FCR_FKEY_PASSWD | EEFC_FCR_FARG(ul_argument) |
			EEFC_FCR_FCMD(ul_command));
   8155c:	b2c9      	uxtb	r1, r1
   8155e:	7023      	strb	r3, [r4, #0]
			EEFC_FCR_FKEY_PASSWD | EEFC_FCR_FARG(ul_argument) |
   81560:	4b09      	ldr	r3, [pc, #36]	; (81588 <efc_perform_command+0x44>)
   81562:	ea03 2202 	and.w	r2, r3, r2, lsl #8
   81566:	4311      	orrs	r1, r2
	result = efc_perform_fcr(p_efc,
   81568:	4b08      	ldr	r3, [pc, #32]	; (8158c <efc_perform_command+0x48>)
   8156a:	f041 41b4 	orr.w	r1, r1, #1509949440	; 0x5a000000
   8156e:	4798      	blx	r3
	return (flags);
}

static inline void cpu_irq_restore(irqflags_t flags)
{
	if (cpu_irq_is_enabled_flags(flags))
   81570:	b925      	cbnz	r5, 8157c <efc_perform_command+0x38>
		cpu_irq_enable();
   81572:	2301      	movs	r3, #1
   81574:	7023      	strb	r3, [r4, #0]
   81576:	f3bf 8f5f 	dmb	sy
  __ASM volatile ("cpsie i");
   8157a:	b662      	cpsie	i
	cpu_irq_restore(flags);
	return result;
}
   8157c:	bd38      	pop	{r3, r4, r5, pc}
		return EFC_RC_NOT_SUPPORT;
   8157e:	f04f 30ff 	mov.w	r0, #4294967295	; 0xffffffff
}
   81582:	bd38      	pop	{r3, r4, r5, pc}
   81584:	20000304 	.word	0x20000304
   81588:	00ffff00 	.word	0x00ffff00
   8158c:	2000008d 	.word	0x2000008d

00081590 <Dummy_Handler>:
/**
 * \brief Default interrupt handler for unused IRQs.
 */
void Dummy_Handler(void)
{
	while (1) {
   81590:	e7fe      	b.n	81590 <Dummy_Handler>
   81592:	bf00      	nop

00081594 <flash_read_unique_id>:
 * \param ul_size Data buffer size in DWORD.
 *
 * \return 0 if successful; otherwise returns an error code.
 */
uint32_t flash_read_unique_id(uint32_t *pul_data, uint32_t ul_size)
{
   81594:	b5f0      	push	{r4, r5, r6, r7, lr}
	uint32_t uid_buf[4];
	uint32_t ul_idx;

	if (FLASH_RC_OK != efc_perform_read_sequence(EFC, EFC_FCMD_STUI,
   81596:	2604      	movs	r6, #4
{
   81598:	b087      	sub	sp, #28
   8159a:	4604      	mov	r4, r0
   8159c:	460d      	mov	r5, r1
	if (FLASH_RC_OK != efc_perform_read_sequence(EFC, EFC_FCMD_STUI,
   8159e:	220f      	movs	r2, #15
   815a0:	210e      	movs	r1, #14
   815a2:	480c      	ldr	r0, [pc, #48]	; (815d4 <flash_read_unique_id+0x40>)
   815a4:	4f0c      	ldr	r7, [pc, #48]	; (815d8 <flash_read_unique_id+0x44>)
   815a6:	ab02      	add	r3, sp, #8
   815a8:	9600      	str	r6, [sp, #0]
   815aa:	47b8      	blx	r7
   815ac:	b970      	cbnz	r0, 815cc <flash_read_unique_id+0x38>
			EFC_FCMD_SPUI, uid_buf, 4)) {
		return FLASH_RC_ERROR;
	}

	if (ul_size > 4) {
   815ae:	2d04      	cmp	r5, #4
   815b0:	4626      	mov	r6, r4
   815b2:	462a      	mov	r2, r5
   815b4:	4604      	mov	r4, r0
   815b6:	bf28      	it	cs
   815b8:	2204      	movcs	r2, #4
		/* Only 4 dword to store unique ID */
		ul_size = 4;
	}

	for (ul_idx = 0; ul_idx < ul_size; ul_idx++) {
   815ba:	b125      	cbz	r5, 815c6 <flash_read_unique_id+0x32>
		pul_data[ul_idx] = uid_buf[ul_idx];
   815bc:	4630      	mov	r0, r6
   815be:	4b07      	ldr	r3, [pc, #28]	; (815dc <flash_read_unique_id+0x48>)
   815c0:	a902      	add	r1, sp, #8
   815c2:	0092      	lsls	r2, r2, #2
   815c4:	4798      	blx	r3
	}

	return FLASH_RC_OK;
}
   815c6:	4620      	mov	r0, r4
   815c8:	b007      	add	sp, #28
   815ca:	bdf0      	pop	{r4, r5, r6, r7, pc}
		return FLASH_RC_ERROR;
   815cc:	2410      	movs	r4, #16
}
   815ce:	4620      	mov	r0, r4
   815d0:	b007      	add	sp, #28
   815d2:	bdf0      	pop	{r4, r5, r6, r7, pc}
   815d4:	400e0800 	.word	0x400e0800
   815d8:	20000001 	.word	0x20000001
   815dc:	0008347d 	.word	0x0008347d

000815e0 <cpu_irq_enter_critical>:
volatile bool g_interrupt_enabled = true;
#endif

void cpu_irq_enter_critical(void)
{
	if (cpu_irq_critical_section_counter == 0) {
   815e0:	4b0c      	ldr	r3, [pc, #48]	; (81614 <cpu_irq_enter_critical+0x34>)
   815e2:	681a      	ldr	r2, [r3, #0]
   815e4:	b922      	cbnz	r2, 815f0 <cpu_irq_enter_critical+0x10>
  __ASM volatile ("MRS %0, primask" : "=r" (result) );
   815e6:	f3ef 8110 	mrs	r1, PRIMASK
		if (cpu_irq_is_enabled()) {
   815ea:	b129      	cbz	r1, 815f8 <cpu_irq_enter_critical+0x18>
			cpu_irq_disable();
			cpu_irq_prev_interrupt_state = true;
		} else {
			/* Make sure the to save the prev state as false */
			cpu_irq_prev_interrupt_state = false;
   815ec:	490a      	ldr	r1, [pc, #40]	; (81618 <cpu_irq_enter_critical+0x38>)
   815ee:	700a      	strb	r2, [r1, #0]
		}

	}

	cpu_irq_critical_section_counter++;
   815f0:	681a      	ldr	r2, [r3, #0]
   815f2:	3201      	adds	r2, #1
   815f4:	601a      	str	r2, [r3, #0]
   815f6:	4770      	bx	lr
{
   815f8:	b410      	push	{r4}
  __ASM volatile ("cpsid i");
   815fa:	b672      	cpsid	i
   815fc:	f3bf 8f5f 	dmb	sy
			cpu_irq_prev_interrupt_state = true;
   81600:	2001      	movs	r0, #1
			cpu_irq_disable();
   81602:	4c06      	ldr	r4, [pc, #24]	; (8161c <cpu_irq_enter_critical+0x3c>)
			cpu_irq_prev_interrupt_state = true;
   81604:	4a04      	ldr	r2, [pc, #16]	; (81618 <cpu_irq_enter_critical+0x38>)
			cpu_irq_disable();
   81606:	7021      	strb	r1, [r4, #0]
			cpu_irq_prev_interrupt_state = true;
   81608:	7010      	strb	r0, [r2, #0]
	cpu_irq_critical_section_counter++;
   8160a:	681a      	ldr	r2, [r3, #0]
   8160c:	3201      	adds	r2, #1
   8160e:	601a      	str	r2, [r3, #0]
}
   81610:	bc10      	pop	{r4}
   81612:	4770      	bx	lr
   81614:	200035e8 	.word	0x200035e8
   81618:	200035ec 	.word	0x200035ec
   8161c:	20000304 	.word	0x20000304

00081620 <cpu_irq_leave_critical>:
void cpu_irq_leave_critical(void)
{
	/* Check if the user is trying to leave a critical section when not in a critical section */
	Assert(cpu_irq_critical_section_counter > 0);

	cpu_irq_critical_section_counter--;
   81620:	4b07      	ldr	r3, [pc, #28]	; (81640 <cpu_irq_leave_critical+0x20>)
   81622:	681a      	ldr	r2, [r3, #0]
   81624:	3a01      	subs	r2, #1
   81626:	601a      	str	r2, [r3, #0]

	/* Only enable global interrupts when the counter reaches 0 and the state of the global interrupt flag
	   was enabled when entering critical state */
	if ((cpu_irq_critical_section_counter == 0) && (cpu_irq_prev_interrupt_state)) {
   81628:	681b      	ldr	r3, [r3, #0]
   8162a:	b943      	cbnz	r3, 8163e <cpu_irq_leave_critical+0x1e>
   8162c:	4b05      	ldr	r3, [pc, #20]	; (81644 <cpu_irq_leave_critical+0x24>)
   8162e:	781b      	ldrb	r3, [r3, #0]
   81630:	b12b      	cbz	r3, 8163e <cpu_irq_leave_critical+0x1e>
		cpu_irq_enable();
   81632:	2201      	movs	r2, #1
   81634:	4b04      	ldr	r3, [pc, #16]	; (81648 <cpu_irq_leave_critical+0x28>)
   81636:	701a      	strb	r2, [r3, #0]
   81638:	f3bf 8f5f 	dmb	sy
  __ASM volatile ("cpsie i");
   8163c:	b662      	cpsie	i
	}
}
   8163e:	4770      	bx	lr
   81640:	200035e8 	.word	0x200035e8
   81644:	200035ec 	.word	0x200035ec
   81648:	20000304 	.word	0x20000304

0008164c <LED_Off>:
 * \param led_gpio LED to turn off (LEDx_GPIO).
 *
 * \note The pins of the specified LEDs are set to GPIO output mode.
 */
void LED_Off(uint32_t led_gpio)
{
   8164c:	e92d 41f0 	stmdb	sp!, {r4, r5, r6, r7, r8, lr}
   81650:	2311      	movs	r3, #17
   81652:	4605      	mov	r5, r0
	uint32_t i;
	for (i = 0; i < BOARD_NUM_OF_LED; i++) {
		if (led_gpio == LED_DESCRIPTOR[i].ul_port_id) {
   81654:	4c0c      	ldr	r4, [pc, #48]	; (81688 <LED_Off+0x3c>)
   81656:	42ab      	cmp	r3, r5
			if (LED_DESCRIPTOR[i].ul_active_level == ACTIVE_LEVEL_IS_HIGH) {
				gpio_set_pin_low(led_gpio);
			} else {
				gpio_set_pin_high(led_gpio);
   81658:	4f0c      	ldr	r7, [pc, #48]	; (8168c <LED_Off+0x40>)
				gpio_set_pin_low(led_gpio);
   8165a:	f8df 8034 	ldr.w	r8, [pc, #52]	; 81690 <LED_Off+0x44>
   8165e:	f104 0610 	add.w	r6, r4, #16
		if (led_gpio == LED_DESCRIPTOR[i].ul_port_id) {
   81662:	d005      	beq.n	81670 <LED_Off+0x24>
	for (i = 0; i < BOARD_NUM_OF_LED; i++) {
   81664:	42b4      	cmp	r4, r6
   81666:	d00a      	beq.n	8167e <LED_Off+0x32>
		if (led_gpio == LED_DESCRIPTOR[i].ul_port_id) {
   81668:	f854 3f08 	ldr.w	r3, [r4, #8]!
   8166c:	42ab      	cmp	r3, r5
   8166e:	d1f9      	bne.n	81664 <LED_Off+0x18>
			if (LED_DESCRIPTOR[i].ul_active_level == ACTIVE_LEVEL_IS_HIGH) {
   81670:	6863      	ldr	r3, [r4, #4]
				gpio_set_pin_low(led_gpio);
   81672:	4628      	mov	r0, r5
			if (LED_DESCRIPTOR[i].ul_active_level == ACTIVE_LEVEL_IS_HIGH) {
   81674:	2b01      	cmp	r3, #1
   81676:	d004      	beq.n	81682 <LED_Off+0x36>
				gpio_set_pin_high(led_gpio);
   81678:	47b8      	blx	r7
	for (i = 0; i < BOARD_NUM_OF_LED; i++) {
   8167a:	42b4      	cmp	r4, r6
   8167c:	d1f4      	bne.n	81668 <LED_Off+0x1c>
			}
		}
	}
}
   8167e:	e8bd 81f0 	ldmia.w	sp!, {r4, r5, r6, r7, r8, pc}
				gpio_set_pin_low(led_gpio);
   81682:	47c0      	blx	r8
   81684:	e7ee      	b.n	81664 <LED_Off+0x18>
   81686:	bf00      	nop
   81688:	0008af5c 	.word	0x0008af5c
   8168c:	0008176d 	.word	0x0008176d
   81690:	00081789 	.word	0x00081789

00081694 <LED_On>:
 * \param led_gpio LED to turn on (LEDx_GPIO).
 *
 * \note The pins of the specified LEDs are set to GPIO output mode.
 */
void LED_On(uint32_t led_gpio)
{
   81694:	e92d 41f0 	stmdb	sp!, {r4, r5, r6, r7, r8, lr}
   81698:	2311      	movs	r3, #17
   8169a:	4605      	mov	r5, r0
	uint32_t i;
	for (i = 0; i < BOARD_NUM_OF_LED; i++) {
		if (led_gpio == LED_DESCRIPTOR[i].ul_port_id) {
   8169c:	4c0c      	ldr	r4, [pc, #48]	; (816d0 <LED_On+0x3c>)
   8169e:	42ab      	cmp	r3, r5
			if (LED_DESCRIPTOR[i].ul_active_level == ACTIVE_LEVEL_IS_HIGH) {
				gpio_set_pin_high(led_gpio);
			} else {
				gpio_set_pin_low(led_gpio);
   816a0:	4f0c      	ldr	r7, [pc, #48]	; (816d4 <LED_On+0x40>)
				gpio_set_pin_high(led_gpio);
   816a2:	f8df 8034 	ldr.w	r8, [pc, #52]	; 816d8 <LED_On+0x44>
   816a6:	f104 0610 	add.w	r6, r4, #16
		if (led_gpio == LED_DESCRIPTOR[i].ul_port_id) {
   816aa:	d005      	beq.n	816b8 <LED_On+0x24>
	for (i = 0; i < BOARD_NUM_OF_LED; i++) {
   816ac:	42b4      	cmp	r4, r6
   816ae:	d00a      	beq.n	816c6 <LED_On+0x32>
		if (led_gpio == LED_DESCRIPTOR[i].ul_port_id) {
   816b0:	f854 3f08 	ldr.w	r3, [r4, #8]!
   816b4:	42ab      	cmp	r3, r5
   816b6:	d1f9      	bne.n	816ac <LED_On+0x18>
			if (LED_DESCRIPTOR[i].ul_active_level == ACTIVE_LEVEL_IS_HIGH) {
   816b8:	6863      	ldr	r3, [r4, #4]
				gpio_set_pin_high(led_gpio);
   816ba:	4628      	mov	r0, r5
			if (LED_DESCRIPTOR[i].ul_active_level == ACTIVE_LEVEL_IS_HIGH) {
   816bc:	2b01      	cmp	r3, #1
   816be:	d004      	beq.n	816ca <LED_On+0x36>
				gpio_set_pin_low(led_gpio);
   816c0:	47b8      	blx	r7
	for (i = 0; i < BOARD_NUM_OF_LED; i++) {
   816c2:	42b4      	cmp	r4, r6
   816c4:	d1f4      	bne.n	816b0 <LED_On+0x1c>
			}
		}
	}
}
   816c6:	e8bd 81f0 	ldmia.w	sp!, {r4, r5, r6, r7, r8, pc}
				gpio_set_pin_high(led_gpio);
   816ca:	47c0      	blx	r8
   816cc:	e7ee      	b.n	816ac <LED_On+0x18>
   816ce:	bf00      	nop
   816d0:	0008af5c 	.word	0x0008af5c
   816d4:	00081789 	.word	0x00081789
   816d8:	0008176d 	.word	0x0008176d

000816dc <pio_handler_process>:
 *
 * \param p_pio PIO controller base address.
 * \param ul_id PIO controller ID.
 */
void pio_handler_process(Pio *p_pio, uint32_t ul_id)
{
   816dc:	b5f8      	push	{r3, r4, r5, r6, r7, lr}
	uint32_t status;
	uint32_t i;

	/* Read PIO controller status */
	status = pio_get_interrupt_status(p_pio);
   816de:	4b12      	ldr	r3, [pc, #72]	; (81728 <pio_handler_process+0x4c>)
{
   816e0:	4604      	mov	r4, r0
   816e2:	460e      	mov	r6, r1
	status = pio_get_interrupt_status(p_pio);
   816e4:	4798      	blx	r3
	status &= pio_get_interrupt_mask(p_pio);
   816e6:	4b11      	ldr	r3, [pc, #68]	; (8172c <pio_handler_process+0x50>)
	status = pio_get_interrupt_status(p_pio);
   816e8:	4605      	mov	r5, r0
	status &= pio_get_interrupt_mask(p_pio);
   816ea:	4620      	mov	r0, r4
   816ec:	4798      	blx	r3

	/* Check pending events */
	if (status != 0) {
   816ee:	4005      	ands	r5, r0
   816f0:	d019      	beq.n	81726 <pio_handler_process+0x4a>
   816f2:	4c0f      	ldr	r4, [pc, #60]	; (81730 <pio_handler_process+0x54>)
   816f4:	f104 0760 	add.w	r7, r4, #96	; 0x60
		/* Find triggering source */
		i = 0;
		while (status != 0) {
			/* Source is configured on the same controller */
			if (gs_interrupt_sources[i].id == ul_id) {
   816f8:	6823      	ldr	r3, [r4, #0]
   816fa:	42b3      	cmp	r3, r6
   816fc:	d005      	beq.n	8170a <pio_handler_process+0x2e>
							gs_interrupt_sources[i].mask);
					status &= ~(gs_interrupt_sources[i].mask);
				}
			}
			i++;
			if (i >= MAX_INTERRUPT_SOURCES) {
   816fe:	42bc      	cmp	r4, r7
   81700:	d011      	beq.n	81726 <pio_handler_process+0x4a>
			if (gs_interrupt_sources[i].id == ul_id) {
   81702:	6923      	ldr	r3, [r4, #16]
		while (status != 0) {
   81704:	3410      	adds	r4, #16
			if (gs_interrupt_sources[i].id == ul_id) {
   81706:	42b3      	cmp	r3, r6
   81708:	d1f9      	bne.n	816fe <pio_handler_process+0x22>
				if ((status & gs_interrupt_sources[i].mask) != 0) {
   8170a:	6861      	ldr	r1, [r4, #4]
   8170c:	4229      	tst	r1, r5
   8170e:	d0f6      	beq.n	816fe <pio_handler_process+0x22>
					gs_interrupt_sources[i].handler(gs_interrupt_sources[i].id,
   81710:	68e3      	ldr	r3, [r4, #12]
   81712:	4630      	mov	r0, r6
   81714:	4798      	blx	r3
					status &= ~(gs_interrupt_sources[i].mask);
   81716:	6863      	ldr	r3, [r4, #4]
			if (i >= MAX_INTERRUPT_SOURCES) {
   81718:	42bc      	cmp	r4, r7
					status &= ~(gs_interrupt_sources[i].mask);
   8171a:	ea25 0503 	bic.w	r5, r5, r3
			if (i >= MAX_INTERRUPT_SOURCES) {
   8171e:	d002      	beq.n	81726 <pio_handler_process+0x4a>
		while (status != 0) {
   81720:	3410      	adds	r4, #16
   81722:	2d00      	cmp	r5, #0
   81724:	d1e8      	bne.n	816f8 <pio_handler_process+0x1c>
		if (pio_capture_handler) {
			pio_capture_handler(p_pio);
		}
	}
#endif
}
   81726:	bdf8      	pop	{r3, r4, r5, r6, r7, pc}
   81728:	00081765 	.word	0x00081765
   8172c:	00081769 	.word	0x00081769
   81730:	200035f0 	.word	0x200035f0

00081734 <PIOA_Handler>:
 * \brief Parallel IO Controller A interrupt handler.
 * Redefined PIOA interrupt handler for NVIC interrupt table.
 */
void PIOA_Handler(void)
{
	pio_handler_process(PIOA, ID_PIOA);
   81734:	210a      	movs	r1, #10
   81736:	4801      	ldr	r0, [pc, #4]	; (8173c <PIOA_Handler+0x8>)
   81738:	4b01      	ldr	r3, [pc, #4]	; (81740 <PIOA_Handler+0xc>)
   8173a:	4718      	bx	r3
   8173c:	400e0c00 	.word	0x400e0c00
   81740:	000816dd 	.word	0x000816dd

00081744 <PIOB_Handler>:
 * \brief Parallel IO Controller B interrupt handler
 * Redefined PIOB interrupt handler for NVIC interrupt table.
 */
void PIOB_Handler(void)
{
    pio_handler_process(PIOB, ID_PIOB);
   81744:	210b      	movs	r1, #11
   81746:	4801      	ldr	r0, [pc, #4]	; (8174c <PIOB_Handler+0x8>)
   81748:	4b01      	ldr	r3, [pc, #4]	; (81750 <PIOB_Handler+0xc>)
   8174a:	4718      	bx	r3
   8174c:	400e0e00 	.word	0x400e0e00
   81750:	000816dd 	.word	0x000816dd

00081754 <PIOC_Handler>:
 * \brief Parallel IO Controller C interrupt handler.
 * Redefined PIOC interrupt handler for NVIC interrupt table.
 */
void PIOC_Handler(void)
{
	pio_handler_process(PIOC, ID_PIOC);
   81754:	210c      	movs	r1, #12
   81756:	4801      	ldr	r0, [pc, #4]	; (8175c <PIOC_Handler+0x8>)
   81758:	4b01      	ldr	r3, [pc, #4]	; (81760 <PIOC_Handler+0xc>)
   8175a:	4718      	bx	r3
   8175c:	400e1000 	.word	0x400e1000
   81760:	000816dd 	.word	0x000816dd

00081764 <pio_get_interrupt_status>:
 *
 * \return The interrupt status mask value.
 */
uint32_t pio_get_interrupt_status(const Pio *p_pio)
{
	return p_pio->PIO_ISR;
   81764:	6cc0      	ldr	r0, [r0, #76]	; 0x4c
}
   81766:	4770      	bx	lr

00081768 <pio_get_interrupt_mask>:
 *
 * \return The interrupt mask value.
 */
uint32_t pio_get_interrupt_mask(const Pio *p_pio)
{
	return p_pio->PIO_IMR;
   81768:	6c80      	ldr	r0, [r0, #72]	; 0x48
}
   8176a:	4770      	bx	lr

0008176c <pio_set_pin_high>:
void pio_set_pin_high(uint32_t ul_pin)
{
	Pio *p_pio = pio_get_pin_group(ul_pin);

	/* Value to be driven on the I/O line: 1. */
	p_pio->PIO_SODR = 1 << (ul_pin & 0x1F);
   8176c:	2201      	movs	r2, #1
		p_pio = PIOC;
	} else {
		p_pio = (Pio *)((uint32_t)PIOA + (PIO_DELTA * (ul_pin >> 5)));
	}
#else
	p_pio = (Pio *)((uint32_t)PIOA + (PIO_DELTA * (ul_pin >> 5)));
   8176e:	0943      	lsrs	r3, r0, #5
   81770:	f503 1300 	add.w	r3, r3, #2097152	; 0x200000
   81774:	f203 7306 	addw	r3, r3, #1798	; 0x706
	p_pio->PIO_SODR = 1 << (ul_pin & 0x1F);
   81778:	f000 001f 	and.w	r0, r0, #31
	p_pio = (Pio *)((uint32_t)PIOA + (PIO_DELTA * (ul_pin >> 5)));
   8177c:	025b      	lsls	r3, r3, #9
	p_pio->PIO_SODR = 1 << (ul_pin & 0x1F);
   8177e:	fa02 f000 	lsl.w	r0, r2, r0
   81782:	6318      	str	r0, [r3, #48]	; 0x30
}
   81784:	4770      	bx	lr
   81786:	bf00      	nop

00081788 <pio_set_pin_low>:
	p_pio->PIO_CODR = 1 << (ul_pin & 0x1F);
   81788:	2201      	movs	r2, #1
	p_pio = (Pio *)((uint32_t)PIOA + (PIO_DELTA * (ul_pin >> 5)));
   8178a:	0943      	lsrs	r3, r0, #5
   8178c:	f503 1300 	add.w	r3, r3, #2097152	; 0x200000
   81790:	f203 7306 	addw	r3, r3, #1798	; 0x706
	p_pio->PIO_CODR = 1 << (ul_pin & 0x1F);
   81794:	f000 001f 	and.w	r0, r0, #31
	p_pio = (Pio *)((uint32_t)PIOA + (PIO_DELTA * (ul_pin >> 5)));
   81798:	025b      	lsls	r3, r3, #9
	p_pio->PIO_CODR = 1 << (ul_pin & 0x1F);
   8179a:	fa02 f000 	lsl.w	r0, r2, r0
   8179e:	6358      	str	r0, [r3, #52]	; 0x34
}
   817a0:	4770      	bx	lr
   817a2:	bf00      	nop

000817a4 <pio_configure_pin>:
	p_pio = (Pio *)((uint32_t)PIOA + (PIO_DELTA * (ul_pin >> 5)));
   817a4:	0943      	lsrs	r3, r0, #5
   817a6:	f503 1300 	add.w	r3, r3, #2097152	; 0x200000
	switch (ul_flags & PIO_TYPE_Msk) {
   817aa:	f001 42f0 	and.w	r2, r1, #2013265920	; 0x78000000
	p_pio = (Pio *)((uint32_t)PIOA + (PIO_DELTA * (ul_pin >> 5)));
   817ae:	f203 7306 	addw	r3, r3, #1798	; 0x706
	switch (ul_flags & PIO_TYPE_Msk) {
   817b2:	f1b2 5f20 	cmp.w	r2, #671088640	; 0x28000000
	p_pio = (Pio *)((uint32_t)PIOA + (PIO_DELTA * (ul_pin >> 5)));
   817b6:	ea4f 2343 	mov.w	r3, r3, lsl #9
	switch (ul_flags & PIO_TYPE_Msk) {
   817ba:	d035      	beq.n	81828 <pio_configure_pin+0x84>
{
   817bc:	b410      	push	{r4}
	switch (ul_flags & PIO_TYPE_Msk) {
   817be:	d816      	bhi.n	817ee <pio_configure_pin+0x4a>
   817c0:	f1b2 6f00 	cmp.w	r2, #134217728	; 0x8000000
   817c4:	d01b      	beq.n	817fe <pio_configure_pin+0x5a>
   817c6:	f1b2 5f80 	cmp.w	r2, #268435456	; 0x10000000
   817ca:	d115      	bne.n	817f8 <pio_configure_pin+0x54>
		pio_set_peripheral(p_pio, PIO_PERIPH_B, (1 << (ul_pin & 0x1F)));
   817cc:	f04f 0c01 	mov.w	ip, #1
   817d0:	f000 001f 	and.w	r0, r0, #31
   817d4:	fa0c f200 	lsl.w	r2, ip, r0
	p_pio->PIO_IDR = ul_mask;
   817d8:	645a      	str	r2, [r3, #68]	; 0x44
		ul_sr = p_pio->PIO_ABSR;
   817da:	6f18      	ldr	r0, [r3, #112]	; 0x70
		p_pio->PIO_ABSR = (ul_mask | ul_sr);
   817dc:	4310      	orrs	r0, r2
   817de:	6718      	str	r0, [r3, #112]	; 0x70
	if (ul_pull_up_enable) {
   817e0:	ea11 000c 	ands.w	r0, r1, ip
	p_pio->PIO_PDR = ul_mask;
   817e4:	605a      	str	r2, [r3, #4]
	if (ul_pull_up_enable) {
   817e6:	d01b      	beq.n	81820 <pio_configure_pin+0x7c>
		p_pio->PIO_PUER = ul_mask;
   817e8:	665a      	str	r2, [r3, #100]	; 0x64
}
   817ea:	bc10      	pop	{r4}
   817ec:	4770      	bx	lr
	switch (ul_flags & PIO_TYPE_Msk) {
   817ee:	f001 42e0 	and.w	r2, r1, #1879048192	; 0x70000000
   817f2:	f1b2 5f40 	cmp.w	r2, #805306368	; 0x30000000
   817f6:	d02f      	beq.n	81858 <pio_configure_pin+0xb4>
   817f8:	2000      	movs	r0, #0
}
   817fa:	bc10      	pop	{r4}
   817fc:	4770      	bx	lr
		pio_set_peripheral(p_pio, PIO_PERIPH_A, (1 << (ul_pin & 0x1F)));
   817fe:	f04f 0c01 	mov.w	ip, #1
   81802:	f000 001f 	and.w	r0, r0, #31
   81806:	fa0c f200 	lsl.w	r2, ip, r0
	p_pio->PIO_IDR = ul_mask;
   8180a:	645a      	str	r2, [r3, #68]	; 0x44
		ul_sr = p_pio->PIO_ABSR;
   8180c:	6f18      	ldr	r0, [r3, #112]	; 0x70
		p_pio->PIO_ABSR &= (~ul_mask & ul_sr);
   8180e:	6f1c      	ldr	r4, [r3, #112]	; 0x70
   81810:	4020      	ands	r0, r4
   81812:	ea20 0002 	bic.w	r0, r0, r2
   81816:	6718      	str	r0, [r3, #112]	; 0x70
	if (ul_pull_up_enable) {
   81818:	ea11 000c 	ands.w	r0, r1, ip
	p_pio->PIO_PDR = ul_mask;
   8181c:	605a      	str	r2, [r3, #4]
	if (ul_pull_up_enable) {
   8181e:	d1e3      	bne.n	817e8 <pio_configure_pin+0x44>
		p_pio->PIO_PUDR = ul_mask;
   81820:	661a      	str	r2, [r3, #96]	; 0x60
	return 1;
   81822:	4660      	mov	r0, ip
}
   81824:	bc10      	pop	{r4}
   81826:	4770      	bx	lr
		pio_set_input(p_pio, (1 << (ul_pin & 0x1F)), ul_flags);
   81828:	2201      	movs	r2, #1
   8182a:	f000 001f 	and.w	r0, r0, #31
   8182e:	4082      	lsls	r2, r0
	if (ul_pull_up_enable) {
   81830:	07c8      	lsls	r0, r1, #31
	p_pio->PIO_IDR = ul_mask;
   81832:	645a      	str	r2, [r3, #68]	; 0x44
		p_pio->PIO_PUER = ul_mask;
   81834:	bf4c      	ite	mi
   81836:	665a      	strmi	r2, [r3, #100]	; 0x64
		p_pio->PIO_PUDR = ul_mask;
   81838:	661a      	strpl	r2, [r3, #96]	; 0x60
	if (ul_attribute & (PIO_DEGLITCH | PIO_DEBOUNCE)) {
   8183a:	f011 0f0a 	tst.w	r1, #10
		p_pio->PIO_IFER = ul_mask;
   8183e:	bf14      	ite	ne
   81840:	621a      	strne	r2, [r3, #32]
		p_pio->PIO_IFDR = ul_mask;
   81842:	625a      	streq	r2, [r3, #36]	; 0x24
	if (ul_attribute & PIO_DEGLITCH) {
   81844:	0788      	lsls	r0, r1, #30
   81846:	d422      	bmi.n	8188e <pio_configure_pin+0xea>
		if (ul_attribute & PIO_DEBOUNCE) {
   81848:	0708      	lsls	r0, r1, #28
			p_pio->PIO_DIFSR = ul_mask;
   8184a:	bf48      	it	mi
   8184c:	f8c3 2084 	strmi.w	r2, [r3, #132]	; 0x84
	return 1;
   81850:	2001      	movs	r0, #1
	p_pio->PIO_ODR = ul_mask;
   81852:	615a      	str	r2, [r3, #20]
	p_pio->PIO_PER = ul_mask;
   81854:	601a      	str	r2, [r3, #0]
}
   81856:	4770      	bx	lr
		pio_set_output(p_pio, (1 << (ul_pin & 0x1F)),
   81858:	2201      	movs	r2, #1
   8185a:	f000 001f 	and.w	r0, r0, #31
   8185e:	4082      	lsls	r2, r0
				((ul_flags & PIO_TYPE_PIO_OUTPUT_1)
   81860:	f001 5c60 	and.w	ip, r1, #939524096	; 0x38000000
		pio_set_output(p_pio, (1 << (ul_pin & 0x1F)),
   81864:	f3c1 0480 	ubfx	r4, r1, #2, #1
	if (ul_pull_up_enable) {
   81868:	07c9      	lsls	r1, r1, #31
	p_pio->PIO_IDR = ul_mask;
   8186a:	645a      	str	r2, [r3, #68]	; 0x44
		p_pio->PIO_PUER = ul_mask;
   8186c:	bf4c      	ite	mi
   8186e:	665a      	strmi	r2, [r3, #100]	; 0x64
		p_pio->PIO_PUDR = ul_mask;
   81870:	661a      	strpl	r2, [r3, #96]	; 0x60
	if (ul_multidrive_enable) {
   81872:	b954      	cbnz	r4, 8188a <pio_configure_pin+0xe6>
		p_pio->PIO_MDDR = ul_mask;
   81874:	655a      	str	r2, [r3, #84]	; 0x54
	if (ul_default_level) {
   81876:	f1bc 5f60 	cmp.w	ip, #939524096	; 0x38000000
		p_pio->PIO_SODR = ul_mask;
   8187a:	bf0c      	ite	eq
   8187c:	631a      	streq	r2, [r3, #48]	; 0x30
		p_pio->PIO_CODR = ul_mask;
   8187e:	635a      	strne	r2, [r3, #52]	; 0x34
	p_pio->PIO_OER = ul_mask;
   81880:	611a      	str	r2, [r3, #16]
	p_pio->PIO_PER = ul_mask;
   81882:	601a      	str	r2, [r3, #0]
	return 1;
   81884:	2001      	movs	r0, #1
}
   81886:	bc10      	pop	{r4}
   81888:	4770      	bx	lr
		p_pio->PIO_MDER = ul_mask;
   8188a:	651a      	str	r2, [r3, #80]	; 0x50
   8188c:	e7f3      	b.n	81876 <pio_configure_pin+0xd2>
		p_pio->PIO_SCIFSR = ul_mask;
   8188e:	f8c3 2080 	str.w	r2, [r3, #128]	; 0x80
	return 1;
   81892:	2001      	movs	r0, #1
	p_pio->PIO_ODR = ul_mask;
   81894:	615a      	str	r2, [r3, #20]
	p_pio->PIO_PER = ul_mask;
   81896:	601a      	str	r2, [r3, #0]
}
   81898:	4770      	bx	lr
   8189a:	bf00      	nop

0008189c <pio_configure_pin_group>:
{
   8189c:	4603      	mov	r3, r0
	switch (ul_flags & PIO_TYPE_Msk) {
   8189e:	f002 40f0 	and.w	r0, r2, #2013265920	; 0x78000000
   818a2:	f1b0 5f20 	cmp.w	r0, #671088640	; 0x28000000
   818a6:	d029      	beq.n	818fc <pio_configure_pin_group+0x60>
{
   818a8:	b410      	push	{r4}
	switch (ul_flags & PIO_TYPE_Msk) {
   818aa:	d810      	bhi.n	818ce <pio_configure_pin_group+0x32>
   818ac:	f1b0 6f00 	cmp.w	r0, #134217728	; 0x8000000
   818b0:	d015      	beq.n	818de <pio_configure_pin_group+0x42>
   818b2:	f1b0 5f80 	cmp.w	r0, #268435456	; 0x10000000
   818b6:	d10f      	bne.n	818d8 <pio_configure_pin_group+0x3c>
	p_pio->PIO_IDR = ul_mask;
   818b8:	6459      	str	r1, [r3, #68]	; 0x44
		ul_sr = p_pio->PIO_ABSR;
   818ba:	6f18      	ldr	r0, [r3, #112]	; 0x70
		p_pio->PIO_ABSR = (ul_mask | ul_sr);
   818bc:	4308      	orrs	r0, r1
   818be:	6718      	str	r0, [r3, #112]	; 0x70
	if (ul_pull_up_enable) {
   818c0:	f012 0001 	ands.w	r0, r2, #1
	p_pio->PIO_PDR = ul_mask;
   818c4:	6059      	str	r1, [r3, #4]
	if (ul_pull_up_enable) {
   818c6:	d015      	beq.n	818f4 <pio_configure_pin_group+0x58>
		p_pio->PIO_PUER = ul_mask;
   818c8:	6659      	str	r1, [r3, #100]	; 0x64
}
   818ca:	bc10      	pop	{r4}
   818cc:	4770      	bx	lr
	switch (ul_flags & PIO_TYPE_Msk) {
   818ce:	f002 40e0 	and.w	r0, r2, #1879048192	; 0x70000000
   818d2:	f1b0 5f40 	cmp.w	r0, #805306368	; 0x30000000
   818d6:	d025      	beq.n	81924 <pio_configure_pin_group+0x88>
   818d8:	2000      	movs	r0, #0
}
   818da:	bc10      	pop	{r4}
   818dc:	4770      	bx	lr
	p_pio->PIO_IDR = ul_mask;
   818de:	6459      	str	r1, [r3, #68]	; 0x44
		ul_sr = p_pio->PIO_ABSR;
   818e0:	6f18      	ldr	r0, [r3, #112]	; 0x70
		p_pio->PIO_ABSR &= (~ul_mask & ul_sr);
   818e2:	6f1c      	ldr	r4, [r3, #112]	; 0x70
   818e4:	4020      	ands	r0, r4
   818e6:	ea20 0001 	bic.w	r0, r0, r1
   818ea:	6718      	str	r0, [r3, #112]	; 0x70
	if (ul_pull_up_enable) {
   818ec:	f012 0001 	ands.w	r0, r2, #1
	p_pio->PIO_PDR = ul_mask;
   818f0:	6059      	str	r1, [r3, #4]
	if (ul_pull_up_enable) {
   818f2:	d1e9      	bne.n	818c8 <pio_configure_pin_group+0x2c>
		p_pio->PIO_PUDR = ul_mask;
   818f4:	6619      	str	r1, [r3, #96]	; 0x60
	return 1;
   818f6:	2001      	movs	r0, #1
}
   818f8:	bc10      	pop	{r4}
   818fa:	4770      	bx	lr
	if (ul_pull_up_enable) {
   818fc:	07d0      	lsls	r0, r2, #31
	p_pio->PIO_IDR = ul_mask;
   818fe:	6459      	str	r1, [r3, #68]	; 0x44
		p_pio->PIO_PUER = ul_mask;
   81900:	bf4c      	ite	mi
   81902:	6659      	strmi	r1, [r3, #100]	; 0x64
		p_pio->PIO_PUDR = ul_mask;
   81904:	6619      	strpl	r1, [r3, #96]	; 0x60
	if (ul_attribute & (PIO_DEGLITCH | PIO_DEBOUNCE)) {
   81906:	f012 0f0a 	tst.w	r2, #10
		p_pio->PIO_IFER = ul_mask;
   8190a:	bf14      	ite	ne
   8190c:	6219      	strne	r1, [r3, #32]
		p_pio->PIO_IFDR = ul_mask;
   8190e:	6259      	streq	r1, [r3, #36]	; 0x24
	if (ul_attribute & PIO_DEGLITCH) {
   81910:	0790      	lsls	r0, r2, #30
   81912:	d41e      	bmi.n	81952 <pio_configure_pin_group+0xb6>
		if (ul_attribute & PIO_DEBOUNCE) {
   81914:	0710      	lsls	r0, r2, #28
			p_pio->PIO_DIFSR = ul_mask;
   81916:	bf48      	it	mi
   81918:	f8c3 1084 	strmi.w	r1, [r3, #132]	; 0x84
	return 1;
   8191c:	2001      	movs	r0, #1
	p_pio->PIO_ODR = ul_mask;
   8191e:	6159      	str	r1, [r3, #20]
	p_pio->PIO_PER = ul_mask;
   81920:	6019      	str	r1, [r3, #0]
}
   81922:	4770      	bx	lr
				((ul_flags & PIO_TYPE_PIO_OUTPUT_1)
   81924:	f002 5060 	and.w	r0, r2, #939524096	; 0x38000000
		pio_set_output(p_pio, ul_mask,
   81928:	f3c2 0480 	ubfx	r4, r2, #2, #1
	if (ul_pull_up_enable) {
   8192c:	07d2      	lsls	r2, r2, #31
	p_pio->PIO_IDR = ul_mask;
   8192e:	6459      	str	r1, [r3, #68]	; 0x44
		p_pio->PIO_PUER = ul_mask;
   81930:	bf4c      	ite	mi
   81932:	6659      	strmi	r1, [r3, #100]	; 0x64
		p_pio->PIO_PUDR = ul_mask;
   81934:	6619      	strpl	r1, [r3, #96]	; 0x60
	if (ul_multidrive_enable) {
   81936:	b954      	cbnz	r4, 8194e <pio_configure_pin_group+0xb2>
		p_pio->PIO_MDDR = ul_mask;
   81938:	6559      	str	r1, [r3, #84]	; 0x54
	if (ul_default_level) {
   8193a:	f1b0 5f60 	cmp.w	r0, #939524096	; 0x38000000
		p_pio->PIO_SODR = ul_mask;
   8193e:	bf0c      	ite	eq
   81940:	6319      	streq	r1, [r3, #48]	; 0x30
		p_pio->PIO_CODR = ul_mask;
   81942:	6359      	strne	r1, [r3, #52]	; 0x34
	p_pio->PIO_OER = ul_mask;
   81944:	6119      	str	r1, [r3, #16]
	p_pio->PIO_PER = ul_mask;
   81946:	6019      	str	r1, [r3, #0]
	return 1;
   81948:	2001      	movs	r0, #1
}
   8194a:	bc10      	pop	{r4}
   8194c:	4770      	bx	lr
		p_pio->PIO_MDER = ul_mask;
   8194e:	6519      	str	r1, [r3, #80]	; 0x50
   81950:	e7f3      	b.n	8193a <pio_configure_pin_group+0x9e>
		p_pio->PIO_SCIFSR = ul_mask;
   81952:	f8c3 1080 	str.w	r1, [r3, #128]	; 0x80
	return 1;
   81956:	2001      	movs	r0, #1
	p_pio->PIO_ODR = ul_mask;
   81958:	6159      	str	r1, [r3, #20]
	p_pio->PIO_PER = ul_mask;
   8195a:	6019      	str	r1, [r3, #0]
}
   8195c:	4770      	bx	lr
   8195e:	bf00      	nop

00081960 <pmc_switch_mck_to_mainck>:
 */
uint32_t pmc_switch_mck_to_mainck(uint32_t ul_pres)
{
	uint32_t ul_timeout;

	PMC->PMC_MCKR = (PMC->PMC_MCKR & (~PMC_MCKR_CSS_Msk)) |
   81960:	4915      	ldr	r1, [pc, #84]	; (819b8 <pmc_switch_mck_to_mainck+0x58>)
   81962:	6b0b      	ldr	r3, [r1, #48]	; 0x30
   81964:	f023 0303 	bic.w	r3, r3, #3
   81968:	f043 0301 	orr.w	r3, r3, #1
   8196c:	630b      	str	r3, [r1, #48]	; 0x30
			PMC_MCKR_CSS_MAIN_CLK;
	for (ul_timeout = PMC_TIMEOUT; !(PMC->PMC_SR & PMC_SR_MCKRDY);
   8196e:	6e8b      	ldr	r3, [r1, #104]	; 0x68
   81970:	071b      	lsls	r3, r3, #28
   81972:	bf58      	it	pl
   81974:	f44f 6300 	movpl.w	r3, #2048	; 0x800
   81978:	d502      	bpl.n	81980 <pmc_switch_mck_to_mainck+0x20>
   8197a:	e004      	b.n	81986 <pmc_switch_mck_to_mainck+0x26>
			--ul_timeout) {
		if (ul_timeout == 0) {
   8197c:	3b01      	subs	r3, #1
   8197e:	d016      	beq.n	819ae <pmc_switch_mck_to_mainck+0x4e>
	for (ul_timeout = PMC_TIMEOUT; !(PMC->PMC_SR & PMC_SR_MCKRDY);
   81980:	6e8a      	ldr	r2, [r1, #104]	; 0x68
   81982:	0712      	lsls	r2, r2, #28
   81984:	d5fa      	bpl.n	8197c <pmc_switch_mck_to_mainck+0x1c>
			return 1;
		}
	}

	PMC->PMC_MCKR = (PMC->PMC_MCKR & (~PMC_MCKR_PRES_Msk)) | ul_pres;
   81986:	490c      	ldr	r1, [pc, #48]	; (819b8 <pmc_switch_mck_to_mainck+0x58>)
   81988:	6b0b      	ldr	r3, [r1, #48]	; 0x30
   8198a:	f023 0370 	bic.w	r3, r3, #112	; 0x70
   8198e:	4303      	orrs	r3, r0
   81990:	630b      	str	r3, [r1, #48]	; 0x30
	for (ul_timeout = PMC_TIMEOUT; !(PMC->PMC_SR & PMC_SR_MCKRDY);
   81992:	6e88      	ldr	r0, [r1, #104]	; 0x68
   81994:	f010 0008 	ands.w	r0, r0, #8
   81998:	bf08      	it	eq
   8199a:	f44f 6300 	moveq.w	r3, #2048	; 0x800
   8199e:	d002      	beq.n	819a6 <pmc_switch_mck_to_mainck+0x46>
   819a0:	e007      	b.n	819b2 <pmc_switch_mck_to_mainck+0x52>
			--ul_timeout) {
		if (ul_timeout == 0) {
   819a2:	3b01      	subs	r3, #1
   819a4:	d003      	beq.n	819ae <pmc_switch_mck_to_mainck+0x4e>
	for (ul_timeout = PMC_TIMEOUT; !(PMC->PMC_SR & PMC_SR_MCKRDY);
   819a6:	6e8a      	ldr	r2, [r1, #104]	; 0x68
   819a8:	0712      	lsls	r2, r2, #28
   819aa:	d5fa      	bpl.n	819a2 <pmc_switch_mck_to_mainck+0x42>
			return 1;
		}
	}

	return 0;
}
   819ac:	4770      	bx	lr
			return 1;
   819ae:	2001      	movs	r0, #1
   819b0:	4770      	bx	lr
	return 0;
   819b2:	2000      	movs	r0, #0
   819b4:	4770      	bx	lr
   819b6:	bf00      	nop
   819b8:	400e0400 	.word	0x400e0400

000819bc <pmc_switch_mck_to_pllack>:
 */
uint32_t pmc_switch_mck_to_pllack(uint32_t ul_pres)
{
	uint32_t ul_timeout;

	PMC->PMC_MCKR = (PMC->PMC_MCKR & (~PMC_MCKR_PRES_Msk)) | ul_pres;
   819bc:	4915      	ldr	r1, [pc, #84]	; (81a14 <pmc_switch_mck_to_pllack+0x58>)
   819be:	6b0b      	ldr	r3, [r1, #48]	; 0x30
   819c0:	f023 0370 	bic.w	r3, r3, #112	; 0x70
   819c4:	4303      	orrs	r3, r0
   819c6:	630b      	str	r3, [r1, #48]	; 0x30
	for (ul_timeout = PMC_TIMEOUT; !(PMC->PMC_SR & PMC_SR_MCKRDY);
   819c8:	6e8b      	ldr	r3, [r1, #104]	; 0x68
   819ca:	071b      	lsls	r3, r3, #28
   819cc:	bf58      	it	pl
   819ce:	f44f 6300 	movpl.w	r3, #2048	; 0x800
   819d2:	d502      	bpl.n	819da <pmc_switch_mck_to_pllack+0x1e>
   819d4:	e004      	b.n	819e0 <pmc_switch_mck_to_pllack+0x24>
			--ul_timeout) {
		if (ul_timeout == 0) {
   819d6:	3b01      	subs	r3, #1
   819d8:	d017      	beq.n	81a0a <pmc_switch_mck_to_pllack+0x4e>
	for (ul_timeout = PMC_TIMEOUT; !(PMC->PMC_SR & PMC_SR_MCKRDY);
   819da:	6e8a      	ldr	r2, [r1, #104]	; 0x68
   819dc:	0710      	lsls	r0, r2, #28
   819de:	d5fa      	bpl.n	819d6 <pmc_switch_mck_to_pllack+0x1a>
			return 1;
		}
	}

	PMC->PMC_MCKR = (PMC->PMC_MCKR & (~PMC_MCKR_CSS_Msk)) |
   819e0:	490c      	ldr	r1, [pc, #48]	; (81a14 <pmc_switch_mck_to_pllack+0x58>)
   819e2:	6b0b      	ldr	r3, [r1, #48]	; 0x30
   819e4:	f023 0303 	bic.w	r3, r3, #3
   819e8:	f043 0302 	orr.w	r3, r3, #2
   819ec:	630b      	str	r3, [r1, #48]	; 0x30
			PMC_MCKR_CSS_PLLA_CLK;

	for (ul_timeout = PMC_TIMEOUT; !(PMC->PMC_SR & PMC_SR_MCKRDY);
   819ee:	6e88      	ldr	r0, [r1, #104]	; 0x68
   819f0:	f010 0008 	ands.w	r0, r0, #8
   819f4:	bf08      	it	eq
   819f6:	f44f 6300 	moveq.w	r3, #2048	; 0x800
   819fa:	d002      	beq.n	81a02 <pmc_switch_mck_to_pllack+0x46>
   819fc:	e007      	b.n	81a0e <pmc_switch_mck_to_pllack+0x52>
			--ul_timeout) {
		if (ul_timeout == 0) {
   819fe:	3b01      	subs	r3, #1
   81a00:	d003      	beq.n	81a0a <pmc_switch_mck_to_pllack+0x4e>
	for (ul_timeout = PMC_TIMEOUT; !(PMC->PMC_SR & PMC_SR_MCKRDY);
   81a02:	6e8a      	ldr	r2, [r1, #104]	; 0x68
   81a04:	0712      	lsls	r2, r2, #28
   81a06:	d5fa      	bpl.n	819fe <pmc_switch_mck_to_pllack+0x42>
			return 1;
		}
	}

	return 0;
}
   81a08:	4770      	bx	lr
			return 1;
   81a0a:	2001      	movs	r0, #1
   81a0c:	4770      	bx	lr
	return 0;
   81a0e:	2000      	movs	r0, #0
   81a10:	4770      	bx	lr
   81a12:	bf00      	nop
   81a14:	400e0400 	.word	0x400e0400

00081a18 <pmc_osc_enable_main_xtal>:
 *
 * \param ul_xtal_startup_time Xtal start-up time, in number of slow clocks.
 */
void pmc_osc_enable_main_xtal(uint32_t ul_xtal_startup_time)
{
	uint32_t mor = PMC->CKGR_MOR;
   81a18:	4a07      	ldr	r2, [pc, #28]	; (81a38 <pmc_osc_enable_main_xtal+0x20>)
	mor &= ~(CKGR_MOR_MOSCXTBY|CKGR_MOR_MOSCXTEN);
	mor |= CKGR_MOR_KEY_PASSWD | CKGR_MOR_MOSCXTEN |
			CKGR_MOR_MOSCXTST(ul_xtal_startup_time);
   81a1a:	0203      	lsls	r3, r0, #8
	uint32_t mor = PMC->CKGR_MOR;
   81a1c:	6a11      	ldr	r1, [r2, #32]
			CKGR_MOR_MOSCXTST(ul_xtal_startup_time);
   81a1e:	b29b      	uxth	r3, r3
	mor &= ~(CKGR_MOR_MOSCXTBY|CKGR_MOR_MOSCXTEN);
   81a20:	f021 0103 	bic.w	r1, r1, #3
	mor |= CKGR_MOR_KEY_PASSWD | CKGR_MOR_MOSCXTEN |
   81a24:	430b      	orrs	r3, r1
   81a26:	f443 135c 	orr.w	r3, r3, #3604480	; 0x370000
   81a2a:	f043 0301 	orr.w	r3, r3, #1
	PMC->CKGR_MOR = mor;
   81a2e:	6213      	str	r3, [r2, #32]
	/* Wait the main Xtal to stabilize */
	while (!(PMC->PMC_SR & PMC_SR_MOSCXTS));
   81a30:	6e93      	ldr	r3, [r2, #104]	; 0x68
   81a32:	07db      	lsls	r3, r3, #31
   81a34:	d5fc      	bpl.n	81a30 <pmc_osc_enable_main_xtal+0x18>
}
   81a36:	4770      	bx	lr
   81a38:	400e0400 	.word	0x400e0400

00081a3c <pmc_osc_is_ready_main_xtal>:
 *
 * \retval 0 main crystal is not ready, otherwise ready.
 */
uint32_t pmc_osc_is_ready_main_xtal(void)
{
	return (PMC->PMC_SR & PMC_SR_MOSCXTS);
   81a3c:	4b02      	ldr	r3, [pc, #8]	; (81a48 <pmc_osc_is_ready_main_xtal+0xc>)
   81a3e:	6e98      	ldr	r0, [r3, #104]	; 0x68
}
   81a40:	f000 0001 	and.w	r0, r0, #1
   81a44:	4770      	bx	lr
   81a46:	bf00      	nop
   81a48:	400e0400 	.word	0x400e0400

00081a4c <pmc_osc_is_ready_mainck>:
 * \retval 1 Xtal is ready.
 * \retval 0 Xtal is not ready.
 */
uint32_t pmc_osc_is_ready_mainck(void)
{
	return PMC->PMC_SR & PMC_SR_MOSCSELS;
   81a4c:	4b02      	ldr	r3, [pc, #8]	; (81a58 <pmc_osc_is_ready_mainck+0xc>)
   81a4e:	6e98      	ldr	r0, [r3, #104]	; 0x68
}
   81a50:	f400 3080 	and.w	r0, r0, #65536	; 0x10000
   81a54:	4770      	bx	lr
   81a56:	bf00      	nop
   81a58:	400e0400 	.word	0x400e0400

00081a5c <pmc_mainck_osc_select>:
 *
 * \param ul_xtal_rc 0 internal RC is selected, otherwise Main Crystal.
 */
void pmc_mainck_osc_select(uint32_t ul_xtal_rc)
{
	uint32_t mor = PMC->CKGR_MOR;
   81a5c:	4b08      	ldr	r3, [pc, #32]	; (81a80 <pmc_mainck_osc_select+0x24>)
   81a5e:	6a1b      	ldr	r3, [r3, #32]
	if (ul_xtal_rc) {
   81a60:	b130      	cbz	r0, 81a70 <pmc_mainck_osc_select+0x14>
		mor |=  CKGR_MOR_MOSCSEL;
	} else {
		mor &= ~CKGR_MOR_MOSCSEL;
	}
	PMC->CKGR_MOR = CKGR_MOR_KEY_PASSWD | mor;
   81a62:	4a07      	ldr	r2, [pc, #28]	; (81a80 <pmc_mainck_osc_select+0x24>)
		mor |=  CKGR_MOR_MOSCSEL;
   81a64:	f043 7380 	orr.w	r3, r3, #16777216	; 0x1000000
	PMC->CKGR_MOR = CKGR_MOR_KEY_PASSWD | mor;
   81a68:	f443 135c 	orr.w	r3, r3, #3604480	; 0x370000
   81a6c:	6213      	str	r3, [r2, #32]
}
   81a6e:	4770      	bx	lr
	PMC->CKGR_MOR = CKGR_MOR_KEY_PASSWD | mor;
   81a70:	4a03      	ldr	r2, [pc, #12]	; (81a80 <pmc_mainck_osc_select+0x24>)
		mor &= ~CKGR_MOR_MOSCSEL;
   81a72:	f023 7380 	bic.w	r3, r3, #16777216	; 0x1000000
	PMC->CKGR_MOR = CKGR_MOR_KEY_PASSWD | mor;
   81a76:	f443 135c 	orr.w	r3, r3, #3604480	; 0x370000
   81a7a:	6213      	str	r3, [r2, #32]
}
   81a7c:	4770      	bx	lr
   81a7e:	bf00      	nop
   81a80:	400e0400 	.word	0x400e0400

00081a84 <pmc_disable_pllack>:
void pmc_disable_pllack(void)
{
#if (SAM4C || SAM4CM || SAM4CP || SAMG)
	PMC->CKGR_PLLAR = CKGR_PLLAR_MULA(0);
#else
	PMC->CKGR_PLLAR = CKGR_PLLAR_ONE | CKGR_PLLAR_MULA(0);
   81a84:	f04f 5200 	mov.w	r2, #536870912	; 0x20000000
   81a88:	4b01      	ldr	r3, [pc, #4]	; (81a90 <pmc_disable_pllack+0xc>)
   81a8a:	629a      	str	r2, [r3, #40]	; 0x28
#endif
}
   81a8c:	4770      	bx	lr
   81a8e:	bf00      	nop
   81a90:	400e0400 	.word	0x400e0400

00081a94 <pmc_is_locked_pllack>:
 * \retval 0 Not locked.
 * \retval 1 Locked.
 */
uint32_t pmc_is_locked_pllack(void)
{
	return (PMC->PMC_SR & PMC_SR_LOCKA);
   81a94:	4b02      	ldr	r3, [pc, #8]	; (81aa0 <pmc_is_locked_pllack+0xc>)
   81a96:	6e98      	ldr	r0, [r3, #104]	; 0x68
}
   81a98:	f000 0002 	and.w	r0, r0, #2
   81a9c:	4770      	bx	lr
   81a9e:	bf00      	nop
   81aa0:	400e0400 	.word	0x400e0400

00081aa4 <pmc_is_locked_upll>:
 * \retval 0 Not locked.
 * \retval 1 Locked.
 */
uint32_t pmc_is_locked_upll(void)
{
	return (PMC->PMC_SR & PMC_SR_LOCKU);
   81aa4:	4b02      	ldr	r3, [pc, #8]	; (81ab0 <pmc_is_locked_upll+0xc>)
   81aa6:	6e98      	ldr	r0, [r3, #104]	; 0x68
}
   81aa8:	f000 0040 	and.w	r0, r0, #64	; 0x40
   81aac:	4770      	bx	lr
   81aae:	bf00      	nop
   81ab0:	400e0400 	.word	0x400e0400

00081ab4 <pmc_enable_periph_clk>:
 * \retval 0 Success.
 * \retval 1 Invalid parameter.
 */
uint32_t pmc_enable_periph_clk(uint32_t ul_id)
{
	if (ul_id > MAX_PERIPH_ID) {
   81ab4:	281d      	cmp	r0, #29
   81ab6:	d80a      	bhi.n	81ace <pmc_enable_periph_clk+0x1a>
		return 1;
	}

	if (ul_id < 32) {
		if ((PMC->PMC_PCSR0 & (1u << ul_id)) != (1u << ul_id)) {
   81ab8:	2301      	movs	r3, #1
   81aba:	4a06      	ldr	r2, [pc, #24]	; (81ad4 <pmc_enable_periph_clk+0x20>)
   81abc:	4083      	lsls	r3, r0
   81abe:	6991      	ldr	r1, [r2, #24]
			PMC->PMC_PCER1 = 1 << ul_id;
		}
#endif
	}

	return 0;
   81ac0:	2000      	movs	r0, #0
		if ((PMC->PMC_PCSR0 & (1u << ul_id)) != (1u << ul_id)) {
   81ac2:	ea33 0101 	bics.w	r1, r3, r1
   81ac6:	d001      	beq.n	81acc <pmc_enable_periph_clk+0x18>
			PMC->PMC_PCER0 = 1 << ul_id;
   81ac8:	6113      	str	r3, [r2, #16]
   81aca:	4770      	bx	lr
}
   81acc:	4770      	bx	lr
		return 1;
   81ace:	2001      	movs	r0, #1
   81ad0:	4770      	bx	lr
   81ad2:	bf00      	nop
   81ad4:	400e0400 	.word	0x400e0400

00081ad8 <pmc_disable_periph_clk>:
 * \retval 0 Success.
 * \retval 1 Invalid parameter.
 */
uint32_t pmc_disable_periph_clk(uint32_t ul_id)
{
	if (ul_id > MAX_PERIPH_ID) {
   81ad8:	281d      	cmp	r0, #29
   81ada:	d80a      	bhi.n	81af2 <pmc_disable_periph_clk+0x1a>
		return 1;
	}

	if (ul_id < 32) {
		if ((PMC->PMC_PCSR0 & (1u << ul_id)) == (1u << ul_id)) {
   81adc:	2301      	movs	r3, #1
   81ade:	4a06      	ldr	r2, [pc, #24]	; (81af8 <pmc_disable_periph_clk+0x20>)
   81ae0:	4083      	lsls	r3, r0
   81ae2:	6991      	ldr	r1, [r2, #24]
		if ((PMC->PMC_PCSR1 & (1u << ul_id)) == (1u << ul_id)) {
			PMC->PMC_PCDR1 = 1 << ul_id;
		}
#endif
	}
	return 0;
   81ae4:	2000      	movs	r0, #0
		if ((PMC->PMC_PCSR0 & (1u << ul_id)) == (1u << ul_id)) {
   81ae6:	ea33 0101 	bics.w	r1, r3, r1
   81aea:	d000      	beq.n	81aee <pmc_disable_periph_clk+0x16>
}
   81aec:	4770      	bx	lr
			PMC->PMC_PCDR0 = 1 << ul_id;
   81aee:	6153      	str	r3, [r2, #20]
   81af0:	4770      	bx	lr
		return 1;
   81af2:	2001      	movs	r0, #1
   81af4:	4770      	bx	lr
   81af6:	bf00      	nop
   81af8:	400e0400 	.word	0x400e0400

00081afc <pmc_set_fast_startup_input>:
 * \param ul_inputs Wake up inputs to enable.
 */
void pmc_set_fast_startup_input(uint32_t ul_inputs)
{
	ul_inputs &= PMC_FAST_STARTUP_Msk;
	PMC->PMC_FSMR |= ul_inputs;
   81afc:	4b03      	ldr	r3, [pc, #12]	; (81b0c <pmc_set_fast_startup_input+0x10>)
	ul_inputs &= PMC_FAST_STARTUP_Msk;
   81afe:	f3c0 0012 	ubfx	r0, r0, #0, #19
	PMC->PMC_FSMR |= ul_inputs;
   81b02:	6f1a      	ldr	r2, [r3, #112]	; 0x70
   81b04:	4310      	orrs	r0, r2
   81b06:	6718      	str	r0, [r3, #112]	; 0x70
}
   81b08:	4770      	bx	lr
   81b0a:	bf00      	nop
   81b0c:	400e0400 	.word	0x400e0400

00081b10 <_read>:
int __attribute__((weak))
_read (int file, char * ptr, int len); // Remove GCC compiler warning

int __attribute__((weak))
_read (int file, char * ptr, int len)
{
   81b10:	e92d 41f0 	stmdb	sp!, {r4, r5, r6, r7, r8, lr}
	int nChars = 0;

	if (file != 0) {
   81b14:	b9a0      	cbnz	r0, 81b40 <_read+0x30>
		return -1;
	}

	for (; len > 0; --len) {
   81b16:	2a00      	cmp	r2, #0
   81b18:	4690      	mov	r8, r2
   81b1a:	dd0d      	ble.n	81b38 <_read+0x28>
   81b1c:	460c      	mov	r4, r1
   81b1e:	4f0a      	ldr	r7, [pc, #40]	; (81b48 <_read+0x38>)
   81b20:	4e0a      	ldr	r6, [pc, #40]	; (81b4c <_read+0x3c>)
   81b22:	188d      	adds	r5, r1, r2
		ptr_get(stdio_base, ptr);
   81b24:	4621      	mov	r1, r4
   81b26:	6838      	ldr	r0, [r7, #0]
   81b28:	6833      	ldr	r3, [r6, #0]
		ptr++;
   81b2a:	3401      	adds	r4, #1
		ptr_get(stdio_base, ptr);
   81b2c:	4798      	blx	r3
	for (; len > 0; --len) {
   81b2e:	42ac      	cmp	r4, r5
   81b30:	d1f8      	bne.n	81b24 <_read+0x14>
		nChars++;
	}
	return nChars;
}
   81b32:	4640      	mov	r0, r8
   81b34:	e8bd 81f0 	ldmia.w	sp!, {r4, r5, r6, r7, r8, pc}
	int nChars = 0;
   81b38:	4680      	mov	r8, r0
}
   81b3a:	4640      	mov	r0, r8
   81b3c:	e8bd 81f0 	ldmia.w	sp!, {r4, r5, r6, r7, r8, pc}
		return -1;
   81b40:	f04f 38ff 	mov.w	r8, #4294967295	; 0xffffffff
   81b44:	e7f5      	b.n	81b32 <_read+0x22>
   81b46:	bf00      	nop
   81b48:	200036cc 	.word	0x200036cc
   81b4c:	20003660 	.word	0x20003660

00081b50 <pmc_is_wakeup_clocks_restored>:
	}
}

bool pmc_is_wakeup_clocks_restored(void)
{
	return !b_is_sleep_clock_used;
   81b50:	4b02      	ldr	r3, [pc, #8]	; (81b5c <pmc_is_wakeup_clocks_restored+0xc>)
   81b52:	7818      	ldrb	r0, [r3, #0]
}
   81b54:	f080 0001 	eor.w	r0, r0, #1
   81b58:	4770      	bx	lr
   81b5a:	bf00      	nop
   81b5c:	20003664 	.word	0x20003664

00081b60 <smc_set_setup_timing>:
 * \param ul_setup_timing Setup timing for NWE, NCS, NRD.
 */
void smc_set_setup_timing(Smc *p_smc, uint32_t ul_cs,
		uint32_t ul_setup_timing)
{
	p_smc->SMC_CS_NUMBER[ul_cs].SMC_SETUP = ul_setup_timing;
   81b60:	eb01 0181 	add.w	r1, r1, r1, lsl #2
   81b64:	eb00 0181 	add.w	r1, r0, r1, lsl #2
   81b68:	670a      	str	r2, [r1, #112]	; 0x70
}
   81b6a:	4770      	bx	lr

00081b6c <smc_set_pulse_timing>:
 * \param ul_pulse_timing Pulse timing for NWE,NCS,NRD.
 */
void smc_set_pulse_timing(Smc *p_smc, uint32_t ul_cs,
		uint32_t ul_pulse_timing)
{
	p_smc->SMC_CS_NUMBER[ul_cs].SMC_PULSE = ul_pulse_timing;
   81b6c:	eb01 0181 	add.w	r1, r1, r1, lsl #2
   81b70:	eb00 0181 	add.w	r1, r0, r1, lsl #2
   81b74:	674a      	str	r2, [r1, #116]	; 0x74
}
   81b76:	4770      	bx	lr

00081b78 <smc_set_cycle_timing>:
 * \param ul_cycle_timing Cycle timing for NWE and NRD.
 */
void smc_set_cycle_timing(Smc *p_smc, uint32_t ul_cs,
		uint32_t ul_cycle_timing)
{
	p_smc->SMC_CS_NUMBER[ul_cs].SMC_CYCLE = ul_cycle_timing;
   81b78:	eb01 0181 	add.w	r1, r1, r1, lsl #2
   81b7c:	eb00 0181 	add.w	r1, r0, r1, lsl #2
   81b80:	678a      	str	r2, [r1, #120]	; 0x78
}
   81b82:	4770      	bx	lr

00081b84 <smc_set_mode>:
 * \param ul_cs Chip select number to be set.
 * \param ul_mode SMC mode.
 */
void smc_set_mode(Smc *p_smc, uint32_t ul_cs, uint32_t ul_mode)
{
	p_smc->SMC_CS_NUMBER[ul_cs].SMC_MODE = ul_mode;
   81b84:	eb01 0181 	add.w	r1, r1, r1, lsl #2
   81b88:	eb00 0181 	add.w	r1, r0, r1, lsl #2
   81b8c:	f8c1 2080 	str.w	r2, [r1, #128]	; 0x80
}
   81b90:	4770      	bx	lr
   81b92:	bf00      	nop

00081b94 <Reset_Handler>:

	/* Initialize the relocate segment */
	pSrc = &_etext;
	pDest = &_srelocate;

	if (pSrc != pDest) {
   81b94:	4917      	ldr	r1, [pc, #92]	; (81bf4 <Reset_Handler+0x60>)
   81b96:	4818      	ldr	r0, [pc, #96]	; (81bf8 <Reset_Handler+0x64>)
{
   81b98:	b508      	push	{r3, lr}
	if (pSrc != pDest) {
   81b9a:	4281      	cmp	r1, r0
   81b9c:	d009      	beq.n	81bb2 <Reset_Handler+0x1e>
		for (; pDest < &_erelocate;) {
   81b9e:	4a17      	ldr	r2, [pc, #92]	; (81bfc <Reset_Handler+0x68>)
   81ba0:	4290      	cmp	r0, r2
   81ba2:	d206      	bcs.n	81bb2 <Reset_Handler+0x1e>
			*pDest++ = *pSrc++;
   81ba4:	3a01      	subs	r2, #1
   81ba6:	1a12      	subs	r2, r2, r0
   81ba8:	f022 0203 	bic.w	r2, r2, #3
   81bac:	4b14      	ldr	r3, [pc, #80]	; (81c00 <Reset_Handler+0x6c>)
   81bae:	3204      	adds	r2, #4
   81bb0:	4798      	blx	r3
		}
	}

	/* Clear the zero segment */
	for (pDest = &_szero; pDest < &_ezero;) {
   81bb2:	4814      	ldr	r0, [pc, #80]	; (81c04 <Reset_Handler+0x70>)
   81bb4:	4a14      	ldr	r2, [pc, #80]	; (81c08 <Reset_Handler+0x74>)
   81bb6:	4290      	cmp	r0, r2
   81bb8:	d207      	bcs.n	81bca <Reset_Handler+0x36>
		*pDest++ = 0;
   81bba:	3a01      	subs	r2, #1
   81bbc:	1a12      	subs	r2, r2, r0
   81bbe:	f022 0203 	bic.w	r2, r2, #3
   81bc2:	2100      	movs	r1, #0
   81bc4:	4b11      	ldr	r3, [pc, #68]	; (81c0c <Reset_Handler+0x78>)
   81bc6:	3204      	adds	r2, #4
   81bc8:	4798      	blx	r3
	}

	/* Set the vector table base address */
	pSrc = (uint32_t *) & _sfixed;
	SCB->VTOR = ((uint32_t) pSrc & SCB_VTOR_TBLOFF_Msk);
   81bca:	4b11      	ldr	r3, [pc, #68]	; (81c10 <Reset_Handler+0x7c>)
   81bcc:	4911      	ldr	r1, [pc, #68]	; (81c14 <Reset_Handler+0x80>)
   81bce:	f023 4260 	bic.w	r2, r3, #3758096384	; 0xe0000000

	if (((uint32_t) pSrc >= IRAM0_ADDR) && ((uint32_t) pSrc < IRAM0_ADDR + IRAM_SIZE)) {
   81bd2:	f103 4360 	add.w	r3, r3, #3758096384	; 0xe0000000
	SCB->VTOR = ((uint32_t) pSrc & SCB_VTOR_TBLOFF_Msk);
   81bd6:	f022 027f 	bic.w	r2, r2, #127	; 0x7f
	if (((uint32_t) pSrc >= IRAM0_ADDR) && ((uint32_t) pSrc < IRAM0_ADDR + IRAM_SIZE)) {
   81bda:	f5b3 4f40 	cmp.w	r3, #49152	; 0xc000
	SCB->VTOR = ((uint32_t) pSrc & SCB_VTOR_TBLOFF_Msk);
   81bde:	608a      	str	r2, [r1, #8]
	if (((uint32_t) pSrc >= IRAM0_ADDR) && ((uint32_t) pSrc < IRAM0_ADDR + IRAM_SIZE)) {
   81be0:	d203      	bcs.n	81bea <Reset_Handler+0x56>
		SCB->VTOR |= 1 << SCB_VTOR_TBLBASE_Pos;
   81be2:	688b      	ldr	r3, [r1, #8]
   81be4:	f043 5300 	orr.w	r3, r3, #536870912	; 0x20000000
   81be8:	608b      	str	r3, [r1, #8]
	}

	/* Initialize the C library */
	__libc_init_array();
   81bea:	4b0b      	ldr	r3, [pc, #44]	; (81c18 <Reset_Handler+0x84>)
   81bec:	4798      	blx	r3

	/* Branch to main function */
	main();
   81bee:	4b0b      	ldr	r3, [pc, #44]	; (81c1c <Reset_Handler+0x88>)
   81bf0:	4798      	blx	r3

	/* Infinite loop */
	while (1);
   81bf2:	e7fe      	b.n	81bf2 <Reset_Handler+0x5e>
   81bf4:	0008b3a8 	.word	0x0008b3a8
   81bf8:	20000000 	.word	0x20000000
   81bfc:	20000d5c 	.word	0x20000d5c
   81c00:	0008347d 	.word	0x0008347d
   81c04:	20000d5c 	.word	0x20000d5c
   81c08:	20003708 	.word	0x20003708
   81c0c:	00083569 	.word	0x00083569
   81c10:	00080000 	.word	0x00080000
   81c14:	e000ed00 	.word	0xe000ed00
   81c18:	000833ed 	.word	0x000833ed
   81c1c:	00080275 	.word	0x00080275

00081c20 <_sbrk>:
{
	static unsigned char *heap = NULL;
	unsigned char *prev_heap;
	int ramend = (int)&__ram_end__;

	if (heap == NULL) {
   81c20:	4a0c      	ldr	r2, [pc, #48]	; (81c54 <_sbrk+0x34>)
{
   81c22:	4603      	mov	r3, r0
	if (heap == NULL) {
   81c24:	6810      	ldr	r0, [r2, #0]
	int ramend = (int)&__ram_end__;
   81c26:	490c      	ldr	r1, [pc, #48]	; (81c58 <_sbrk+0x38>)
	if (heap == NULL) {
   81c28:	b130      	cbz	r0, 81c38 <_sbrk+0x18>
		heap = (unsigned char *)&_end;
	}
	prev_heap = heap;

	if (((int)prev_heap + incr) > ramend) {
   81c2a:	4403      	add	r3, r0
   81c2c:	428b      	cmp	r3, r1
		return (caddr_t) -1;	
   81c2e:	bfcc      	ite	gt
   81c30:	f04f 30ff 	movgt.w	r0, #4294967295	; 0xffffffff
	}

	heap += incr;
   81c34:	6013      	strle	r3, [r2, #0]

	return (caddr_t) prev_heap;
}
   81c36:	4770      	bx	lr
{
   81c38:	b410      	push	{r4}
		heap = (unsigned char *)&_end;
   81c3a:	4c08      	ldr	r4, [pc, #32]	; (81c5c <_sbrk+0x3c>)
	if (((int)prev_heap + incr) > ramend) {
   81c3c:	4423      	add	r3, r4
   81c3e:	428b      	cmp	r3, r1
		heap = (unsigned char *)&_end;
   81c40:	6014      	str	r4, [r2, #0]
	heap += incr;
   81c42:	bfd8      	it	le
   81c44:	6013      	strle	r3, [r2, #0]
		heap = (unsigned char *)&_end;
   81c46:	4620      	mov	r0, r4
		return (caddr_t) -1;	
   81c48:	bfc8      	it	gt
   81c4a:	f04f 30ff 	movgt.w	r0, #4294967295	; 0xffffffff
}
   81c4e:	bc10      	pop	{r4}
   81c50:	4770      	bx	lr
   81c52:	bf00      	nop
   81c54:	20003670 	.word	0x20003670
   81c58:	20083ffc 	.word	0x20083ffc
   81c5c:	20083000 	.word	0x20083000

00081c60 <_close>:
}

extern int _close(int file)
{
	return -1;
}
   81c60:	f04f 30ff 	mov.w	r0, #4294967295	; 0xffffffff
   81c64:	4770      	bx	lr
   81c66:	bf00      	nop

00081c68 <_fstat>:

extern int _fstat(int file, struct stat *st)
{
	st->st_mode = S_IFCHR;
   81c68:	f44f 5300 	mov.w	r3, #8192	; 0x2000

	return 0;
}
   81c6c:	2000      	movs	r0, #0
	st->st_mode = S_IFCHR;
   81c6e:	604b      	str	r3, [r1, #4]
}
   81c70:	4770      	bx	lr
   81c72:	bf00      	nop

00081c74 <_isatty>:

extern int _isatty(int file)
{
	return 1;
}
   81c74:	2001      	movs	r0, #1
   81c76:	4770      	bx	lr

00081c78 <_lseek>:

extern int _lseek(int file, int ptr, int dir)
{
	return 0;
}
   81c78:	2000      	movs	r0, #0
   81c7a:	4770      	bx	lr

00081c7c <_exit>:

extern void _exit(int status)
{
   81c7c:	4601      	mov	r1, r0
   81c7e:	b508      	push	{r3, lr}
	printf("Exiting with status %d.\n", status);
   81c80:	4801      	ldr	r0, [pc, #4]	; (81c88 <_exit+0xc>)
   81c82:	4b02      	ldr	r3, [pc, #8]	; (81c8c <_exit+0x10>)
   81c84:	4798      	blx	r3

	for (;;);
   81c86:	e7fe      	b.n	81c86 <_exit+0xa>
   81c88:	0008af74 	.word	0x0008af74
   81c8c:	00083435 	.word	0x00083435

00081c90 <_kill>:
}

extern void _kill(int pid, int sig)
{
	return;
}
   81c90:	4770      	bx	lr
   81c92:	bf00      	nop

00081c94 <_getpid>:

extern int _getpid(void)
{
	return -1;
}
   81c94:	f04f 30ff 	mov.w	r0, #4294967295	; 0xffffffff
   81c98:	4770      	bx	lr
   81c9a:	bf00      	nop

00081c9c <sysclk_enable_usb>:
 *
 * \param pll_id Source of the USB clock.
 * \param div Actual clock divisor. Must be superior to 0.
 */
void sysclk_enable_usb(void)
{
   81c9c:	b510      	push	{r4, lr}
		pmc_osc_enable_main_xtal(pmc_us_to_moscxtst(
   81c9e:	203e      	movs	r0, #62	; 0x3e
   81ca0:	4b07      	ldr	r3, [pc, #28]	; (81cc0 <sysclk_enable_usb+0x24>)
   81ca2:	4798      	blx	r3
		break;
   81ca4:	4c07      	ldr	r4, [pc, #28]	; (81cc4 <sysclk_enable_usb+0x28>)
		return pmc_osc_is_ready_main_xtal();
   81ca6:	47a0      	blx	r4
   81ca8:	2800      	cmp	r0, #0
   81caa:	d0fc      	beq.n	81ca6 <sysclk_enable_usb+0xa>

	if (ul_pll_id == PLLA_ID) {
		pmc_disable_pllack(); // Always stop PLL first!
		PMC->CKGR_PLLAR = CKGR_PLLAR_ONE | p_cfg->ctrl;
	} else {
		PMC->CKGR_UCKR = p_cfg->ctrl | CKGR_UCKR_UPLLEN;
   81cac:	f44f 0271 	mov.w	r2, #15794176	; 0xf10000
   81cb0:	4b05      	ldr	r3, [pc, #20]	; (81cc8 <sysclk_enable_usb+0x2c>)
   81cb2:	4c06      	ldr	r4, [pc, #24]	; (81ccc <sysclk_enable_usb+0x30>)
   81cb4:	61da      	str	r2, [r3, #28]
	Assert(ul_pll_id < NR_PLLS);

	if (ul_pll_id == PLLA_ID) {
		return pmc_is_locked_pllack();
	} else {
		return pmc_is_locked_upll();
   81cb6:	47a0      	blx	r4
 */
static inline int pll_wait_for_lock(unsigned int pll_id)
{
	Assert(pll_id < NR_PLLS);

	while (!pll_is_locked(pll_id)) {
   81cb8:	2800      	cmp	r0, #0
   81cba:	d0fc      	beq.n	81cb6 <sysclk_enable_usb+0x1a>

	pll_enable_source(CONFIG_PLL1_SOURCE);
	pll_config_defaults(&pllcfg, 1);
	pll_enable(&pllcfg, 1);
	pll_wait_for_lock(1);
}
   81cbc:	bd10      	pop	{r4, pc}
   81cbe:	bf00      	nop
   81cc0:	00081a19 	.word	0x00081a19
   81cc4:	00081a3d 	.word	0x00081a3d
   81cc8:	400e0400 	.word	0x400e0400
   81ccc:	00081aa5 	.word	0x00081aa5

00081cd0 <sysclk_init>:
		pll_disable(1);
	}
}

void sysclk_init(void)
{
   81cd0:	b570      	push	{r4, r5, r6, lr}
	struct pll_config pllcfg;

	/* Set flash wait state to max in case the below clock switching. */
	system_init_flash(CHIP_FREQ_CPU_MAX);
   81cd2:	4812      	ldr	r0, [pc, #72]	; (81d1c <sysclk_init+0x4c>)
   81cd4:	4d12      	ldr	r5, [pc, #72]	; (81d20 <sysclk_init+0x50>)
   81cd6:	47a8      	blx	r5
		pmc_osc_enable_main_xtal(pmc_us_to_moscxtst(
   81cd8:	203e      	movs	r0, #62	; 0x3e
   81cda:	4b12      	ldr	r3, [pc, #72]	; (81d24 <sysclk_init+0x54>)
   81cdc:	4798      	blx	r3
		break;
   81cde:	4c12      	ldr	r4, [pc, #72]	; (81d28 <sysclk_init+0x58>)
		return pmc_osc_is_ready_main_xtal();
   81ce0:	47a0      	blx	r4
   81ce2:	2800      	cmp	r0, #0
   81ce4:	d0fc      	beq.n	81ce0 <sysclk_init+0x10>
#  ifndef CONFIG_PLL1_SOURCE
			pmc_osc_disable_main_xtal();
#  endif
		} else if (CONFIG_PLL0_SOURCE == PLL_SRC_MAINCK_XTAL ||
				CONFIG_PLL0_SOURCE == PLL_SRC_MAINCK_BYPASS) {
			pmc_mainck_osc_select(CKGR_MOR_MOSCSEL);
   81ce6:	f04f 7080 	mov.w	r0, #16777216	; 0x1000000
   81cea:	4b10      	ldr	r3, [pc, #64]	; (81d2c <sysclk_init+0x5c>)
   81cec:	4798      	blx	r3
			while(!pmc_osc_is_ready_mainck());
   81cee:	4c10      	ldr	r4, [pc, #64]	; (81d30 <sysclk_init+0x60>)
   81cf0:	47a0      	blx	r4
   81cf2:	2800      	cmp	r0, #0
   81cf4:	d0fc      	beq.n	81cf0 <sysclk_init+0x20>
		pmc_disable_pllack(); // Always stop PLL first!
   81cf6:	4b0f      	ldr	r3, [pc, #60]	; (81d34 <sysclk_init+0x64>)
   81cf8:	4798      	blx	r3
		PMC->CKGR_PLLAR = CKGR_PLLAR_ONE | p_cfg->ctrl;
   81cfa:	4b0f      	ldr	r3, [pc, #60]	; (81d38 <sysclk_init+0x68>)
   81cfc:	4a0f      	ldr	r2, [pc, #60]	; (81d3c <sysclk_init+0x6c>)
   81cfe:	4c10      	ldr	r4, [pc, #64]	; (81d40 <sysclk_init+0x70>)
   81d00:	629a      	str	r2, [r3, #40]	; 0x28
		return pmc_is_locked_pllack();
   81d02:	47a0      	blx	r4
   81d04:	2800      	cmp	r0, #0
   81d06:	d0fc      	beq.n	81d02 <sysclk_init+0x32>
		}
		pll_config_defaults(&pllcfg, 0);
		pll_enable(&pllcfg, 0);
		pll_wait_for_lock(0);
		pmc_switch_mck_to_pllack(CONFIG_SYSCLK_PRES);
   81d08:	4b0e      	ldr	r3, [pc, #56]	; (81d44 <sysclk_init+0x74>)
   81d0a:	2010      	movs	r0, #16
   81d0c:	4798      	blx	r3
		pll_wait_for_lock(1);
		pmc_switch_mck_to_upllck(CONFIG_SYSCLK_PRES);
	}

	/* Update the SystemFrequency variable */
	SystemCoreClockUpdate();
   81d0e:	4b0e      	ldr	r3, [pc, #56]	; (81d48 <sysclk_init+0x78>)
   81d10:	4798      	blx	r3

	/* Set a flash wait state depending on the new cpu frequency */
	system_init_flash(sysclk_get_cpu_hz());
   81d12:	462b      	mov	r3, r5

#if (defined CONFIG_SYSCLK_DEFAULT_RETURNS_SLOW_OSC)
	/* Signal that the internal frequencies are setup */
	sysclk_initialized = 1;
#endif
}
   81d14:	e8bd 4070 	ldmia.w	sp!, {r4, r5, r6, lr}
	system_init_flash(sysclk_get_cpu_hz());
   81d18:	4800      	ldr	r0, [pc, #0]	; (81d1c <sysclk_init+0x4c>)
   81d1a:	4718      	bx	r3
   81d1c:	05b8d800 	.word	0x05b8d800
   81d20:	20000131 	.word	0x20000131
   81d24:	00081a19 	.word	0x00081a19
   81d28:	00081a3d 	.word	0x00081a3d
   81d2c:	00081a5d 	.word	0x00081a5d
   81d30:	00081a4d 	.word	0x00081a4d
   81d34:	00081a85 	.word	0x00081a85
   81d38:	400e0400 	.word	0x400e0400
   81d3c:	200f3f01 	.word	0x200f3f01
   81d40:	00081a95 	.word	0x00081a95
   81d44:	000819bd 	.word	0x000819bd
   81d48:	00081d4d 	.word	0x00081d4d

00081d4c <SystemCoreClockUpdate>:
}

void SystemCoreClockUpdate(void)
{
	/* Determine clock frequency according to clock register values */
	switch (PMC->PMC_MCKR & PMC_MCKR_CSS_Msk) {
   81d4c:	4a31      	ldr	r2, [pc, #196]	; (81e14 <SystemCoreClockUpdate+0xc8>)
   81d4e:	6b13      	ldr	r3, [r2, #48]	; 0x30
   81d50:	f003 0303 	and.w	r3, r3, #3
   81d54:	2b01      	cmp	r3, #1
   81d56:	d02c      	beq.n	81db2 <SystemCoreClockUpdate+0x66>
   81d58:	3b02      	subs	r3, #2
   81d5a:	2b01      	cmp	r3, #1
   81d5c:	d81e      	bhi.n	81d9c <SystemCoreClockUpdate+0x50>
			}
		}
		break;
	case PMC_MCKR_CSS_PLLA_CLK:	/* PLLA clock */
	case PMC_MCKR_CSS_UPLL_CLK:	/* UPLL clock */
		if (PMC->CKGR_MOR & CKGR_MOR_MOSCSEL) {
   81d5e:	6a13      	ldr	r3, [r2, #32]
   81d60:	01d9      	lsls	r1, r3, #7
   81d62:	d538      	bpl.n	81dd6 <SystemCoreClockUpdate+0x8a>
			SystemCoreClock = CHIP_FREQ_XTAL_12M;
   81d64:	482c      	ldr	r0, [pc, #176]	; (81e18 <SystemCoreClockUpdate+0xcc>)
   81d66:	4b2d      	ldr	r3, [pc, #180]	; (81e1c <SystemCoreClockUpdate+0xd0>)
   81d68:	6003      	str	r3, [r0, #0]
				break;
			default:
				break;
			}
		}
		if ((PMC->PMC_MCKR & PMC_MCKR_CSS_Msk) == PMC_MCKR_CSS_PLLA_CLK) {
   81d6a:	4a2a      	ldr	r2, [pc, #168]	; (81e14 <SystemCoreClockUpdate+0xc8>)
   81d6c:	6b13      	ldr	r3, [r2, #48]	; 0x30
   81d6e:	f003 0303 	and.w	r3, r3, #3
   81d72:	2b02      	cmp	r3, #2
   81d74:	d03c      	beq.n	81df0 <SystemCoreClockUpdate+0xa4>
   81d76:	4b2a      	ldr	r3, [pc, #168]	; (81e20 <SystemCoreClockUpdate+0xd4>)
			SystemCoreClock = SYS_UTMIPLL / 2U;
		}
		break;
	}

	if ((PMC->PMC_MCKR & PMC_MCKR_PRES_Msk) == PMC_MCKR_PRES_CLK_3) {
   81d78:	4926      	ldr	r1, [pc, #152]	; (81e14 <SystemCoreClockUpdate+0xc8>)
   81d7a:	6b0a      	ldr	r2, [r1, #48]	; 0x30
   81d7c:	f002 0270 	and.w	r2, r2, #112	; 0x70
   81d80:	2a70      	cmp	r2, #112	; 0x70
   81d82:	d005      	beq.n	81d90 <SystemCoreClockUpdate+0x44>
		SystemCoreClock /= 3U;
	} else {
		SystemCoreClock >>= ((PMC->PMC_MCKR & PMC_MCKR_PRES_Msk) >> 
   81d84:	6b0a      	ldr	r2, [r1, #48]	; 0x30
   81d86:	f3c2 1202 	ubfx	r2, r2, #4, #3
   81d8a:	40d3      	lsrs	r3, r2
   81d8c:	6003      	str	r3, [r0, #0]
			                           PMC_MCKR_PRES_Pos);
	}
}
   81d8e:	4770      	bx	lr
		SystemCoreClock /= 3U;
   81d90:	4a24      	ldr	r2, [pc, #144]	; (81e24 <SystemCoreClockUpdate+0xd8>)
   81d92:	fba2 2303 	umull	r2, r3, r2, r3
   81d96:	085b      	lsrs	r3, r3, #1
   81d98:	6003      	str	r3, [r0, #0]
}
   81d9a:	4770      	bx	lr
		if (SUPC->SUPC_SR & SUPC_SR_OSCSEL) {
   81d9c:	4b22      	ldr	r3, [pc, #136]	; (81e28 <SystemCoreClockUpdate+0xdc>)
   81d9e:	481e      	ldr	r0, [pc, #120]	; (81e18 <SystemCoreClockUpdate+0xcc>)
   81da0:	6a5b      	ldr	r3, [r3, #36]	; 0x24
   81da2:	f013 0f80 	tst.w	r3, #128	; 0x80
   81da6:	bf14      	ite	ne
   81da8:	f44f 4300 	movne.w	r3, #32768	; 0x8000
   81dac:	f44f 43fa 	moveq.w	r3, #32000	; 0x7d00
   81db0:	e7e2      	b.n	81d78 <SystemCoreClockUpdate+0x2c>
		if (PMC->CKGR_MOR & CKGR_MOR_MOSCSEL) {
   81db2:	6a13      	ldr	r3, [r2, #32]
   81db4:	01db      	lsls	r3, r3, #7
   81db6:	d40b      	bmi.n	81dd0 <SystemCoreClockUpdate+0x84>
			switch (PMC->CKGR_MOR & CKGR_MOR_MOSCRCF_Msk) {
   81db8:	6a12      	ldr	r2, [r2, #32]
   81dba:	f002 0270 	and.w	r2, r2, #112	; 0x70
   81dbe:	2a10      	cmp	r2, #16
   81dc0:	d021      	beq.n	81e06 <SystemCoreClockUpdate+0xba>
   81dc2:	4b16      	ldr	r3, [pc, #88]	; (81e1c <SystemCoreClockUpdate+0xd0>)
   81dc4:	4919      	ldr	r1, [pc, #100]	; (81e2c <SystemCoreClockUpdate+0xe0>)
   81dc6:	4814      	ldr	r0, [pc, #80]	; (81e18 <SystemCoreClockUpdate+0xcc>)
   81dc8:	2a20      	cmp	r2, #32
   81dca:	bf18      	it	ne
   81dcc:	460b      	movne	r3, r1
   81dce:	e7d3      	b.n	81d78 <SystemCoreClockUpdate+0x2c>
   81dd0:	4b12      	ldr	r3, [pc, #72]	; (81e1c <SystemCoreClockUpdate+0xd0>)
   81dd2:	4811      	ldr	r0, [pc, #68]	; (81e18 <SystemCoreClockUpdate+0xcc>)
   81dd4:	e7d0      	b.n	81d78 <SystemCoreClockUpdate+0x2c>
			SystemCoreClock = CHIP_FREQ_MAINCK_RC_4MHZ;
   81dd6:	4b15      	ldr	r3, [pc, #84]	; (81e2c <SystemCoreClockUpdate+0xe0>)
   81dd8:	480f      	ldr	r0, [pc, #60]	; (81e18 <SystemCoreClockUpdate+0xcc>)
   81dda:	6003      	str	r3, [r0, #0]
			switch (PMC->CKGR_MOR & CKGR_MOR_MOSCRCF_Msk) {
   81ddc:	6a13      	ldr	r3, [r2, #32]
   81dde:	f003 0370 	and.w	r3, r3, #112	; 0x70
   81de2:	2b10      	cmp	r3, #16
   81de4:	d012      	beq.n	81e0c <SystemCoreClockUpdate+0xc0>
   81de6:	2b20      	cmp	r3, #32
   81de8:	d1bf      	bne.n	81d6a <SystemCoreClockUpdate+0x1e>
				SystemCoreClock *= 3U;
   81dea:	4b0c      	ldr	r3, [pc, #48]	; (81e1c <SystemCoreClockUpdate+0xd0>)
   81dec:	6003      	str	r3, [r0, #0]
				break;
   81dee:	e7bc      	b.n	81d6a <SystemCoreClockUpdate+0x1e>
			SystemCoreClock *= ((((PMC->CKGR_PLLAR) & CKGR_PLLAR_MULA_Msk) >> 
   81df0:	6a91      	ldr	r1, [r2, #40]	; 0x28
   81df2:	6803      	ldr	r3, [r0, #0]
   81df4:	f3c1 410a 	ubfx	r1, r1, #16, #11
   81df8:	fb01 3303 	mla	r3, r1, r3, r3
			SystemCoreClock /= ((((PMC->CKGR_PLLAR) & CKGR_PLLAR_DIVA_Msk) >>
   81dfc:	6a92      	ldr	r2, [r2, #40]	; 0x28
   81dfe:	b2d2      	uxtb	r2, r2
   81e00:	fbb3 f3f2 	udiv	r3, r3, r2
   81e04:	e7b8      	b.n	81d78 <SystemCoreClockUpdate+0x2c>
   81e06:	4b0a      	ldr	r3, [pc, #40]	; (81e30 <SystemCoreClockUpdate+0xe4>)
   81e08:	4803      	ldr	r0, [pc, #12]	; (81e18 <SystemCoreClockUpdate+0xcc>)
   81e0a:	e7b5      	b.n	81d78 <SystemCoreClockUpdate+0x2c>
				SystemCoreClock *= 2U;
   81e0c:	4b08      	ldr	r3, [pc, #32]	; (81e30 <SystemCoreClockUpdate+0xe4>)
   81e0e:	6003      	str	r3, [r0, #0]
				break;
   81e10:	e7ab      	b.n	81d6a <SystemCoreClockUpdate+0x1e>
   81e12:	bf00      	nop
   81e14:	400e0400 	.word	0x400e0400
   81e18:	20000308 	.word	0x20000308
   81e1c:	00b71b00 	.word	0x00b71b00
   81e20:	0e4e1c00 	.word	0x0e4e1c00
   81e24:	aaaaaaab 	.word	0xaaaaaaab
   81e28:	400e1200 	.word	0x400e1200
   81e2c:	003d0900 	.word	0x003d0900
   81e30:	007a1200 	.word	0x007a1200

00081e34 <uart_init>:
uint32_t uart_init(Uart *p_uart, const sam_uart_opt_t *p_uart_opt)
{
	uint32_t cd = 0;

	/* Reset and disable receiver & transmitter */
	p_uart->UART_CR = UART_CR_RSTRX | UART_CR_RSTTX
   81e34:	23ac      	movs	r3, #172	; 0xac
   81e36:	6003      	str	r3, [r0, #0]
{
   81e38:	4602      	mov	r2, r0
			| UART_CR_RXDIS | UART_CR_TXDIS;

	/* Check and configure baudrate */
	/* Asynchronous, no oversampling */
	cd = (p_uart_opt->ul_mck / p_uart_opt->ul_baudrate) / UART_MCK_DIV;
   81e3a:	e9d1 3000 	ldrd	r3, r0, [r1]
   81e3e:	fbb3 f3f0 	udiv	r3, r3, r0
	if (cd < UART_MCK_DIV_MIN_FACTOR || cd > UART_MCK_DIV_MAX_FACTOR)
   81e42:	f64f 7cfe 	movw	ip, #65534	; 0xfffe
	cd = (p_uart_opt->ul_mck / p_uart_opt->ul_baudrate) / UART_MCK_DIV;
   81e46:	091b      	lsrs	r3, r3, #4
	if (cd < UART_MCK_DIV_MIN_FACTOR || cd > UART_MCK_DIV_MAX_FACTOR)
   81e48:	1e58      	subs	r0, r3, #1
   81e4a:	4560      	cmp	r0, ip
   81e4c:	d80c      	bhi.n	81e68 <uart_init+0x34>
{
   81e4e:	b430      	push	{r4, r5}
	p_uart->UART_BRGR = cd;
	/* Configure mode */
	p_uart->UART_MR = p_uart_opt->ul_mode;

	/* Disable PDC channel */
	p_uart->UART_PTCR = UART_PTCR_RXTDIS | UART_PTCR_TXTDIS;
   81e50:	f240 2502 	movw	r5, #514	; 0x202

	/* Enable receiver and transmitter */
	p_uart->UART_CR = UART_CR_RXEN | UART_CR_TXEN;
   81e54:	2450      	movs	r4, #80	; 0x50
	p_uart->UART_BRGR = cd;
   81e56:	6213      	str	r3, [r2, #32]
	p_uart->UART_MR = p_uart_opt->ul_mode;
   81e58:	688b      	ldr	r3, [r1, #8]

	return 0;
   81e5a:	2000      	movs	r0, #0
	p_uart->UART_MR = p_uart_opt->ul_mode;
   81e5c:	6053      	str	r3, [r2, #4]
	p_uart->UART_PTCR = UART_PTCR_RXTDIS | UART_PTCR_TXTDIS;
   81e5e:	f8c2 5120 	str.w	r5, [r2, #288]	; 0x120
	p_uart->UART_CR = UART_CR_RXEN | UART_CR_TXEN;
   81e62:	6014      	str	r4, [r2, #0]
}
   81e64:	bc30      	pop	{r4, r5}
   81e66:	4770      	bx	lr
		return 1;
   81e68:	2001      	movs	r0, #1
}
   81e6a:	4770      	bx	lr

00081e6c <uart_write>:
 *
 * \retval 0 Success.
 * \retval 1 I/O Failure, UART is not ready.
 */
uint32_t uart_write(Uart *p_uart, const uint8_t uc_data)
{
   81e6c:	4603      	mov	r3, r0
	/* Check if the transmitter is ready */
	if (!(p_uart->UART_SR & UART_SR_TXRDY))
   81e6e:	6942      	ldr	r2, [r0, #20]
   81e70:	0792      	lsls	r2, r2, #30
		return 1;

	/* Send character */
	p_uart->UART_THR = uc_data;
	return 0;
   81e72:	bf46      	itte	mi
   81e74:	2000      	movmi	r0, #0
	p_uart->UART_THR = uc_data;
   81e76:	61d9      	strmi	r1, [r3, #28]
		return 1;
   81e78:	2001      	movpl	r0, #1
}
   81e7a:	4770      	bx	lr

00081e7c <uart_read>:
 * \retval 1 I/O Failure, UART is not ready.
 */
uint32_t uart_read(Uart *p_uart, uint8_t *puc_data)
{
	/* Check if the receiver is ready */
	if ((p_uart->UART_SR & UART_SR_RXRDY) == 0)
   81e7c:	6943      	ldr	r3, [r0, #20]
   81e7e:	07db      	lsls	r3, r3, #31
		return 1;

	/* Read character */
	*puc_data = (uint8_t) p_uart->UART_RHR;
   81e80:	bf43      	ittte	mi
   81e82:	6983      	ldrmi	r3, [r0, #24]
	return 0;
   81e84:	2000      	movmi	r0, #0
	*puc_data = (uint8_t) p_uart->UART_RHR;
   81e86:	700b      	strbmi	r3, [r1, #0]
		return 1;
   81e88:	2001      	movpl	r0, #1
}
   81e8a:	4770      	bx	lr

00081e8c <udi_vendor_getsetting>:
	return false; // Not supported request
}

uint8_t udi_vendor_getsetting(void)
{
	return udi_vendor_alternate_setting;
   81e8c:	4b01      	ldr	r3, [pc, #4]	; (81e94 <udi_vendor_getsetting+0x8>)
}
   81e8e:	7818      	ldrb	r0, [r3, #0]
   81e90:	4770      	bx	lr
   81e92:	bf00      	nop
   81e94:	20003674 	.word	0x20003674

00081e98 <udi_vendor_disable>:
	if (0 == udi_vendor_alternate_setting) {
   81e98:	4b02      	ldr	r3, [pc, #8]	; (81ea4 <udi_vendor_disable+0xc>)
   81e9a:	781b      	ldrb	r3, [r3, #0]
   81e9c:	b103      	cbz	r3, 81ea0 <udi_vendor_disable+0x8>
}
   81e9e:	4770      	bx	lr
		UDI_VENDOR_DISABLE_EXT();
   81ea0:	4b01      	ldr	r3, [pc, #4]	; (81ea8 <udi_vendor_disable+0x10>)
   81ea2:	4718      	bx	r3
   81ea4:	20003674 	.word	0x20003674
   81ea8:	000809c1 	.word	0x000809c1

00081eac <udi_vendor_setup>:
	if (Udd_setup_is_in()) {
   81eac:	4b08      	ldr	r3, [pc, #32]	; (81ed0 <udi_vendor_setup+0x24>)
   81eae:	f993 2000 	ldrsb.w	r2, [r3]
   81eb2:	781b      	ldrb	r3, [r3, #0]
   81eb4:	2a00      	cmp	r2, #0
		if (Udd_setup_type() == USB_REQ_TYPE_VENDOR) {
   81eb6:	f003 0360 	and.w	r3, r3, #96	; 0x60
	if (Udd_setup_is_in()) {
   81eba:	db03      	blt.n	81ec4 <udi_vendor_setup+0x18>
		if (Udd_setup_type() == USB_REQ_TYPE_VENDOR) {
   81ebc:	2b40      	cmp	r3, #64	; 0x40
   81ebe:	d005      	beq.n	81ecc <udi_vendor_setup+0x20>
}
   81ec0:	2000      	movs	r0, #0
   81ec2:	4770      	bx	lr
		if (Udd_setup_type() == USB_REQ_TYPE_VENDOR) {
   81ec4:	2b40      	cmp	r3, #64	; 0x40
   81ec6:	d1fb      	bne.n	81ec0 <udi_vendor_setup+0x14>
			return UDI_VENDOR_SETUP_IN_RECEIVED();
   81ec8:	4b02      	ldr	r3, [pc, #8]	; (81ed4 <udi_vendor_setup+0x28>)
   81eca:	4718      	bx	r3
			return UDI_VENDOR_SETUP_OUT_RECEIVED();
   81ecc:	4b02      	ldr	r3, [pc, #8]	; (81ed8 <udi_vendor_setup+0x2c>)
   81ece:	4718      	bx	r3
   81ed0:	200036b0 	.word	0x200036b0
   81ed4:	00080a1d 	.word	0x00080a1d
   81ed8:	000809cd 	.word	0x000809cd

00081edc <udi_vendor_enable>:
	udi_vendor_alternate_setting = udc_get_interface_desc()->bAlternateSetting;
   81edc:	4b06      	ldr	r3, [pc, #24]	; (81ef8 <udi_vendor_enable+0x1c>)
{
   81ede:	b510      	push	{r4, lr}
	udi_vendor_alternate_setting = udc_get_interface_desc()->bAlternateSetting;
   81ee0:	4798      	blx	r3
   81ee2:	4a06      	ldr	r2, [pc, #24]	; (81efc <udi_vendor_enable+0x20>)
   81ee4:	78c3      	ldrb	r3, [r0, #3]
   81ee6:	7013      	strb	r3, [r2, #0]
	if (0 == udi_vendor_alternate_setting) {
   81ee8:	b10b      	cbz	r3, 81eee <udi_vendor_enable+0x12>
}
   81eea:	2001      	movs	r0, #1
   81eec:	bd10      	pop	{r4, pc}
		if (!UDI_VENDOR_ENABLE_EXT()) {
   81eee:	4b04      	ldr	r3, [pc, #16]	; (81f00 <udi_vendor_enable+0x24>)
}
   81ef0:	e8bd 4010 	ldmia.w	sp!, {r4, lr}
		if (!UDI_VENDOR_ENABLE_EXT()) {
   81ef4:	4718      	bx	r3
   81ef6:	bf00      	nop
   81ef8:	00080d31 	.word	0x00080d31
   81efc:	20003674 	.word	0x20003674
   81f00:	00080999 	.word	0x00080999

00081f04 <udi_vendor_bulk_in_run>:
 *
 * \return \c 1 if function was successfully done, otherwise \c 0.
 */
bool udi_vendor_bulk_in_run(uint8_t * buf, iram_size_t buf_size,
		udd_callback_trans_t callback)
{
   81f04:	b530      	push	{r4, r5, lr}
   81f06:	4684      	mov	ip, r0
   81f08:	4615      	mov	r5, r2
   81f0a:	b083      	sub	sp, #12
   81f0c:	460b      	mov	r3, r1
	return udd_ep_run(UDI_VENDOR_EP_BULK_IN,
   81f0e:	4662      	mov	r2, ip
   81f10:	2100      	movs	r1, #0
   81f12:	4c03      	ldr	r4, [pc, #12]	; (81f20 <udi_vendor_bulk_in_run+0x1c>)
   81f14:	9500      	str	r5, [sp, #0]
   81f16:	2081      	movs	r0, #129	; 0x81
   81f18:	47a0      	blx	r4
			false,
			buf,
			buf_size,
			callback);
}
   81f1a:	b003      	add	sp, #12
   81f1c:	bd30      	pop	{r4, r5, pc}
   81f1e:	bf00      	nop
   81f20:	00082ecd 	.word	0x00082ecd

00081f24 <udi_vendor_bulk_out_run>:
 *
 * \return \c 1 if function was successfully done, otherwise \c 0.
 */
bool udi_vendor_bulk_out_run(uint8_t * buf, iram_size_t buf_size,
		udd_callback_trans_t callback)
{
   81f24:	b530      	push	{r4, r5, lr}
   81f26:	4684      	mov	ip, r0
   81f28:	4615      	mov	r5, r2
   81f2a:	b083      	sub	sp, #12
   81f2c:	460b      	mov	r3, r1
	return udd_ep_run(UDI_VENDOR_EP_BULK_OUT,
   81f2e:	4662      	mov	r2, ip
   81f30:	2100      	movs	r1, #0
   81f32:	4c03      	ldr	r4, [pc, #12]	; (81f40 <udi_vendor_bulk_out_run+0x1c>)
   81f34:	9500      	str	r5, [sp, #0]
   81f36:	2002      	movs	r0, #2
   81f38:	47a0      	blx	r4
			false,
			buf,
			buf_size,
			callback);
}
   81f3a:	b003      	add	sp, #12
   81f3c:	bd30      	pop	{r4, r5, pc}
   81f3e:	bf00      	nop
   81f40:	00082ecd 	.word	0x00082ecd

00081f44 <udd_ep_finish_job>:
}


static void udd_ep_finish_job(udd_ep_job_t * ptr_job, bool b_abort, uint8_t ep_num)
{
	if (ptr_job->busy == false) {
   81f44:	f890 c014 	ldrb.w	ip, [r0, #20]
{
   81f48:	4603      	mov	r3, r0
	if (ptr_job->busy == false) {
   81f4a:	f01c 0f01 	tst.w	ip, #1
   81f4e:	d016      	beq.n	81f7e <udd_ep_finish_job+0x3a>
{
   81f50:	b430      	push	{r4, r5}
		return; // No on-going job
	}
	ptr_job->busy = false;
	dbg_print("JobE%d ", b_abort);
	if (NULL == ptr_job->call_trans) {
   81f52:	6804      	ldr	r4, [r0, #0]
	ptr_job->busy = false;
   81f54:	f36f 0c00 	bfc	ip, #0, #1
   81f58:	f880 c014 	strb.w	ip, [r0, #20]
	if (NULL == ptr_job->call_trans) {
   81f5c:	b16c      	cbz	r4, 81f7a <udd_ep_finish_job+0x36>
		return; // No callback linked to job
	}
	if (Is_udd_endpoint_in(ep_num)) {
   81f5e:	4d08      	ldr	r5, [pc, #32]	; (81f80 <udd_ep_finish_job+0x3c>)
   81f60:	4608      	mov	r0, r1
   81f62:	f102 0108 	add.w	r1, r2, #8
   81f66:	0149      	lsls	r1, r1, #5
   81f68:	5869      	ldr	r1, [r5, r1]
   81f6a:	0709      	lsls	r1, r1, #28
		ep_num |= USB_EP_DIR_IN;
   81f6c:	bf48      	it	mi
   81f6e:	f042 0280 	orrmi.w	r2, r2, #128	; 0x80
	}
	ptr_job->call_trans((b_abort) ? UDD_EP_TRANSFER_ABORT :
   81f72:	6899      	ldr	r1, [r3, #8]
   81f74:	4623      	mov	r3, r4
			UDD_EP_TRANSFER_OK, ptr_job->buf_size, ep_num);
}
   81f76:	bc30      	pop	{r4, r5}
	ptr_job->call_trans((b_abort) ? UDD_EP_TRANSFER_ABORT :
   81f78:	4718      	bx	r3
}
   81f7a:	bc30      	pop	{r4, r5}
   81f7c:	4770      	bx	lr
   81f7e:	4770      	bx	lr
   81f80:	400a4000 	.word	0x400a4000

00081f84 <udd_ep_trans_done>:

static void udd_ep_trans_done(udd_ep_id_t ep)
{
   81f84:	e92d 43f0 	stmdb	sp!, {r4, r5, r6, r7, r8, r9, lr}
	udd_ep_job_t *ptr_job;
	iram_size_t next_trans;
	irqflags_t flags;

	// Get job corresponding at endpoint
	ptr_job = &udd_ep_job[ep - 1];
   81f88:	1e43      	subs	r3, r0, #1

	if (!ptr_job->busy) {
   81f8a:	4c66      	ldr	r4, [pc, #408]	; (82124 <udd_ep_trans_done+0x1a0>)
   81f8c:	eb03 0143 	add.w	r1, r3, r3, lsl #1
   81f90:	eb04 01c1 	add.w	r1, r4, r1, lsl #3
   81f94:	f891 c014 	ldrb.w	ip, [r1, #20]
   81f98:	f01c 0f01 	tst.w	ip, #1
   81f9c:	d039      	beq.n	82012 <udd_ep_trans_done+0x8e>
   81f9e:	4602      	mov	r2, r0
		return; // No job is running, then ignore it (system error)
	}

	if (ptr_job->buf_cnt != ptr_job->buf_size) {
   81fa0:	e9d1 5002 	ldrd	r5, r0, [r1, #8]
   81fa4:	42a8      	cmp	r0, r5
   81fa6:	ea4f 0643 	mov.w	r6, r3, lsl #1
   81faa:	d034      	beq.n	82016 <udd_ep_trans_done+0x92>
		// Need to send or receive other data
		next_trans = ptr_job->buf_size - ptr_job->buf_cnt;
   81fac:	1a2d      	subs	r5, r5, r0

		if (UDD_ENDPOINT_MAX_TRANS < next_trans) {
   81fae:	f5b5 3f80 	cmp.w	r5, #65536	; 0x10000
   81fb2:	ea4f 1c42 	mov.w	ip, r2, lsl #5
   81fb6:	d847      	bhi.n	82048 <udd_ep_trans_done+0xc4>
			next_trans = UDD_ENDPOINT_MAX_TRANS;

			// Set 0 to transfer the maximum
			udd_dma_ctrl = UDPHS_DMACONTROL_BUFF_LENGTH(0);
		} else {
			udd_dma_ctrl = UDPHS_DMACONTROL_BUFF_LENGTH(next_trans);
   81fb8:	f10c 2e40 	add.w	lr, ip, #1073758208	; 0x40004000
   81fbc:	f50e 2e20 	add.w	lr, lr, #655360	; 0xa0000
		}
		if (Is_udd_endpoint_in(ep)) {
   81fc0:	f8de 8100 	ldr.w	r8, [lr, #256]	; 0x100
			udd_dma_ctrl = UDPHS_DMACONTROL_BUFF_LENGTH(next_trans);
   81fc4:	042f      	lsls	r7, r5, #16
		if (Is_udd_endpoint_in(ep)) {
   81fc6:	f018 0f08 	tst.w	r8, #8
   81fca:	d072      	beq.n	820b2 <udd_ep_trans_done+0x12e>
			if (0 != (next_trans % udd_get_endpoint_size(ep))) {
   81fcc:	f8de 8100 	ldr.w	r8, [lr, #256]	; 0x100
   81fd0:	f04f 0e08 	mov.w	lr, #8
   81fd4:	f008 0807 	and.w	r8, r8, #7
   81fd8:	fa0e fe08 	lsl.w	lr, lr, r8
   81fdc:	f10e 3eff 	add.w	lr, lr, #4294967295	; 0xffffffff
   81fe0:	ea1e 0f05 	tst.w	lr, r5
   81fe4:	f000 809a 	beq.w	8211c <udd_ep_trans_done+0x198>
				// Enable short packet option
				// else the DMA transfer is accepted
				// and interrupt DMA valid but nothing is sent.
				udd_dma_ctrl |= UDPHS_DMACONTROL_END_B_EN;
				// No need to request another ZLP
				ptr_job->b_shortpacket = false;
   81fe8:	f891 e014 	ldrb.w	lr, [r1, #20]
			}
		}

		// Start USB DMA to fill or read fifo of the selected endpoint
		udd_endpoint_dma_set_addr(ep, (uint32_t) & ptr_job->buf[ptr_job->buf_cnt]);
		udd_dma_ctrl |= UDPHS_DMACONTROL_END_BUFFIT | UDPHS_DMACONTROL_CHANN_ENB;
   81fec:	f047 0729 	orr.w	r7, r7, #41	; 0x29
				ptr_job->b_shortpacket = false;
   81ff0:	f36f 0e41 	bfc	lr, #1, #1
   81ff4:	f881 e014 	strb.w	lr, [r1, #20]
   81ff8:	e033      	b.n	82062 <udd_ep_trans_done+0xde>
	if (Is_udd_endpoint_in(ep)) {
		if (ptr_job->b_shortpacket) {
			dbg_print("zlp ");
			// Need to send a ZLP (No possible with USB DMA)
			// enable interrupt to wait a free bank to sent ZLP
			udd_enable_tx_pkt_ready_interrupt(ep);
   81ffa:	f44f 6400 	mov.w	r4, #2048	; 0x800
			udd_enable_endpoint_interrupt(ep);
   81ffe:	f44f 7380 	mov.w	r3, #256	; 0x100
   82002:	4849      	ldr	r0, [pc, #292]	; (82128 <udd_ep_trans_done+0x1a4>)
			udd_enable_tx_pkt_ready_interrupt(ep);
   82004:	f8c1 4104 	str.w	r4, [r1, #260]	; 0x104
			udd_enable_endpoint_interrupt(ep);
   82008:	fa03 f202 	lsl.w	r2, r3, r2
   8200c:	6903      	ldr	r3, [r0, #16]
   8200e:	431a      	orrs	r2, r3
   82010:	6102      	str	r2, [r0, #16]
			return;
		}
	}
	// Call callback to signal end of transfer
	udd_ep_finish_job(ptr_job, false, ep);
}
   82012:	e8bd 83f0 	ldmia.w	sp!, {r4, r5, r6, r7, r8, r9, pc}
   82016:	ea4f 1c42 	mov.w	ip, r2, lsl #5
	if (Is_udd_endpoint_in(ep)) {
   8201a:	f10c 2140 	add.w	r1, ip, #1073758208	; 0x40004000
   8201e:	f501 2120 	add.w	r1, r1, #655360	; 0xa0000
   82022:	f8d1 0100 	ldr.w	r0, [r1, #256]	; 0x100
   82026:	0700      	lsls	r0, r0, #28
   82028:	d505      	bpl.n	82036 <udd_ep_trans_done+0xb2>
		if (ptr_job->b_shortpacket) {
   8202a:	18f0      	adds	r0, r6, r3
   8202c:	eb04 00c0 	add.w	r0, r4, r0, lsl #3
   82030:	7d00      	ldrb	r0, [r0, #20]
   82032:	0787      	lsls	r7, r0, #30
   82034:	d4e1      	bmi.n	81ffa <udd_ep_trans_done+0x76>
	udd_ep_finish_job(ptr_job, false, ep);
   82036:	4d3d      	ldr	r5, [pc, #244]	; (8212c <udd_ep_trans_done+0x1a8>)
	ptr_job = &udd_ep_job[ep - 1];
   82038:	18f0      	adds	r0, r6, r3
	udd_ep_finish_job(ptr_job, false, ep);
   8203a:	eb04 00c0 	add.w	r0, r4, r0, lsl #3
   8203e:	462b      	mov	r3, r5
}
   82040:	e8bd 43f0 	ldmia.w	sp!, {r4, r5, r6, r7, r8, r9, lr}
	udd_ep_finish_job(ptr_job, false, ep);
   82044:	2100      	movs	r1, #0
   82046:	4718      	bx	r3
		if (Is_udd_endpoint_in(ep)) {
   82048:	f10c 2140 	add.w	r1, ip, #1073758208	; 0x40004000
   8204c:	f501 2120 	add.w	r1, r1, #655360	; 0xa0000
   82050:	f8d1 5100 	ldr.w	r5, [r1, #256]	; 0x100
   82054:	072d      	lsls	r5, r5, #28
   82056:	d535      	bpl.n	820c4 <udd_ep_trans_done+0x140>
					|| (next_trans <= (iram_size_t) udd_get_endpoint_size(ep))) {
   82058:	2721      	movs	r7, #33	; 0x21
			next_trans = UDD_ENDPOINT_MAX_TRANS;
   8205a:	f44f 3580 	mov.w	r5, #65536	; 0x10000
					|| (next_trans <= (iram_size_t) udd_get_endpoint_size(ep))) {
   8205e:	f8d1 1100 	ldr.w	r1, [r1, #256]	; 0x100
		udd_endpoint_dma_set_addr(ep, (uint32_t) & ptr_job->buf[ptr_job->buf_cnt]);
   82062:	eb06 0e03 	add.w	lr, r6, r3
   82066:	eb04 0ece 	add.w	lr, r4, lr, lsl #3
   8206a:	f8de 1004 	ldr.w	r1, [lr, #4]
   8206e:	4408      	add	r0, r1
   82070:	492f      	ldr	r1, [pc, #188]	; (82130 <udd_ep_trans_done+0x1ac>)
   82072:	eb01 1102 	add.w	r1, r1, r2, lsl #4
   82076:	6048      	str	r0, [r1, #4]
  __ASM volatile ("MRS %0, primask" : "=r" (result) );
   82078:	f3ef 8810 	mrs	r8, PRIMASK
  __ASM volatile ("cpsid i");
   8207c:	b672      	cpsid	i
   8207e:	f3bf 8f5f 	dmb	sy
	cpu_irq_disable();
   82082:	f04f 0900 	mov.w	r9, #0
   82086:	482b      	ldr	r0, [pc, #172]	; (82134 <udd_ep_trans_done+0x1b0>)
   82088:	f880 9000 	strb.w	r9, [r0]
		if (!(udd_endpoint_dma_get_status(ep)
   8208c:	f8d1 900c 	ldr.w	r9, [r1, #12]
   82090:	f019 0f10 	tst.w	r9, #16
   82094:	d020      	beq.n	820d8 <udd_ep_trans_done+0x154>
	if (cpu_irq_is_enabled_flags(flags))
   82096:	f1b8 0f00 	cmp.w	r8, #0
   8209a:	d104      	bne.n	820a6 <udd_ep_trans_done+0x122>
		cpu_irq_enable();
   8209c:	2101      	movs	r1, #1
   8209e:	7001      	strb	r1, [r0, #0]
   820a0:	f3bf 8f5f 	dmb	sy
  __ASM volatile ("cpsie i");
   820a4:	b662      	cpsie	i
		ptr_job->buf_size = ptr_job->buf_cnt;
   820a6:	18f1      	adds	r1, r6, r3
   820a8:	eb04 01c1 	add.w	r1, r4, r1, lsl #3
   820ac:	68c8      	ldr	r0, [r1, #12]
   820ae:	6088      	str	r0, [r1, #8]
   820b0:	e7b3      	b.n	8201a <udd_ep_trans_done+0x96>
			if ((USB_EP_TYPE_ISOCHRONOUS != udd_get_endpoint_type(ep))
   820b2:	f8de 1100 	ldr.w	r1, [lr, #256]	; 0x100
   820b6:	f3c1 1101 	ubfx	r1, r1, #4, #2
   820ba:	2901      	cmp	r1, #1
   820bc:	d025      	beq.n	8210a <udd_ep_trans_done+0x186>
		udd_dma_ctrl |= UDPHS_DMACONTROL_END_BUFFIT | UDPHS_DMACONTROL_CHANN_ENB;
   820be:	f047 0735 	orr.w	r7, r7, #53	; 0x35
   820c2:	e7ce      	b.n	82062 <udd_ep_trans_done+0xde>
			if ((USB_EP_TYPE_ISOCHRONOUS != udd_get_endpoint_type(ep))
   820c4:	f8d1 5100 	ldr.w	r5, [r1, #256]	; 0x100
   820c8:	f3c5 1501 	ubfx	r5, r5, #4, #2
   820cc:	2d01      	cmp	r5, #1
   820ce:	d0c3      	beq.n	82058 <udd_ep_trans_done+0xd4>
   820d0:	2735      	movs	r7, #53	; 0x35
			next_trans = UDD_ENDPOINT_MAX_TRANS;
   820d2:	f44f 3580 	mov.w	r5, #65536	; 0x10000
				udd_dma_ctrl |= UDPHS_DMACONTROL_END_TR_IT
   820d6:	e7c4      	b.n	82062 <udd_ep_trans_done+0xde>
			udd_enable_endpoint_dma_interrupt(ep);
   820d8:	f04f 7200 	mov.w	r2, #33554432	; 0x2000000
			udd_endpoint_dma_set_control(ep, udd_dma_ctrl);
   820dc:	608f      	str	r7, [r1, #8]
			udd_enable_endpoint_dma_interrupt(ep);
   820de:	fa02 f303 	lsl.w	r3, r2, r3
			ptr_job->buf_cnt += next_trans;
   820e2:	f8de 200c 	ldr.w	r2, [lr, #12]
			ptr_job->buf_load = next_trans;
   820e6:	f8ce 5010 	str.w	r5, [lr, #16]
			ptr_job->buf_cnt += next_trans;
   820ea:	4415      	add	r5, r2
			udd_enable_endpoint_dma_interrupt(ep);
   820ec:	4a0e      	ldr	r2, [pc, #56]	; (82128 <udd_ep_trans_done+0x1a4>)
			ptr_job->buf_cnt += next_trans;
   820ee:	f8ce 500c 	str.w	r5, [lr, #12]
			udd_enable_endpoint_dma_interrupt(ep);
   820f2:	6911      	ldr	r1, [r2, #16]
   820f4:	430b      	orrs	r3, r1
   820f6:	6113      	str	r3, [r2, #16]
	if (cpu_irq_is_enabled_flags(flags))
   820f8:	f1b8 0f00 	cmp.w	r8, #0
   820fc:	d189      	bne.n	82012 <udd_ep_trans_done+0x8e>
		cpu_irq_enable();
   820fe:	2301      	movs	r3, #1
   82100:	7003      	strb	r3, [r0, #0]
   82102:	f3bf 8f5f 	dmb	sy
   82106:	b662      	cpsie	i
}
   82108:	e783      	b.n	82012 <udd_ep_trans_done+0x8e>
					|| (next_trans <= (iram_size_t) udd_get_endpoint_size(ep))) {
   8210a:	f8de 1100 	ldr.w	r1, [lr, #256]	; 0x100
   8210e:	f001 0e07 	and.w	lr, r1, #7
   82112:	2108      	movs	r1, #8
   82114:	fa01 f10e 	lsl.w	r1, r1, lr
   82118:	42a9      	cmp	r1, r5
   8211a:	d2d0      	bcs.n	820be <udd_ep_trans_done+0x13a>
		udd_dma_ctrl |= UDPHS_DMACONTROL_END_BUFFIT | UDPHS_DMACONTROL_CHANN_ENB;
   8211c:	f047 0721 	orr.w	r7, r7, #33	; 0x21
   82120:	e79f      	b.n	82062 <udd_ep_trans_done+0xde>
   82122:	bf00      	nop
   82124:	20003680 	.word	0x20003680
   82128:	400a4000 	.word	0x400a4000
   8212c:	00081f45 	.word	0x00081f45
   82130:	400a4300 	.word	0x400a4300
   82134:	20000304 	.word	0x20000304

00082138 <udd_ctrl_in_sent>:
{
   82138:	e92d 47f0 	stmdb	sp!, {r4, r5, r6, r7, r8, r9, sl, lr}
  __ASM volatile ("MRS %0, primask" : "=r" (result) );
   8213c:	f3ef 8310 	mrs	r3, PRIMASK
  __ASM volatile ("cpsid i");
   82140:	b672      	cpsid	i
   82142:	f3bf 8f5f 	dmb	sy
	cpu_irq_disable();
   82146:	2000      	movs	r0, #0
	udd_disable_in_send_interrupt(0);
   82148:	f44f 6180 	mov.w	r1, #1024	; 0x400
   8214c:	4d59      	ldr	r5, [pc, #356]	; (822b4 <udd_ctrl_in_sent+0x17c>)
   8214e:	4a5a      	ldr	r2, [pc, #360]	; (822b8 <udd_ctrl_in_sent+0x180>)
   82150:	7028      	strb	r0, [r5, #0]
   82152:	f8c2 1108 	str.w	r1, [r2, #264]	; 0x108
	if (cpu_irq_is_enabled_flags(flags))
   82156:	b923      	cbnz	r3, 82162 <udd_ctrl_in_sent+0x2a>
		cpu_irq_enable();
   82158:	2301      	movs	r3, #1
   8215a:	702b      	strb	r3, [r5, #0]
   8215c:	f3bf 8f5f 	dmb	sy
  __ASM volatile ("cpsie i");
   82160:	b662      	cpsie	i
	if (UDD_EPCTRL_HANDSHAKE_WAIT_IN_ZLP == udd_ep_control_state) {
   82162:	f8df 8158 	ldr.w	r8, [pc, #344]	; 822bc <udd_ctrl_in_sent+0x184>
   82166:	f898 3000 	ldrb.w	r3, [r8]
   8216a:	2b03      	cmp	r3, #3
   8216c:	d063      	beq.n	82236 <udd_ctrl_in_sent+0xfe>
	nb_remain = udd_g_ctrlreq.payload_size - udd_ctrl_payload_buf_cnt;
   8216e:	4f54      	ldr	r7, [pc, #336]	; (822c0 <udd_ctrl_in_sent+0x188>)
   82170:	4e54      	ldr	r6, [pc, #336]	; (822c4 <udd_ctrl_in_sent+0x18c>)
   82172:	883a      	ldrh	r2, [r7, #0]
   82174:	89b4      	ldrh	r4, [r6, #12]
   82176:	1aa4      	subs	r4, r4, r2
   82178:	b2a4      	uxth	r4, r4
	if (0 == nb_remain) {
   8217a:	2c00      	cmp	r4, #0
   8217c:	d038      	beq.n	821f0 <udd_ctrl_in_sent+0xb8>
	ptr_src = udd_g_ctrlreq.payload + udd_ctrl_payload_buf_cnt;
   8217e:	4613      	mov	r3, r2
   82180:	f8df 9144 	ldr.w	r9, [pc, #324]	; 822c8 <udd_ctrl_in_sent+0x190>
	if (nb_remain >= USB_DEVICE_EP_CTRL_SIZE) {
   82184:	2c3f      	cmp	r4, #63	; 0x3f
		b_shortpacket = false;
   82186:	bf86      	itte	hi
   82188:	2200      	movhi	r2, #0
		nb_remain = USB_DEVICE_EP_CTRL_SIZE;
   8218a:	2440      	movhi	r4, #64	; 0x40
		b_shortpacket = true;
   8218c:	2201      	movls	r2, #1
   8218e:	f889 2000 	strb.w	r2, [r9]
	ptr_src = udd_g_ctrlreq.payload + udd_ctrl_payload_buf_cnt;
   82192:	68b2      	ldr	r2, [r6, #8]
  __ASM volatile ("MRS %0, primask" : "=r" (result) );
   82194:	f3ef 8610 	mrs	r6, PRIMASK
  __ASM volatile ("cpsid i");
   82198:	b672      	cpsid	i
   8219a:	f3bf 8f5f 	dmb	sy
	cpu_irq_disable();
   8219e:	2100      	movs	r1, #0
   821a0:	7029      	strb	r1, [r5, #0]
	if (Is_udd_out_received(0)) {
   821a2:	4945      	ldr	r1, [pc, #276]	; (822b8 <udd_ctrl_in_sent+0x180>)
   821a4:	f8d1 111c 	ldr.w	r1, [r1, #284]	; 0x11c
   821a8:	0589      	lsls	r1, r1, #22
   821aa:	d439      	bmi.n	82220 <udd_ctrl_in_sent+0xe8>
	for (i = 0; i < nb_remain; i++) {
   821ac:	b154      	cbz	r4, 821c4 <udd_ctrl_in_sent+0x8c>
	ptr_src = udd_g_ctrlreq.payload + udd_ctrl_payload_buf_cnt;
   821ae:	441a      	add	r2, r3
	ptr_dest = (uint8_t *) & udd_get_endpoint_fifo_access(0, 8);
   821b0:	4b46      	ldr	r3, [pc, #280]	; (822cc <udd_ctrl_in_sent+0x194>)
		*ptr_dest++ = *ptr_src++;
   821b2:	4618      	mov	r0, r3
   821b4:	3301      	adds	r3, #1
   821b6:	f812 cb01 	ldrb.w	ip, [r2], #1
	for (i = 0; i < nb_remain; i++) {
   821ba:	b2d9      	uxtb	r1, r3
   821bc:	42a1      	cmp	r1, r4
		*ptr_dest++ = *ptr_src++;
   821be:	f880 c000 	strb.w	ip, [r0]
	for (i = 0; i < nb_remain; i++) {
   821c2:	d3f6      	bcc.n	821b2 <udd_ctrl_in_sent+0x7a>
	udd_ack_in_send(0);
   821c4:	f44f 6280 	mov.w	r2, #1024	; 0x400
	udd_raise_tx_pkt_ready(0);
   821c8:	f44f 6100 	mov.w	r1, #2048	; 0x800
	udd_ctrl_payload_buf_cnt += nb_remain;
   821cc:	883b      	ldrh	r3, [r7, #0]
   821ce:	441c      	add	r4, r3
	udd_ack_in_send(0);
   821d0:	4b39      	ldr	r3, [pc, #228]	; (822b8 <udd_ctrl_in_sent+0x180>)
	udd_ctrl_payload_buf_cnt += nb_remain;
   821d2:	803c      	strh	r4, [r7, #0]
	udd_ack_in_send(0);
   821d4:	f8c3 2118 	str.w	r2, [r3, #280]	; 0x118
	udd_raise_tx_pkt_ready(0);
   821d8:	f8c3 1114 	str.w	r1, [r3, #276]	; 0x114
	udd_enable_in_send_interrupt(0);
   821dc:	f8c3 2104 	str.w	r2, [r3, #260]	; 0x104
	if (cpu_irq_is_enabled_flags(flags))
   821e0:	b926      	cbnz	r6, 821ec <udd_ctrl_in_sent+0xb4>
		cpu_irq_enable();
   821e2:	2301      	movs	r3, #1
   821e4:	702b      	strb	r3, [r5, #0]
   821e6:	f3bf 8f5f 	dmb	sy
  __ASM volatile ("cpsie i");
   821ea:	b662      	cpsie	i
}
   821ec:	e8bd 87f0 	ldmia.w	sp!, {r4, r5, r6, r7, r8, r9, sl, pc}
		udd_ctrl_prev_payload_buf_cnt += udd_ctrl_payload_buf_cnt;
   821f0:	4937      	ldr	r1, [pc, #220]	; (822d0 <udd_ctrl_in_sent+0x198>)
		if ((udd_g_ctrlreq.req.wLength == udd_ctrl_prev_payload_buf_cnt)
   821f2:	88f0      	ldrh	r0, [r6, #6]
		udd_ctrl_prev_payload_buf_cnt += udd_ctrl_payload_buf_cnt;
   821f4:	880b      	ldrh	r3, [r1, #0]
   821f6:	4413      	add	r3, r2
   821f8:	b29b      	uxth	r3, r3
		if ((udd_g_ctrlreq.req.wLength == udd_ctrl_prev_payload_buf_cnt)
   821fa:	4298      	cmp	r0, r3
		udd_ctrl_prev_payload_buf_cnt += udd_ctrl_payload_buf_cnt;
   821fc:	800b      	strh	r3, [r1, #0]
		if ((udd_g_ctrlreq.req.wLength == udd_ctrl_prev_payload_buf_cnt)
   821fe:	d040      	beq.n	82282 <udd_ctrl_in_sent+0x14a>
				|| b_shortpacket) {
   82200:	f8df 90c4 	ldr.w	r9, [pc, #196]	; 822c8 <udd_ctrl_in_sent+0x190>
   82204:	f899 a000 	ldrb.w	sl, [r9]
   82208:	f1ba 0f00 	cmp.w	sl, #0
   8220c:	d139      	bne.n	82282 <udd_ctrl_in_sent+0x14a>
		if ((!udd_g_ctrlreq.over_under_run)
   8220e:	6973      	ldr	r3, [r6, #20]
   82210:	2b00      	cmp	r3, #0
   82212:	d033      	beq.n	8227c <udd_ctrl_in_sent+0x144>
				|| (!udd_g_ctrlreq.over_under_run())) {
   82214:	4798      	blx	r3
   82216:	2800      	cmp	r0, #0
   82218:	d147      	bne.n	822aa <udd_ctrl_in_sent+0x172>
		b_shortpacket = true;
   8221a:	2201      	movs	r2, #1
	ptr_src = udd_g_ctrlreq.payload + udd_ctrl_payload_buf_cnt;
   8221c:	883b      	ldrh	r3, [r7, #0]
   8221e:	e7b6      	b.n	8218e <udd_ctrl_in_sent+0x56>
	if (cpu_irq_is_enabled_flags(flags))
   82220:	b926      	cbnz	r6, 8222c <udd_ctrl_in_sent+0xf4>
		cpu_irq_enable();
   82222:	2301      	movs	r3, #1
   82224:	702b      	strb	r3, [r5, #0]
   82226:	f3bf 8f5f 	dmb	sy
   8222a:	b662      	cpsie	i
		udd_ep_control_state = UDD_EPCTRL_HANDSHAKE_WAIT_OUT_ZLP;
   8222c:	2304      	movs	r3, #4
   8222e:	f888 3000 	strb.w	r3, [r8]
}
   82232:	e8bd 87f0 	ldmia.w	sp!, {r4, r5, r6, r7, r8, r9, sl, pc}
	if (udd_g_ctrlreq.callback) {
   82236:	4e23      	ldr	r6, [pc, #140]	; (822c4 <udd_ctrl_in_sent+0x18c>)
   82238:	6933      	ldr	r3, [r6, #16]
   8223a:	b103      	cbz	r3, 8223e <udd_ctrl_in_sent+0x106>
		udd_g_ctrlreq.callback();
   8223c:	4798      	blx	r3
  __ASM volatile ("MRS %0, primask" : "=r" (result) );
   8223e:	f3ef 8310 	mrs	r3, PRIMASK
  __ASM volatile ("cpsid i");
   82242:	b672      	cpsid	i
   82244:	f3bf 8f5f 	dmb	sy
	cpu_irq_disable();
   82248:	2000      	movs	r0, #0
	udd_disable_in_send_interrupt(0);
   8224a:	f44f 6180 	mov.w	r1, #1024	; 0x400
   8224e:	4a1a      	ldr	r2, [pc, #104]	; (822b8 <udd_ctrl_in_sent+0x180>)
   82250:	7028      	strb	r0, [r5, #0]
   82252:	f8c2 1108 	str.w	r1, [r2, #264]	; 0x108
	if (cpu_irq_is_enabled_flags(flags))
   82256:	b923      	cbnz	r3, 82262 <udd_ctrl_in_sent+0x12a>
		cpu_irq_enable();
   82258:	2301      	movs	r3, #1
   8225a:	702b      	strb	r3, [r5, #0]
   8225c:	f3bf 8f5f 	dmb	sy
  __ASM volatile ("cpsie i");
   82260:	b662      	cpsie	i
	udd_g_ctrlreq.callback = NULL;
   82262:	2300      	movs	r3, #0
	udd_ack_out_received(0);
   82264:	f44f 7100 	mov.w	r1, #512	; 0x200
   82268:	4a13      	ldr	r2, [pc, #76]	; (822b8 <udd_ctrl_in_sent+0x180>)
   8226a:	f8c2 1118 	str.w	r1, [r2, #280]	; 0x118
	udd_g_ctrlreq.over_under_run = NULL;
   8226e:	e9c6 3304 	strd	r3, r3, [r6, #16]
	udd_g_ctrlreq.payload_size = 0;
   82272:	81b3      	strh	r3, [r6, #12]
	udd_ep_control_state = UDD_EPCTRL_SETUP;
   82274:	f888 3000 	strb.w	r3, [r8]
}
   82278:	e8bd 87f0 	ldmia.w	sp!, {r4, r5, r6, r7, r8, r9, sl, pc}
	ptr_src = udd_g_ctrlreq.payload + udd_ctrl_payload_buf_cnt;
   8227c:	4613      	mov	r3, r2
		b_shortpacket = true;
   8227e:	2201      	movs	r2, #1
   82280:	e785      	b.n	8218e <udd_ctrl_in_sent+0x56>
	udd_ep_control_state = UDD_EPCTRL_HANDSHAKE_WAIT_OUT_ZLP;
   82282:	2304      	movs	r3, #4
   82284:	f888 3000 	strb.w	r3, [r8]
  __ASM volatile ("MRS %0, primask" : "=r" (result) );
   82288:	f3ef 8110 	mrs	r1, PRIMASK
  __ASM volatile ("cpsid i");
   8228c:	b672      	cpsid	i
   8228e:	f3bf 8f5f 	dmb	sy
	udd_ack_nak_in(0);
   82292:	f44f 4280 	mov.w	r2, #16384	; 0x4000
	cpu_irq_disable();
   82296:	2000      	movs	r0, #0
   82298:	4b07      	ldr	r3, [pc, #28]	; (822b8 <udd_ctrl_in_sent+0x180>)
   8229a:	7028      	strb	r0, [r5, #0]
   8229c:	f8c3 2118 	str.w	r2, [r3, #280]	; 0x118
	udd_enable_nak_in_interrupt(0);
   822a0:	f8c3 2104 	str.w	r2, [r3, #260]	; 0x104
	if (cpu_irq_is_enabled_flags(flags))
   822a4:	2900      	cmp	r1, #0
   822a6:	d1a1      	bne.n	821ec <udd_ctrl_in_sent+0xb4>
   822a8:	e79b      	b.n	821e2 <udd_ctrl_in_sent+0xaa>
			udd_ctrl_payload_buf_cnt = 0;
   822aa:	803c      	strh	r4, [r7, #0]
			nb_remain = udd_g_ctrlreq.payload_size;
   822ac:	4653      	mov	r3, sl
   822ae:	89b4      	ldrh	r4, [r6, #12]
   822b0:	e768      	b.n	82184 <udd_ctrl_in_sent+0x4c>
   822b2:	bf00      	nop
   822b4:	20000304 	.word	0x20000304
   822b8:	400a4000 	.word	0x400a4000
   822bc:	2000367c 	.word	0x2000367c
   822c0:	20003678 	.word	0x20003678
   822c4:	200036b0 	.word	0x200036b0
   822c8:	20003675 	.word	0x20003675
   822cc:	20180000 	.word	0x20180000
   822d0:	2000367a 	.word	0x2000367a

000822d4 <UDPHS_Handler>:
{
   822d4:	e92d 41f0 	stmdb	sp!, {r4, r5, r6, r7, r8, lr}
	udd_enable_periph_ck();
   822d8:	4b9b      	ldr	r3, [pc, #620]	; (82548 <UDPHS_Handler+0x274>)
   822da:	201d      	movs	r0, #29
   822dc:	4798      	blx	r3
	if (!pmc_is_wakeup_clocks_restored() && !Is_udd_suspend()) {
   822de:	4b9b      	ldr	r3, [pc, #620]	; (8254c <UDPHS_Handler+0x278>)
   822e0:	4798      	blx	r3
   822e2:	b928      	cbnz	r0, 822f0 <UDPHS_Handler+0x1c>
   822e4:	4b9a      	ldr	r3, [pc, #616]	; (82550 <UDPHS_Handler+0x27c>)
   822e6:	695b      	ldr	r3, [r3, #20]
   822e8:	f013 0302 	ands.w	r3, r3, #2
   822ec:	f000 8096 	beq.w	8241c <UDPHS_Handler+0x148>
	if (Is_udd_sof()) {
   822f0:	4b97      	ldr	r3, [pc, #604]	; (82550 <UDPHS_Handler+0x27c>)
   822f2:	695a      	ldr	r2, [r3, #20]
   822f4:	0712      	lsls	r2, r2, #28
   822f6:	f100 8082 	bmi.w	823fe <UDPHS_Handler+0x12a>
	if (Is_udd_msof()) {
   822fa:	695a      	ldr	r2, [r3, #20]
   822fc:	0756      	lsls	r6, r2, #29
   822fe:	f100 8087 	bmi.w	82410 <UDPHS_Handler+0x13c>
	uint32_t status = udd_get_endpoint_status(0);
   82302:	f8d3 211c 	ldr.w	r2, [r3, #284]	; 0x11c
	if (!Is_udd_endpoint_interrupt(0)) {
   82306:	6959      	ldr	r1, [r3, #20]
   82308:	05cd      	lsls	r5, r1, #23
   8230a:	d521      	bpl.n	82350 <UDPHS_Handler+0x7c>
	udd_disable_nak_in_interrupt(0);
   8230c:	f44f 4080 	mov.w	r0, #16384	; 0x4000
	udd_disable_nak_out_interrupt(0);
   82310:	f44f 4100 	mov.w	r1, #32768	; 0x8000
	if (Is_udd_endpoint_status_setup_received(status)) {
   82314:	04d4      	lsls	r4, r2, #19
	udd_disable_nak_in_interrupt(0);
   82316:	f8c3 0108 	str.w	r0, [r3, #264]	; 0x108
	udd_disable_nak_out_interrupt(0);
   8231a:	f8c3 1108 	str.w	r1, [r3, #264]	; 0x108
	if (Is_udd_endpoint_status_setup_received(status)) {
   8231e:	f100 80ac 	bmi.w	8247a <UDPHS_Handler+0x1a6>
	if (Is_udd_endpoint_status_in_sent(status)
   82322:	0550      	lsls	r0, r2, #21
   82324:	d504      	bpl.n	82330 <UDPHS_Handler+0x5c>
			&& Is_udd_in_send_interrupt_enabled(0)) {
   82326:	f8d3 310c 	ldr.w	r3, [r3, #268]	; 0x10c
   8232a:	0559      	lsls	r1, r3, #21
   8232c:	f100 824d 	bmi.w	827ca <UDPHS_Handler+0x4f6>
	if (Is_udd_endpoint_status_out_received(status)) {
   82330:	0593      	lsls	r3, r2, #22
   82332:	f100 8147 	bmi.w	825c4 <UDPHS_Handler+0x2f0>
	if (Is_udd_endpoint_status_stall(status)) {
   82336:	0497      	lsls	r7, r2, #18
   82338:	d504      	bpl.n	82344 <UDPHS_Handler+0x70>
		udd_ack_stall(0);
   8233a:	f44f 5100 	mov.w	r1, #8192	; 0x2000
   8233e:	4b84      	ldr	r3, [pc, #528]	; (82550 <UDPHS_Handler+0x27c>)
   82340:	f8c3 1118 	str.w	r1, [r3, #280]	; 0x118
	if (Is_udd_endpoint_status_nak_out(status)) {
   82344:	0416      	lsls	r6, r2, #16
   82346:	f100 816d 	bmi.w	82624 <UDPHS_Handler+0x350>
	if (Is_udd_endpoint_status_nak_in(status)) {
   8234a:	0454      	lsls	r4, r2, #17
   8234c:	f100 80cb 	bmi.w	824e6 <UDPHS_Handler+0x212>
	uint8_t *ptr_src = (uint8_t *) & udd_get_endpoint_fifo_access(0, 8);
   82350:	2301      	movs	r3, #1
	for (ep = 1; ep <= USB_DEVICE_MAX_EP; ep++) {
		// Get job corresponding at endpoint
		ptr_job = &udd_ep_job[ep - 1];

		// Check DMA event
		if (Is_udd_endpoint_dma_interrupt_enabled(ep)
   82352:	f04f 7500 	mov.w	r5, #33554432	; 0x2000000
			}
			udd_ep_trans_done(ep);
			return true;
		}
		// Check empty bank interrupt event
		if (Is_udd_endpoint_interrupt_enabled(ep)) {
   82356:	f44f 7680 	mov.w	r6, #256	; 0x100
		if (Is_udd_endpoint_dma_interrupt_enabled(ep)
   8235a:	4a7d      	ldr	r2, [pc, #500]	; (82550 <UDPHS_Handler+0x27c>)
   8235c:	6910      	ldr	r0, [r2, #16]
   8235e:	f103 3eff 	add.w	lr, r3, #4294967295	; 0xffffffff
   82362:	fa05 f10e 	lsl.w	r1, r5, lr
   82366:	4208      	tst	r0, r1
   82368:	b2df      	uxtb	r7, r3
   8236a:	d003      	beq.n	82374 <UDPHS_Handler+0xa0>
				&& Is_udd_endpoint_dma_interrupt(ep)) {
   8236c:	6950      	ldr	r0, [r2, #20]
   8236e:	4201      	tst	r1, r0
   82370:	f040 80ce 	bne.w	82510 <UDPHS_Handler+0x23c>
		if (Is_udd_endpoint_interrupt_enabled(ep)) {
   82374:	6911      	ldr	r1, [r2, #16]
   82376:	fa06 f003 	lsl.w	r0, r6, r3
   8237a:	4201      	tst	r1, r0
			if (Is_udd_tx_pkt_ready_interrupt_enabled(ep)
   8237c:	eb02 1443 	add.w	r4, r2, r3, lsl #5
		if (Is_udd_endpoint_interrupt_enabled(ep)) {
   82380:	d017      	beq.n	823b2 <UDPHS_Handler+0xde>
			if (Is_udd_tx_pkt_ready_interrupt_enabled(ep)
   82382:	f8d4 110c 	ldr.w	r1, [r4, #268]	; 0x10c
				// One bank is free then send a ZLP
				udd_raise_tx_pkt_ready(ep);
				udd_ep_finish_job(ptr_job, false, ep);
				return true;
			}
			if (Is_udd_bank_interrupt_enabled(ep)
   82386:	46a4      	mov	ip, r4
			if (Is_udd_tx_pkt_ready_interrupt_enabled(ep)
   82388:	f411 6f00 	tst.w	r1, #2048	; 0x800
   8238c:	d005      	beq.n	8239a <UDPHS_Handler+0xc6>
					&& !Is_udd_tx_pkt_ready(ep)) {
   8238e:	f8d4 111c 	ldr.w	r1, [r4, #284]	; 0x11c
   82392:	f411 6100 	ands.w	r1, r1, #2048	; 0x800
   82396:	f000 8335 	beq.w	82a04 <UDPHS_Handler+0x730>
			if (Is_udd_bank_interrupt_enabled(ep)
   8239a:	f8dc 110c 	ldr.w	r1, [ip, #268]	; 0x10c
   8239e:	034f      	lsls	r7, r1, #13
   823a0:	d507      	bpl.n	823b2 <UDPHS_Handler+0xde>
					&& (0 == udd_nb_busy_bank(ep))) {
   823a2:	f8dc 111c 	ldr.w	r1, [ip, #284]	; 0x11c
   823a6:	f411 2f40 	tst.w	r1, #786432	; 0xc0000
   823aa:	f3c1 4481 	ubfx	r4, r1, #18, #2
   823ae:	f000 80e9 	beq.w	82584 <UDPHS_Handler+0x2b0>
	for (ep = 1; ep <= USB_DEVICE_MAX_EP; ep++) {
   823b2:	2b02      	cmp	r3, #2
   823b4:	d139      	bne.n	8242a <UDPHS_Handler+0x156>
	if (Is_udd_reset()) {
   823b6:	4966      	ldr	r1, [pc, #408]	; (82550 <UDPHS_Handler+0x27c>)
   823b8:	694c      	ldr	r4, [r1, #20]
   823ba:	f014 0410 	ands.w	r4, r4, #16
   823be:	f040 817e 	bne.w	826be <UDPHS_Handler+0x3ea>
	if (Is_udd_suspend_interrupt_enabled() && Is_udd_suspend()) {
   823c2:	690a      	ldr	r2, [r1, #16]
   823c4:	0790      	lsls	r0, r2, #30
   823c6:	d535      	bpl.n	82434 <UDPHS_Handler+0x160>
   823c8:	694a      	ldr	r2, [r1, #20]
   823ca:	0792      	lsls	r2, r2, #30
   823cc:	d532      	bpl.n	82434 <UDPHS_Handler+0x160>
		udd_ack_wake_up();
   823ce:	2220      	movs	r2, #32
   823d0:	618a      	str	r2, [r1, #24]
		udd_disable_suspend_interrupt();
   823d2:	690a      	ldr	r2, [r1, #16]
		udd_disable_periph_ck();
   823d4:	201d      	movs	r0, #29
		udd_disable_suspend_interrupt();
   823d6:	f022 0202 	bic.w	r2, r2, #2
   823da:	610a      	str	r2, [r1, #16]
		udd_enable_wake_up_interrupt();
   823dc:	690a      	ldr	r2, [r1, #16]
		udd_disable_periph_ck();
   823de:	4d5d      	ldr	r5, [pc, #372]	; (82554 <UDPHS_Handler+0x280>)
		udd_enable_wake_up_interrupt();
   823e0:	f042 0220 	orr.w	r2, r2, #32
   823e4:	610a      	str	r2, [r1, #16]
		udd_ack_suspend();
   823e6:	618b      	str	r3, [r1, #24]
		udd_disable_periph_ck();
   823e8:	47a8      	blx	r5
		UDC_SUSPEND_EVENT();
   823ea:	4b5b      	ldr	r3, [pc, #364]	; (82558 <UDPHS_Handler+0x284>)
   823ec:	4798      	blx	r3
	if (!b_idle && udd_b_idle) {
   823ee:	4a5b      	ldr	r2, [pc, #364]	; (8255c <UDPHS_Handler+0x288>)
   823f0:	7813      	ldrb	r3, [r2, #0]
   823f2:	2b00      	cmp	r3, #0
   823f4:	f040 82bf 	bne.w	82976 <UDPHS_Handler+0x6a2>
	udd_b_idle = b_idle;
   823f8:	2300      	movs	r3, #0
   823fa:	7013      	strb	r3, [r2, #0]
		goto udd_interrupt_end;
   823fc:	e013      	b.n	82426 <UDPHS_Handler+0x152>
		udd_ack_sof();
   823fe:	2208      	movs	r2, #8
   82400:	619a      	str	r2, [r3, #24]
		if (Is_udd_full_speed_mode()) {
   82402:	695b      	ldr	r3, [r3, #20]
   82404:	07df      	lsls	r7, r3, #31
   82406:	d512      	bpl.n	8242e <UDPHS_Handler+0x15a>
}
   82408:	e8bd 41f0 	ldmia.w	sp!, {r4, r5, r6, r7, r8, lr}
		UDC_SOF_EVENT();
   8240c:	4b54      	ldr	r3, [pc, #336]	; (82560 <UDPHS_Handler+0x28c>)
   8240e:	4718      	bx	r3
		udd_ack_msof();
   82410:	2104      	movs	r1, #4
   82412:	6199      	str	r1, [r3, #24]
		udc_sof_notify();
   82414:	4a53      	ldr	r2, [pc, #332]	; (82564 <UDPHS_Handler+0x290>)
}
   82416:	e8bd 41f0 	ldmia.w	sp!, {r4, r5, r6, r7, r8, lr}
		udc_sof_notify();
   8241a:	4710      	bx	r2
   8241c:	b672      	cpsid	i
   8241e:	f3bf 8f5f 	dmb	sy
		cpu_irq_disable();
   82422:	4a51      	ldr	r2, [pc, #324]	; (82568 <UDPHS_Handler+0x294>)
   82424:	7013      	strb	r3, [r2, #0]
}
   82426:	e8bd 81f0 	ldmia.w	sp!, {r4, r5, r6, r7, r8, pc}
   8242a:	2302      	movs	r3, #2
   8242c:	e796      	b.n	8235c <UDPHS_Handler+0x88>
			udc_sof_notify();
   8242e:	4b4d      	ldr	r3, [pc, #308]	; (82564 <UDPHS_Handler+0x290>)
   82430:	4798      	blx	r3
   82432:	e7e9      	b.n	82408 <UDPHS_Handler+0x134>
	if (Is_udd_wake_up()) {
   82434:	4b46      	ldr	r3, [pc, #280]	; (82550 <UDPHS_Handler+0x27c>)
   82436:	695b      	ldr	r3, [r3, #20]
   82438:	069b      	lsls	r3, r3, #26
   8243a:	d5f4      	bpl.n	82426 <UDPHS_Handler+0x152>
	if (b_idle && !udd_b_idle) {
   8243c:	4a47      	ldr	r2, [pc, #284]	; (8255c <UDPHS_Handler+0x288>)
   8243e:	7813      	ldrb	r3, [r2, #0]
   82440:	2b00      	cmp	r3, #0
   82442:	f000 8279 	beq.w	82938 <UDPHS_Handler+0x664>
		udd_ack_suspend();
   82446:	2402      	movs	r4, #2
	udd_b_idle = b_idle;
   82448:	2501      	movs	r5, #1
		udd_ack_wake_up();
   8244a:	2020      	movs	r0, #32
		udd_ack_suspend();
   8244c:	4b40      	ldr	r3, [pc, #256]	; (82550 <UDPHS_Handler+0x27c>)
	udd_b_idle = b_idle;
   8244e:	7015      	strb	r5, [r2, #0]
		udd_ack_suspend();
   82450:	619c      	str	r4, [r3, #24]
		udd_ack_wake_up();
   82452:	6198      	str	r0, [r3, #24]
		udd_disable_wake_up_interrupt();
   82454:	691a      	ldr	r2, [r3, #16]
		UDC_RESUME_EVENT();
   82456:	4945      	ldr	r1, [pc, #276]	; (8256c <UDPHS_Handler+0x298>)
		udd_disable_wake_up_interrupt();
   82458:	f022 0220 	bic.w	r2, r2, #32
   8245c:	611a      	str	r2, [r3, #16]
		udd_enable_suspend_interrupt();
   8245e:	691a      	ldr	r2, [r3, #16]
   82460:	4322      	orrs	r2, r4
   82462:	611a      	str	r2, [r3, #16]
		udd_enable_sof_interrupt();
   82464:	691a      	ldr	r2, [r3, #16]
   82466:	f042 0208 	orr.w	r2, r2, #8
   8246a:	611a      	str	r2, [r3, #16]
		udd_enable_msof_interrupt();
   8246c:	691a      	ldr	r2, [r3, #16]
   8246e:	f042 0204 	orr.w	r2, r2, #4
   82472:	611a      	str	r2, [r3, #16]
}
   82474:	e8bd 41f0 	ldmia.w	sp!, {r4, r5, r6, r7, r8, lr}
		UDC_RESUME_EVENT();
   82478:	4708      	bx	r1
	if (UDD_EPCTRL_SETUP != udd_ep_control_state) {
   8247a:	4d3d      	ldr	r5, [pc, #244]	; (82570 <UDPHS_Handler+0x29c>)
   8247c:	782b      	ldrb	r3, [r5, #0]
   8247e:	b303      	cbz	r3, 824c2 <UDPHS_Handler+0x1ee>
	if (udd_g_ctrlreq.callback) {
   82480:	4c3c      	ldr	r4, [pc, #240]	; (82574 <UDPHS_Handler+0x2a0>)
   82482:	6923      	ldr	r3, [r4, #16]
   82484:	b103      	cbz	r3, 82488 <UDPHS_Handler+0x1b4>
		udd_g_ctrlreq.callback();
   82486:	4798      	blx	r3
  __ASM volatile ("MRS %0, primask" : "=r" (result) );
   82488:	f3ef 8210 	mrs	r2, PRIMASK
  __ASM volatile ("cpsid i");
   8248c:	b672      	cpsid	i
   8248e:	f3bf 8f5f 	dmb	sy
	cpu_irq_disable();
   82492:	2100      	movs	r1, #0
	udd_disable_in_send_interrupt(0);
   82494:	f44f 6080 	mov.w	r0, #1024	; 0x400
   82498:	4b33      	ldr	r3, [pc, #204]	; (82568 <UDPHS_Handler+0x294>)
   8249a:	7019      	strb	r1, [r3, #0]
   8249c:	492c      	ldr	r1, [pc, #176]	; (82550 <UDPHS_Handler+0x27c>)
   8249e:	f8c1 0108 	str.w	r0, [r1, #264]	; 0x108
	if (cpu_irq_is_enabled_flags(flags))
   824a2:	b922      	cbnz	r2, 824ae <UDPHS_Handler+0x1da>
		cpu_irq_enable();
   824a4:	2201      	movs	r2, #1
   824a6:	701a      	strb	r2, [r3, #0]
   824a8:	f3bf 8f5f 	dmb	sy
  __ASM volatile ("cpsie i");
   824ac:	b662      	cpsie	i
	udd_g_ctrlreq.callback = NULL;
   824ae:	2300      	movs	r3, #0
	udd_ack_out_received(0);
   824b0:	f44f 7100 	mov.w	r1, #512	; 0x200
   824b4:	4a26      	ldr	r2, [pc, #152]	; (82550 <UDPHS_Handler+0x27c>)
   824b6:	f8c2 1118 	str.w	r1, [r2, #280]	; 0x118
	udd_g_ctrlreq.over_under_run = NULL;
   824ba:	e9c4 3304 	strd	r3, r3, [r4, #16]
	udd_g_ctrlreq.payload_size = 0;
   824be:	81a3      	strh	r3, [r4, #12]
	udd_ep_control_state = UDD_EPCTRL_SETUP;
   824c0:	702b      	strb	r3, [r5, #0]
	if (8 != udd_byte_count(0)) {
   824c2:	4a23      	ldr	r2, [pc, #140]	; (82550 <UDPHS_Handler+0x27c>)
   824c4:	f8d2 311c 	ldr.w	r3, [r2, #284]	; 0x11c
   824c8:	f3c3 530a 	ubfx	r3, r3, #20, #11
   824cc:	2b08      	cmp	r3, #8
   824ce:	f000 80bc 	beq.w	8264a <UDPHS_Handler+0x376>
	udd_ep_control_state = UDD_EPCTRL_STALL_REQ;
   824d2:	2005      	movs	r0, #5
	udd_enable_stall_handshake(0);
   824d4:	2120      	movs	r1, #32
		udd_ack_setup_received(0);
   824d6:	f44f 5380 	mov.w	r3, #4096	; 0x1000
	udd_ep_control_state = UDD_EPCTRL_STALL_REQ;
   824da:	7028      	strb	r0, [r5, #0]
	udd_enable_stall_handshake(0);
   824dc:	f8c2 1114 	str.w	r1, [r2, #276]	; 0x114
		udd_ack_setup_received(0);
   824e0:	f8c2 3118 	str.w	r3, [r2, #280]	; 0x118
		return; // Error data number doesn't correspond to SETUP packet
   824e4:	e79f      	b.n	82426 <UDPHS_Handler+0x152>
		udd_ack_nak_in(0);
   824e6:	f44f 4380 	mov.w	r3, #16384	; 0x4000
   824ea:	4a19      	ldr	r2, [pc, #100]	; (82550 <UDPHS_Handler+0x27c>)
   824ec:	f8c2 3118 	str.w	r3, [r2, #280]	; 0x118
	if (Is_udd_out_received(0))
   824f0:	f8d2 311c 	ldr.w	r3, [r2, #284]	; 0x11c
   824f4:	f413 7300 	ands.w	r3, r3, #512	; 0x200
   824f8:	d195      	bne.n	82426 <UDPHS_Handler+0x152>
	if (UDD_EPCTRL_DATA_OUT == udd_ep_control_state) {
   824fa:	481d      	ldr	r0, [pc, #116]	; (82570 <UDPHS_Handler+0x29c>)
   824fc:	7801      	ldrb	r1, [r0, #0]
   824fe:	2901      	cmp	r1, #1
   82500:	f000 824d 	beq.w	8299e <UDPHS_Handler+0x6ca>
	} else if (UDD_EPCTRL_HANDSHAKE_WAIT_OUT_ZLP == udd_ep_control_state) {
   82504:	2904      	cmp	r1, #4
   82506:	d18e      	bne.n	82426 <UDPHS_Handler+0x152>
		udd_enable_stall_handshake(0);
   82508:	2320      	movs	r3, #32
   8250a:	f8c2 3114 	str.w	r3, [r2, #276]	; 0x114
   8250e:	e78a      	b.n	82426 <UDPHS_Handler+0x152>
			if (udd_endpoint_dma_get_status(ep)
   82510:	4819      	ldr	r0, [pc, #100]	; (82578 <UDPHS_Handler+0x2a4>)
   82512:	eb00 1303 	add.w	r3, r0, r3, lsl #4
   82516:	68d8      	ldr	r0, [r3, #12]
   82518:	07c0      	lsls	r0, r0, #31
   8251a:	d484      	bmi.n	82426 <UDPHS_Handler+0x152>
			udd_disable_endpoint_dma_interrupt(ep);
   8251c:	6910      	ldr	r0, [r2, #16]
   8251e:	ea20 0101 	bic.w	r1, r0, r1
   82522:	6111      	str	r1, [r2, #16]
			nb_remaining = (udd_endpoint_dma_get_status(ep) &
   82524:	68db      	ldr	r3, [r3, #12]
			if (nb_remaining) {
   82526:	0c1b      	lsrs	r3, r3, #16
   82528:	d008      	beq.n	8253c <UDPHS_Handler+0x268>
				ptr_job->buf_cnt -= nb_remaining;
   8252a:	4a14      	ldr	r2, [pc, #80]	; (8257c <UDPHS_Handler+0x2a8>)
   8252c:	eb0e 0e4e 	add.w	lr, lr, lr, lsl #1
   82530:	eb02 02ce 	add.w	r2, r2, lr, lsl #3
   82534:	68d1      	ldr	r1, [r2, #12]
   82536:	1acb      	subs	r3, r1, r3
				ptr_job->buf_size = ptr_job->buf_cnt;
   82538:	e9c2 3302 	strd	r3, r3, [r2, #8]
			udd_ep_trans_done(ep);
   8253c:	4638      	mov	r0, r7
}
   8253e:	e8bd 41f0 	ldmia.w	sp!, {r4, r5, r6, r7, r8, lr}
			udd_ep_trans_done(ep);
   82542:	4b0f      	ldr	r3, [pc, #60]	; (82580 <UDPHS_Handler+0x2ac>)
   82544:	4718      	bx	r3
   82546:	bf00      	nop
   82548:	00081ab5 	.word	0x00081ab5
   8254c:	00081b51 	.word	0x00081b51
   82550:	400a4000 	.word	0x400a4000
   82554:	00081ad9 	.word	0x00081ad9
   82558:	00080965 	.word	0x00080965
   8255c:	20003676 	.word	0x20003676
   82560:	00080975 	.word	0x00080975
   82564:	00080d89 	.word	0x00080d89
   82568:	20000304 	.word	0x20000304
   8256c:	0008096d 	.word	0x0008096d
   82570:	2000367c 	.word	0x2000367c
   82574:	200036b0 	.word	0x200036b0
   82578:	400a4300 	.word	0x400a4300
   8257c:	20003680 	.word	0x20003680
   82580:	00081f85 	.word	0x00081f85
				// End of background transfer on IN endpoint
				udd_disable_bank_interrupt(ep);
   82584:	f44f 2380 	mov.w	r3, #262144	; 0x40000

				Assert(ptr_job->stall_requested);
				// A stall has been requested during background transfer
				ptr_job->stall_requested = false;
				udd_disable_endpoint_bank_autoswitch(ep);
				udd_enable_stall_handshake(ep);
   82588:	2520      	movs	r5, #32
				udd_reset_data_toggle(ep);
   8258a:	2140      	movs	r1, #64	; 0x40
				udd_disable_bank_interrupt(ep);
   8258c:	f8cc 3108 	str.w	r3, [ip, #264]	; 0x108
				udd_disable_endpoint_interrupt(ep);
   82590:	6913      	ldr	r3, [r2, #16]
				ptr_job->stall_requested = false;
   82592:	eb0e 0e4e 	add.w	lr, lr, lr, lsl #1
				udd_disable_endpoint_interrupt(ep);
   82596:	ea23 0000 	bic.w	r0, r3, r0
				ptr_job->stall_requested = false;
   8259a:	4bb3      	ldr	r3, [pc, #716]	; (82868 <UDPHS_Handler+0x594>)
				udd_disable_endpoint_interrupt(ep);
   8259c:	6110      	str	r0, [r2, #16]
				ptr_job->stall_requested = false;
   8259e:	eb03 0ece 	add.w	lr, r3, lr, lsl #3
   825a2:	f89e 3014 	ldrb.w	r3, [lr, #20]
   825a6:	f364 0382 	bfi	r3, r4, #2, #1
   825aa:	f88e 3014 	strb.w	r3, [lr, #20]
				udd_disable_endpoint_bank_autoswitch(ep);
   825ae:	f8dc 3108 	ldr.w	r3, [ip, #264]	; 0x108
   825b2:	f023 0302 	bic.w	r3, r3, #2
   825b6:	f8cc 3108 	str.w	r3, [ip, #264]	; 0x108
				udd_enable_stall_handshake(ep);
   825ba:	f8cc 5114 	str.w	r5, [ip, #276]	; 0x114
				udd_reset_data_toggle(ep);
   825be:	f8cc 1118 	str.w	r1, [ip, #280]	; 0x118
				//dbg_print("exHalt%x ", ep);
				return true;
   825c2:	e730      	b.n	82426 <UDPHS_Handler+0x152>
	if (UDD_EPCTRL_DATA_OUT != udd_ep_control_state) {
   825c4:	4da9      	ldr	r5, [pc, #676]	; (8286c <UDPHS_Handler+0x598>)
   825c6:	782b      	ldrb	r3, [r5, #0]
   825c8:	2b01      	cmp	r3, #1
   825ca:	f000 8102 	beq.w	827d2 <UDPHS_Handler+0x4fe>
		if ((UDD_EPCTRL_DATA_IN == udd_ep_control_state)
   825ce:	2b02      	cmp	r3, #2
   825d0:	f000 8137 	beq.w	82842 <UDPHS_Handler+0x56e>
				|| (UDD_EPCTRL_HANDSHAKE_WAIT_OUT_ZLP ==
   825d4:	2b04      	cmp	r3, #4
   825d6:	f000 8134 	beq.w	82842 <UDPHS_Handler+0x56e>
	udd_ep_control_state = UDD_EPCTRL_STALL_REQ;
   825da:	2105      	movs	r1, #5
	udd_enable_stall_handshake(0);
   825dc:	2220      	movs	r2, #32
   825de:	4ba4      	ldr	r3, [pc, #656]	; (82870 <UDPHS_Handler+0x59c>)
   825e0:	4ca4      	ldr	r4, [pc, #656]	; (82874 <UDPHS_Handler+0x5a0>)
	udd_ep_control_state = UDD_EPCTRL_STALL_REQ;
   825e2:	7029      	strb	r1, [r5, #0]
	udd_enable_stall_handshake(0);
   825e4:	f8c3 2114 	str.w	r2, [r3, #276]	; 0x114
  __ASM volatile ("MRS %0, primask" : "=r" (result) );
   825e8:	f3ef 8210 	mrs	r2, PRIMASK
  __ASM volatile ("cpsid i");
   825ec:	b672      	cpsid	i
   825ee:	f3bf 8f5f 	dmb	sy
	cpu_irq_disable();
   825f2:	2100      	movs	r1, #0
	udd_disable_in_send_interrupt(0);
   825f4:	f44f 6080 	mov.w	r0, #1024	; 0x400
   825f8:	4b9f      	ldr	r3, [pc, #636]	; (82878 <UDPHS_Handler+0x5a4>)
   825fa:	7019      	strb	r1, [r3, #0]
   825fc:	499c      	ldr	r1, [pc, #624]	; (82870 <UDPHS_Handler+0x59c>)
   825fe:	f8c1 0108 	str.w	r0, [r1, #264]	; 0x108
	if (cpu_irq_is_enabled_flags(flags))
   82602:	b922      	cbnz	r2, 8260e <UDPHS_Handler+0x33a>
		cpu_irq_enable();
   82604:	2201      	movs	r2, #1
   82606:	701a      	strb	r2, [r3, #0]
   82608:	f3bf 8f5f 	dmb	sy
  __ASM volatile ("cpsie i");
   8260c:	b662      	cpsie	i
	udd_g_ctrlreq.callback = NULL;
   8260e:	2300      	movs	r3, #0
	udd_ack_out_received(0);
   82610:	f44f 7100 	mov.w	r1, #512	; 0x200
   82614:	4a96      	ldr	r2, [pc, #600]	; (82870 <UDPHS_Handler+0x59c>)
   82616:	f8c2 1118 	str.w	r1, [r2, #280]	; 0x118
	udd_g_ctrlreq.over_under_run = NULL;
   8261a:	e9c4 3304 	strd	r3, r3, [r4, #16]
	udd_g_ctrlreq.payload_size = 0;
   8261e:	81a3      	strh	r3, [r4, #12]
	udd_ep_control_state = UDD_EPCTRL_SETUP;
   82620:	702b      	strb	r3, [r5, #0]
   82622:	e700      	b.n	82426 <UDPHS_Handler+0x152>
		udd_ack_nak_out(0);
   82624:	f44f 4200 	mov.w	r2, #32768	; 0x8000
   82628:	4b91      	ldr	r3, [pc, #580]	; (82870 <UDPHS_Handler+0x59c>)
   8262a:	f8c3 2118 	str.w	r2, [r3, #280]	; 0x118
	if (Is_udd_in_send(0))
   8262e:	f8d3 211c 	ldr.w	r2, [r3, #284]	; 0x11c
   82632:	0555      	lsls	r5, r2, #21
   82634:	f53f aef7 	bmi.w	82426 <UDPHS_Handler+0x152>
	if (UDD_EPCTRL_HANDSHAKE_WAIT_IN_ZLP == udd_ep_control_state) {
   82638:	4a8c      	ldr	r2, [pc, #560]	; (8286c <UDPHS_Handler+0x598>)
   8263a:	7812      	ldrb	r2, [r2, #0]
   8263c:	2a03      	cmp	r2, #3
   8263e:	f47f aef2 	bne.w	82426 <UDPHS_Handler+0x152>
		udd_enable_stall_handshake(0);
   82642:	2220      	movs	r2, #32
   82644:	f8c3 2114 	str.w	r2, [r3, #276]	; 0x114
   82648:	e6ed      	b.n	82426 <UDPHS_Handler+0x152>
   8264a:	4a8c      	ldr	r2, [pc, #560]	; (8287c <UDPHS_Handler+0x5a8>)
	uint8_t *ptr = (uint8_t *) & udd_get_endpoint_fifo_access(0, 8);
   8264c:	4b8c      	ldr	r3, [pc, #560]	; (82880 <UDPHS_Handler+0x5ac>)
	for (i = 0; i < 8; i++) {
   8264e:	488d      	ldr	r0, [pc, #564]	; (82884 <UDPHS_Handler+0x5b0>)
		((uint8_t *) & udd_g_ctrlreq.req)[i] = *ptr++;
   82650:	4619      	mov	r1, r3
   82652:	3301      	adds	r3, #1
   82654:	7809      	ldrb	r1, [r1, #0]
	for (i = 0; i < 8; i++) {
   82656:	4283      	cmp	r3, r0
		((uint8_t *) & udd_g_ctrlreq.req)[i] = *ptr++;
   82658:	f802 1f01 	strb.w	r1, [r2, #1]!
	for (i = 0; i < 8; i++) {
   8265c:	d1f8      	bne.n	82650 <UDPHS_Handler+0x37c>
	if (udc_process_setup() == false) {
   8265e:	4b8a      	ldr	r3, [pc, #552]	; (82888 <UDPHS_Handler+0x5b4>)
   82660:	4798      	blx	r3
   82662:	2800      	cmp	r0, #0
   82664:	f000 80f4 	beq.w	82850 <UDPHS_Handler+0x57c>
	udd_ack_setup_received(0);
   82668:	f44f 5180 	mov.w	r1, #4096	; 0x1000
   8266c:	4b80      	ldr	r3, [pc, #512]	; (82870 <UDPHS_Handler+0x59c>)
	if (Udd_setup_is_in()) {
   8266e:	4a81      	ldr	r2, [pc, #516]	; (82874 <UDPHS_Handler+0x5a0>)
	udd_ack_setup_received(0);
   82670:	f8c3 1118 	str.w	r1, [r3, #280]	; 0x118
	if (Udd_setup_is_in()) {
   82674:	f992 1000 	ldrsb.w	r1, [r2]
   82678:	2900      	cmp	r1, #0
   8267a:	f2c0 8171 	blt.w	82960 <UDPHS_Handler+0x68c>
		if (0 == udd_g_ctrlreq.req.wLength) {
   8267e:	88d2      	ldrh	r2, [r2, #6]
   82680:	2a00      	cmp	r2, #0
   82682:	f000 81ad 	beq.w	829e0 <UDPHS_Handler+0x70c>
		udd_ctrl_prev_payload_buf_cnt = 0;
   82686:	2200      	movs	r2, #0
		udd_ep_control_state = UDD_EPCTRL_DATA_OUT;
   82688:	2401      	movs	r4, #1
		udd_ack_nak_in(0);
   8268a:	f44f 4180 	mov.w	r1, #16384	; 0x4000
		udd_ctrl_prev_payload_buf_cnt = 0;
   8268e:	487f      	ldr	r0, [pc, #508]	; (8288c <UDPHS_Handler+0x5b8>)
		udd_ep_control_state = UDD_EPCTRL_DATA_OUT;
   82690:	702c      	strb	r4, [r5, #0]
		udd_ctrl_prev_payload_buf_cnt = 0;
   82692:	8002      	strh	r2, [r0, #0]
		udd_ctrl_payload_buf_cnt = 0;
   82694:	487e      	ldr	r0, [pc, #504]	; (82890 <UDPHS_Handler+0x5bc>)
   82696:	8002      	strh	r2, [r0, #0]
		udd_ack_nak_in(0);
   82698:	f8c3 1118 	str.w	r1, [r3, #280]	; 0x118
  __ASM volatile ("MRS %0, primask" : "=r" (result) );
   8269c:	f3ef 8510 	mrs	r5, PRIMASK
  __ASM volatile ("cpsid i");
   826a0:	b672      	cpsid	i
   826a2:	f3bf 8f5f 	dmb	sy
	cpu_irq_disable();
   826a6:	4874      	ldr	r0, [pc, #464]	; (82878 <UDPHS_Handler+0x5a4>)
   826a8:	7002      	strb	r2, [r0, #0]
		udd_enable_nak_in_interrupt(0);
   826aa:	f8c3 1104 	str.w	r1, [r3, #260]	; 0x104
	if (cpu_irq_is_enabled_flags(flags))
   826ae:	2d00      	cmp	r5, #0
   826b0:	f47f aeb9 	bne.w	82426 <UDPHS_Handler+0x152>
		cpu_irq_enable();
   826b4:	7004      	strb	r4, [r0, #0]
   826b6:	f3bf 8f5f 	dmb	sy
  __ASM volatile ("cpsie i");
   826ba:	b662      	cpsie	i
   826bc:	e6b3      	b.n	82426 <UDPHS_Handler+0x152>
		udd_ack_reset();
   826be:	2210      	movs	r2, #16
	if (ptr_job->busy == false) {
   826c0:	4c69      	ldr	r4, [pc, #420]	; (82868 <UDPHS_Handler+0x594>)
   826c2:	7d23      	ldrb	r3, [r4, #20]
		udd_ack_reset();
   826c4:	618a      	str	r2, [r1, #24]
	if (ptr_job->busy == false) {
   826c6:	f013 0201 	ands.w	r2, r3, #1
   826ca:	d00d      	beq.n	826e8 <UDPHS_Handler+0x414>
	if (NULL == ptr_job->call_trans) {
   826cc:	6825      	ldr	r5, [r4, #0]
	ptr_job->busy = false;
   826ce:	f36f 0300 	bfc	r3, #0, #1
   826d2:	7523      	strb	r3, [r4, #20]
	if (NULL == ptr_job->call_trans) {
   826d4:	b145      	cbz	r5, 826e8 <UDPHS_Handler+0x414>
	if (Is_udd_endpoint_in(ep_num)) {
   826d6:	f8d1 3120 	ldr.w	r3, [r1, #288]	; 0x120
	ptr_job->call_trans((b_abort) ? UDD_EP_TRANSFER_ABORT :
   826da:	2001      	movs	r0, #1
		ep_num |= USB_EP_DIR_IN;
   826dc:	f013 0f08 	tst.w	r3, #8
	ptr_job->call_trans((b_abort) ? UDD_EP_TRANSFER_ABORT :
   826e0:	bf18      	it	ne
   826e2:	2281      	movne	r2, #129	; 0x81
   826e4:	68a1      	ldr	r1, [r4, #8]
   826e6:	47a8      	blx	r5
	if (ptr_job->busy == false) {
   826e8:	f894 302c 	ldrb.w	r3, [r4, #44]	; 0x2c
   826ec:	07dd      	lsls	r5, r3, #31
   826ee:	d510      	bpl.n	82712 <UDPHS_Handler+0x43e>
	if (NULL == ptr_job->call_trans) {
   826f0:	69a5      	ldr	r5, [r4, #24]
	ptr_job->busy = false;
   826f2:	f36f 0300 	bfc	r3, #0, #1
   826f6:	f884 302c 	strb.w	r3, [r4, #44]	; 0x2c
	if (NULL == ptr_job->call_trans) {
   826fa:	b155      	cbz	r5, 82712 <UDPHS_Handler+0x43e>
	if (Is_udd_endpoint_in(ep_num)) {
   826fc:	4b5c      	ldr	r3, [pc, #368]	; (82870 <UDPHS_Handler+0x59c>)
	ptr_job->call_trans((b_abort) ? UDD_EP_TRANSFER_ABORT :
   826fe:	2001      	movs	r0, #1
	if (Is_udd_endpoint_in(ep_num)) {
   82700:	f8d3 3140 	ldr.w	r3, [r3, #320]	; 0x140
	ptr_job->call_trans((b_abort) ? UDD_EP_TRANSFER_ABORT :
   82704:	6a21      	ldr	r1, [r4, #32]
		udd_ep_finish_job(&udd_ep_job[i], true, i + 1);
   82706:	f013 0f08 	tst.w	r3, #8
	ptr_job->call_trans((b_abort) ? UDD_EP_TRANSFER_ABORT :
   8270a:	bf14      	ite	ne
   8270c:	2282      	movne	r2, #130	; 0x82
   8270e:	2202      	moveq	r2, #2
   82710:	47a8      	blx	r5
		udc_reset();
   82712:	4b60      	ldr	r3, [pc, #384]	; (82894 <UDPHS_Handler+0x5c0>)
   82714:	4798      	blx	r3
	udd_enable_endpoint(0);
   82716:	2001      	movs	r0, #1
	udd_configure_address(0);
   82718:	4b55      	ldr	r3, [pc, #340]	; (82870 <UDPHS_Handler+0x59c>)
   8271a:	681a      	ldr	r2, [r3, #0]
   8271c:	f022 027f 	bic.w	r2, r2, #127	; 0x7f
   82720:	601a      	str	r2, [r3, #0]
	udd_enable_address();
   82722:	681a      	ldr	r2, [r3, #0]
   82724:	f042 0280 	orr.w	r2, r2, #128	; 0x80
   82728:	601a      	str	r2, [r3, #0]
	udd_configure_endpoint(0,
   8272a:	f8d3 2100 	ldr.w	r2, [r3, #256]	; 0x100
   8272e:	f422 727f 	bic.w	r2, r2, #1020	; 0x3fc
   82732:	f022 0203 	bic.w	r2, r2, #3
   82736:	f042 0243 	orr.w	r2, r2, #67	; 0x43
   8273a:	f8c3 2100 	str.w	r2, [r3, #256]	; 0x100
	udd_enable_endpoint(0);
   8273e:	f8c3 0104 	str.w	r0, [r3, #260]	; 0x104
  __ASM volatile ("MRS %0, primask" : "=r" (result) );
   82742:	f3ef 8410 	mrs	r4, PRIMASK
  __ASM volatile ("cpsid i");
   82746:	b672      	cpsid	i
   82748:	f3bf 8f5f 	dmb	sy
	udd_enable_setup_received_interrupt(0);
   8274c:	f44f 5280 	mov.w	r2, #4096	; 0x1000
	cpu_irq_disable();
   82750:	2500      	movs	r5, #0
   82752:	4949      	ldr	r1, [pc, #292]	; (82878 <UDPHS_Handler+0x5a4>)
   82754:	700d      	strb	r5, [r1, #0]
   82756:	f8c3 2104 	str.w	r2, [r3, #260]	; 0x104
	udd_enable_out_received_interrupt(0);
   8275a:	f44f 7200 	mov.w	r2, #512	; 0x200
   8275e:	f8c3 2104 	str.w	r2, [r3, #260]	; 0x104
	udd_enable_endpoint_interrupt(0);
   82762:	691a      	ldr	r2, [r3, #16]
   82764:	f442 7280 	orr.w	r2, r2, #256	; 0x100
   82768:	611a      	str	r2, [r3, #16]
	if (cpu_irq_is_enabled_flags(flags))
   8276a:	b91c      	cbnz	r4, 82774 <UDPHS_Handler+0x4a0>
		cpu_irq_enable();
   8276c:	7008      	strb	r0, [r1, #0]
   8276e:	f3bf 8f5f 	dmb	sy
  __ASM volatile ("cpsie i");
   82772:	b662      	cpsie	i
  __ASM volatile ("MRS %0, primask" : "=r" (result) );
   82774:	f3ef 8310 	mrs	r3, PRIMASK
  __ASM volatile ("cpsid i");
   82778:	b672      	cpsid	i
   8277a:	f3bf 8f5f 	dmb	sy
	cpu_irq_disable();
   8277e:	2400      	movs	r4, #0
	udd_disable_in_send_interrupt(0);
   82780:	f44f 6080 	mov.w	r0, #1024	; 0x400
   82784:	4a3a      	ldr	r2, [pc, #232]	; (82870 <UDPHS_Handler+0x59c>)
   82786:	700c      	strb	r4, [r1, #0]
   82788:	f8c2 0108 	str.w	r0, [r2, #264]	; 0x108
	if (cpu_irq_is_enabled_flags(flags))
   8278c:	b923      	cbnz	r3, 82798 <UDPHS_Handler+0x4c4>
		cpu_irq_enable();
   8278e:	2301      	movs	r3, #1
   82790:	700b      	strb	r3, [r1, #0]
   82792:	f3bf 8f5f 	dmb	sy
  __ASM volatile ("cpsie i");
   82796:	b662      	cpsie	i
	udd_g_ctrlreq.callback = NULL;
   82798:	2200      	movs	r2, #0
	udd_ack_out_received(0);
   8279a:	f44f 7400 	mov.w	r4, #512	; 0x200
   8279e:	4b34      	ldr	r3, [pc, #208]	; (82870 <UDPHS_Handler+0x59c>)
	udd_g_ctrlreq.callback = NULL;
   827a0:	4834      	ldr	r0, [pc, #208]	; (82874 <UDPHS_Handler+0x5a0>)
	udd_ep_control_state = UDD_EPCTRL_SETUP;
   827a2:	4932      	ldr	r1, [pc, #200]	; (8286c <UDPHS_Handler+0x598>)
	udd_g_ctrlreq.callback = NULL;
   827a4:	6102      	str	r2, [r0, #16]
	udd_ack_out_received(0);
   827a6:	f8c3 4118 	str.w	r4, [r3, #280]	; 0x118
	udd_ep_control_state = UDD_EPCTRL_SETUP;
   827aa:	700a      	strb	r2, [r1, #0]
		udd_enable_sof_interrupt();
   827ac:	6919      	ldr	r1, [r3, #16]
	udd_g_ctrlreq.over_under_run = NULL;
   827ae:	6142      	str	r2, [r0, #20]
		udd_enable_sof_interrupt();
   827b0:	f041 0108 	orr.w	r1, r1, #8
   827b4:	6119      	str	r1, [r3, #16]
		udd_enable_msof_interrupt();
   827b6:	6919      	ldr	r1, [r3, #16]
	udd_g_ctrlreq.payload_size = 0;
   827b8:	8182      	strh	r2, [r0, #12]
		udd_enable_msof_interrupt();
   827ba:	f041 0104 	orr.w	r1, r1, #4
   827be:	6119      	str	r1, [r3, #16]
		udd_enable_suspend_interrupt();
   827c0:	691a      	ldr	r2, [r3, #16]
   827c2:	f042 0202 	orr.w	r2, r2, #2
   827c6:	611a      	str	r2, [r3, #16]
		goto udd_interrupt_end;
   827c8:	e62d      	b.n	82426 <UDPHS_Handler+0x152>
		udd_ctrl_in_sent();
   827ca:	4b33      	ldr	r3, [pc, #204]	; (82898 <UDPHS_Handler+0x5c4>)
}
   827cc:	e8bd 41f0 	ldmia.w	sp!, {r4, r5, r6, r7, r8, lr}
		udd_ctrl_in_sent();
   827d0:	4718      	bx	r3
	nb_data = udd_byte_count(0);
   827d2:	4b27      	ldr	r3, [pc, #156]	; (82870 <UDPHS_Handler+0x59c>)
	if (udd_g_ctrlreq.payload_size < (udd_ctrl_payload_buf_cnt + nb_data)) {
   827d4:	4f2e      	ldr	r7, [pc, #184]	; (82890 <UDPHS_Handler+0x5bc>)
	nb_data = udd_byte_count(0);
   827d6:	f8d3 611c 	ldr.w	r6, [r3, #284]	; 0x11c
	if (udd_g_ctrlreq.payload_size < (udd_ctrl_payload_buf_cnt + nb_data)) {
   827da:	4c26      	ldr	r4, [pc, #152]	; (82874 <UDPHS_Handler+0x5a0>)
   827dc:	883b      	ldrh	r3, [r7, #0]
   827de:	f8b4 c00c 	ldrh.w	ip, [r4, #12]
	nb_data = udd_byte_count(0);
   827e2:	f3c6 560a 	ubfx	r6, r6, #20, #11
	if (udd_g_ctrlreq.payload_size < (udd_ctrl_payload_buf_cnt + nb_data)) {
   827e6:	199a      	adds	r2, r3, r6
   827e8:	4594      	cmp	ip, r2
	udd_ctrl_payload_buf_cnt += nb_data;
   827ea:	bfac      	ite	ge
   827ec:	fa1f fc82 	uxthge.w	ip, r2
		nb_data = udd_g_ctrlreq.payload_size - udd_ctrl_payload_buf_cnt;
   827f0:	ebac 0603 	sublt.w	r6, ip, r3
	uint8_t *ptr_dest = udd_g_ctrlreq.payload + udd_ctrl_payload_buf_cnt;
   827f4:	68a2      	ldr	r2, [r4, #8]
		nb_data = udd_g_ctrlreq.payload_size - udd_ctrl_payload_buf_cnt;
   827f6:	bfb8      	it	lt
   827f8:	b2b6      	uxthlt	r6, r6
	uint8_t *ptr_dest = udd_g_ctrlreq.payload + udd_ctrl_payload_buf_cnt;
   827fa:	441a      	add	r2, r3
	for (i = 0; i < nb_data; i++) {
   827fc:	2e00      	cmp	r6, #0
   827fe:	f000 8112 	beq.w	82a26 <UDPHS_Handler+0x752>
	uint8_t *ptr_src = (uint8_t *) & udd_get_endpoint_fifo_access(0, 8);
   82802:	4b1f      	ldr	r3, [pc, #124]	; (82880 <UDPHS_Handler+0x5ac>)
		*ptr_dest++ = *ptr_src++;
   82804:	4618      	mov	r0, r3
   82806:	3301      	adds	r3, #1
   82808:	7800      	ldrb	r0, [r0, #0]
	for (i = 0; i < nb_data; i++) {
   8280a:	b2d9      	uxtb	r1, r3
   8280c:	42b1      	cmp	r1, r6
		*ptr_dest++ = *ptr_src++;
   8280e:	f802 0b01 	strb.w	r0, [r2], #1
	for (i = 0; i < nb_data; i++) {
   82812:	d3f7      	bcc.n	82804 <UDPHS_Handler+0x530>
	if ((USB_DEVICE_EP_CTRL_SIZE != nb_data)
   82814:	2e40      	cmp	r6, #64	; 0x40
	udd_ctrl_payload_buf_cnt += nb_data;
   82816:	f8a7 c000 	strh.w	ip, [r7]
	if ((USB_DEVICE_EP_CTRL_SIZE != nb_data)
   8281a:	d067      	beq.n	828ec <UDPHS_Handler+0x618>
		if (NULL != udd_g_ctrlreq.over_under_run) {
   8281c:	6963      	ldr	r3, [r4, #20]
		udd_g_ctrlreq.payload_size = udd_ctrl_payload_buf_cnt;
   8281e:	f8a4 c00c 	strh.w	ip, [r4, #12]
		if (NULL != udd_g_ctrlreq.over_under_run) {
   82822:	2b00      	cmp	r3, #0
   82824:	d03a      	beq.n	8289c <UDPHS_Handler+0x5c8>
			if (!udd_g_ctrlreq.over_under_run()) {
   82826:	4798      	blx	r3
   82828:	2800      	cmp	r0, #0
   8282a:	d137      	bne.n	8289c <UDPHS_Handler+0x5c8>
	udd_ep_control_state = UDD_EPCTRL_STALL_REQ;
   8282c:	2005      	movs	r0, #5
	udd_enable_stall_handshake(0);
   8282e:	2120      	movs	r1, #32
			udd_ack_out_received(0);
   82830:	f44f 7200 	mov.w	r2, #512	; 0x200
	udd_enable_stall_handshake(0);
   82834:	4b0e      	ldr	r3, [pc, #56]	; (82870 <UDPHS_Handler+0x59c>)
	udd_ep_control_state = UDD_EPCTRL_STALL_REQ;
   82836:	7028      	strb	r0, [r5, #0]
	udd_enable_stall_handshake(0);
   82838:	f8c3 1114 	str.w	r1, [r3, #276]	; 0x114
			udd_ack_out_received(0);
   8283c:	f8c3 2118 	str.w	r2, [r3, #280]	; 0x118
			return;
   82840:	e5f1      	b.n	82426 <UDPHS_Handler+0x152>
	if (udd_g_ctrlreq.callback) {
   82842:	4c0c      	ldr	r4, [pc, #48]	; (82874 <UDPHS_Handler+0x5a0>)
   82844:	6923      	ldr	r3, [r4, #16]
   82846:	2b00      	cmp	r3, #0
   82848:	f43f aece 	beq.w	825e8 <UDPHS_Handler+0x314>
		udd_g_ctrlreq.callback();
   8284c:	4798      	blx	r3
   8284e:	e6cb      	b.n	825e8 <UDPHS_Handler+0x314>
	udd_ep_control_state = UDD_EPCTRL_STALL_REQ;
   82850:	2005      	movs	r0, #5
	udd_enable_stall_handshake(0);
   82852:	2120      	movs	r1, #32
		udd_ack_setup_received(0);
   82854:	f44f 5280 	mov.w	r2, #4096	; 0x1000
	udd_enable_stall_handshake(0);
   82858:	4b05      	ldr	r3, [pc, #20]	; (82870 <UDPHS_Handler+0x59c>)
	udd_ep_control_state = UDD_EPCTRL_STALL_REQ;
   8285a:	7028      	strb	r0, [r5, #0]
	udd_enable_stall_handshake(0);
   8285c:	f8c3 1114 	str.w	r1, [r3, #276]	; 0x114
		udd_ack_setup_received(0);
   82860:	f8c3 2118 	str.w	r2, [r3, #280]	; 0x118
		return;
   82864:	e5df      	b.n	82426 <UDPHS_Handler+0x152>
   82866:	bf00      	nop
   82868:	20003680 	.word	0x20003680
   8286c:	2000367c 	.word	0x2000367c
   82870:	400a4000 	.word	0x400a4000
   82874:	200036b0 	.word	0x200036b0
   82878:	20000304 	.word	0x20000304
   8287c:	200036af 	.word	0x200036af
   82880:	20180000 	.word	0x20180000
   82884:	20180008 	.word	0x20180008
   82888:	00080dc5 	.word	0x00080dc5
   8288c:	2000367a 	.word	0x2000367a
   82890:	20003678 	.word	0x20003678
   82894:	00080d45 	.word	0x00080d45
   82898:	00082139 	.word	0x00082139
		udd_ack_out_received(0);
   8289c:	f44f 7100 	mov.w	r1, #512	; 0x200
	udd_ep_control_state = UDD_EPCTRL_HANDSHAKE_WAIT_IN_ZLP;
   828a0:	2203      	movs	r2, #3
		udd_ack_out_received(0);
   828a2:	4b6a      	ldr	r3, [pc, #424]	; (82a4c <UDPHS_Handler+0x778>)
   828a4:	f8c3 1118 	str.w	r1, [r3, #280]	; 0x118
	udd_ep_control_state = UDD_EPCTRL_HANDSHAKE_WAIT_IN_ZLP;
   828a8:	702a      	strb	r2, [r5, #0]
  __ASM volatile ("MRS %0, primask" : "=r" (result) );
   828aa:	f3ef 8410 	mrs	r4, PRIMASK
  __ASM volatile ("cpsid i");
   828ae:	b672      	cpsid	i
   828b0:	f3bf 8f5f 	dmb	sy
	cpu_irq_disable();
   828b4:	2500      	movs	r5, #0
   828b6:	4866      	ldr	r0, [pc, #408]	; (82a50 <UDPHS_Handler+0x77c>)
	udd_ack_in_send(0);
   828b8:	f44f 6180 	mov.w	r1, #1024	; 0x400
   828bc:	7005      	strb	r5, [r0, #0]
	udd_ack_nak_out(0);
   828be:	f44f 4200 	mov.w	r2, #32768	; 0x8000
	udd_raise_tx_pkt_ready(0);
   828c2:	f44f 6500 	mov.w	r5, #2048	; 0x800
	udd_ack_in_send(0);
   828c6:	f8c3 1118 	str.w	r1, [r3, #280]	; 0x118
	udd_raise_tx_pkt_ready(0);
   828ca:	f8c3 5114 	str.w	r5, [r3, #276]	; 0x114
	udd_enable_in_send_interrupt(0);
   828ce:	f8c3 1104 	str.w	r1, [r3, #260]	; 0x104
	udd_ack_nak_out(0);
   828d2:	f8c3 2118 	str.w	r2, [r3, #280]	; 0x118
	udd_enable_nak_out_interrupt(0);
   828d6:	f8c3 2104 	str.w	r2, [r3, #260]	; 0x104
	if (cpu_irq_is_enabled_flags(flags))
   828da:	2c00      	cmp	r4, #0
   828dc:	f47f ada3 	bne.w	82426 <UDPHS_Handler+0x152>
		cpu_irq_enable();
   828e0:	2301      	movs	r3, #1
   828e2:	7003      	strb	r3, [r0, #0]
   828e4:	f3bf 8f5f 	dmb	sy
  __ASM volatile ("cpsie i");
   828e8:	b662      	cpsie	i
   828ea:	e59c      	b.n	82426 <UDPHS_Handler+0x152>
			(udd_ctrl_prev_payload_buf_cnt +
   828ec:	4e59      	ldr	r6, [pc, #356]	; (82a54 <UDPHS_Handler+0x780>)
			|| (udd_g_ctrlreq.req.wLength <=
   828ee:	88e2      	ldrh	r2, [r4, #6]
			(udd_ctrl_prev_payload_buf_cnt +
   828f0:	8833      	ldrh	r3, [r6, #0]
   828f2:	4463      	add	r3, ip
			|| (udd_g_ctrlreq.req.wLength <=
   828f4:	429a      	cmp	r2, r3
   828f6:	dd91      	ble.n	8281c <UDPHS_Handler+0x548>
	if (udd_g_ctrlreq.payload_size == udd_ctrl_payload_buf_cnt) {
   828f8:	89a3      	ldrh	r3, [r4, #12]
   828fa:	4563      	cmp	r3, ip
   828fc:	f000 8096 	beq.w	82a2c <UDPHS_Handler+0x758>
	udd_ack_out_received(0);
   82900:	f44f 7100 	mov.w	r1, #512	; 0x200
	udd_ack_nak_in(0);
   82904:	f44f 4280 	mov.w	r2, #16384	; 0x4000
	udd_ack_out_received(0);
   82908:	4b50      	ldr	r3, [pc, #320]	; (82a4c <UDPHS_Handler+0x778>)
   8290a:	f8c3 1118 	str.w	r1, [r3, #280]	; 0x118
	udd_ack_nak_in(0);
   8290e:	f8c3 2118 	str.w	r2, [r3, #280]	; 0x118
  __ASM volatile ("MRS %0, primask" : "=r" (result) );
   82912:	f3ef 8010 	mrs	r0, PRIMASK
  __ASM volatile ("cpsid i");
   82916:	b672      	cpsid	i
   82918:	f3bf 8f5f 	dmb	sy
	cpu_irq_disable();
   8291c:	2400      	movs	r4, #0
   8291e:	494c      	ldr	r1, [pc, #304]	; (82a50 <UDPHS_Handler+0x77c>)
   82920:	700c      	strb	r4, [r1, #0]
	udd_enable_nak_in_interrupt(0);
   82922:	f8c3 2104 	str.w	r2, [r3, #260]	; 0x104
	if (cpu_irq_is_enabled_flags(flags))
   82926:	2800      	cmp	r0, #0
   82928:	f47f ad7d 	bne.w	82426 <UDPHS_Handler+0x152>
		cpu_irq_enable();
   8292c:	2301      	movs	r3, #1
   8292e:	700b      	strb	r3, [r1, #0]
   82930:	f3bf 8f5f 	dmb	sy
  __ASM volatile ("cpsie i");
   82934:	b662      	cpsie	i
   82936:	e576      	b.n	82426 <UDPHS_Handler+0x152>
  __ASM volatile ("MRS %0, primask" : "=r" (result) );
   82938:	f3ef 8410 	mrs	r4, PRIMASK
  __ASM volatile ("cpsid i");
   8293c:	b672      	cpsid	i
   8293e:	f3bf 8f5f 	dmb	sy
	cpu_irq_disable();
   82942:	4843      	ldr	r0, [pc, #268]	; (82a50 <UDPHS_Handler+0x77c>)
	Assert(sleepmgr_locks[mode] < 0xff);

	// Enter a critical section
	flags = cpu_irq_save();

	++sleepmgr_locks[mode];
   82944:	4944      	ldr	r1, [pc, #272]	; (82a58 <UDPHS_Handler+0x784>)
   82946:	7003      	strb	r3, [r0, #0]
   82948:	788b      	ldrb	r3, [r1, #2]
   8294a:	3301      	adds	r3, #1
   8294c:	708b      	strb	r3, [r1, #2]
	if (cpu_irq_is_enabled_flags(flags))
   8294e:	2c00      	cmp	r4, #0
   82950:	f47f ad79 	bne.w	82446 <UDPHS_Handler+0x172>
		cpu_irq_enable();
   82954:	2301      	movs	r3, #1
   82956:	7003      	strb	r3, [r0, #0]
   82958:	f3bf 8f5f 	dmb	sy
  __ASM volatile ("cpsie i");
   8295c:	b662      	cpsie	i
}
   8295e:	e572      	b.n	82446 <UDPHS_Handler+0x172>
		udd_ctrl_prev_payload_buf_cnt = 0;
   82960:	2300      	movs	r3, #0
		udd_ep_control_state = UDD_EPCTRL_DATA_IN;
   82962:	2102      	movs	r1, #2
		udd_ctrl_prev_payload_buf_cnt = 0;
   82964:	4c3b      	ldr	r4, [pc, #236]	; (82a54 <UDPHS_Handler+0x780>)
		udd_ctrl_payload_buf_cnt = 0;
   82966:	483d      	ldr	r0, [pc, #244]	; (82a5c <UDPHS_Handler+0x788>)
		udd_ctrl_prev_payload_buf_cnt = 0;
   82968:	8023      	strh	r3, [r4, #0]
		udd_ctrl_payload_buf_cnt = 0;
   8296a:	8003      	strh	r3, [r0, #0]
		udd_ep_control_state = UDD_EPCTRL_DATA_IN;
   8296c:	7029      	strb	r1, [r5, #0]
		udd_ctrl_in_sent(); // Send first data transfer
   8296e:	4a3c      	ldr	r2, [pc, #240]	; (82a60 <UDPHS_Handler+0x78c>)
}
   82970:	e8bd 41f0 	ldmia.w	sp!, {r4, r5, r6, r7, r8, lr}
		udd_ctrl_in_sent(); // Send first data transfer
   82974:	4710      	bx	r2
  __ASM volatile ("MRS %0, primask" : "=r" (result) );
   82976:	f3ef 8510 	mrs	r5, PRIMASK
  __ASM volatile ("cpsid i");
   8297a:	b672      	cpsid	i
   8297c:	f3bf 8f5f 	dmb	sy
	cpu_irq_disable();
   82980:	4833      	ldr	r0, [pc, #204]	; (82a50 <UDPHS_Handler+0x77c>)
	Assert(sleepmgr_locks[mode]);

	// Enter a critical section
	flags = cpu_irq_save();

	--sleepmgr_locks[mode];
   82982:	4935      	ldr	r1, [pc, #212]	; (82a58 <UDPHS_Handler+0x784>)
   82984:	7004      	strb	r4, [r0, #0]
   82986:	788b      	ldrb	r3, [r1, #2]
   82988:	3b01      	subs	r3, #1
   8298a:	708b      	strb	r3, [r1, #2]
	if (cpu_irq_is_enabled_flags(flags))
   8298c:	2d00      	cmp	r5, #0
   8298e:	f47f ad33 	bne.w	823f8 <UDPHS_Handler+0x124>
		cpu_irq_enable();
   82992:	2301      	movs	r3, #1
   82994:	7003      	strb	r3, [r0, #0]
   82996:	f3bf 8f5f 	dmb	sy
  __ASM volatile ("cpsie i");
   8299a:	b662      	cpsie	i
}
   8299c:	e52c      	b.n	823f8 <UDPHS_Handler+0x124>
	udd_ep_control_state = UDD_EPCTRL_HANDSHAKE_WAIT_IN_ZLP;
   8299e:	2403      	movs	r4, #3
   829a0:	7004      	strb	r4, [r0, #0]
  __ASM volatile ("MRS %0, primask" : "=r" (result) );
   829a2:	f3ef 8510 	mrs	r5, PRIMASK
  __ASM volatile ("cpsid i");
   829a6:	b672      	cpsid	i
   829a8:	f3bf 8f5f 	dmb	sy
	cpu_irq_disable();
   829ac:	4c28      	ldr	r4, [pc, #160]	; (82a50 <UDPHS_Handler+0x77c>)
	udd_ack_in_send(0);
   829ae:	f44f 6080 	mov.w	r0, #1024	; 0x400
   829b2:	7023      	strb	r3, [r4, #0]
	udd_raise_tx_pkt_ready(0);
   829b4:	f44f 6600 	mov.w	r6, #2048	; 0x800
	udd_ack_nak_out(0);
   829b8:	f44f 4300 	mov.w	r3, #32768	; 0x8000
	udd_ack_in_send(0);
   829bc:	f8c2 0118 	str.w	r0, [r2, #280]	; 0x118
	udd_raise_tx_pkt_ready(0);
   829c0:	f8c2 6114 	str.w	r6, [r2, #276]	; 0x114
	udd_enable_in_send_interrupt(0);
   829c4:	f8c2 0104 	str.w	r0, [r2, #260]	; 0x104
	udd_ack_nak_out(0);
   829c8:	f8c2 3118 	str.w	r3, [r2, #280]	; 0x118
	udd_enable_nak_out_interrupt(0);
   829cc:	f8c2 3104 	str.w	r3, [r2, #260]	; 0x104
	if (cpu_irq_is_enabled_flags(flags))
   829d0:	2d00      	cmp	r5, #0
   829d2:	f47f ad28 	bne.w	82426 <UDPHS_Handler+0x152>
		cpu_irq_enable();
   829d6:	7021      	strb	r1, [r4, #0]
   829d8:	f3bf 8f5f 	dmb	sy
  __ASM volatile ("cpsie i");
   829dc:	b662      	cpsie	i
   829de:	e522      	b.n	82426 <UDPHS_Handler+0x152>
	udd_ep_control_state = UDD_EPCTRL_HANDSHAKE_WAIT_IN_ZLP;
   829e0:	2103      	movs	r1, #3
   829e2:	7029      	strb	r1, [r5, #0]
  __ASM volatile ("MRS %0, primask" : "=r" (result) );
   829e4:	f3ef 8410 	mrs	r4, PRIMASK
  __ASM volatile ("cpsid i");
   829e8:	b672      	cpsid	i
   829ea:	f3bf 8f5f 	dmb	sy
	udd_ack_in_send(0);
   829ee:	f44f 6180 	mov.w	r1, #1024	; 0x400
	cpu_irq_disable();
   829f2:	4817      	ldr	r0, [pc, #92]	; (82a50 <UDPHS_Handler+0x77c>)
	udd_raise_tx_pkt_ready(0);
   829f4:	f44f 6500 	mov.w	r5, #2048	; 0x800
   829f8:	7002      	strb	r2, [r0, #0]
	udd_ack_nak_out(0);
   829fa:	f44f 4200 	mov.w	r2, #32768	; 0x8000
	udd_ack_in_send(0);
   829fe:	f8c3 1118 	str.w	r1, [r3, #280]	; 0x118
	udd_raise_tx_pkt_ready(0);
   82a02:	e762      	b.n	828ca <UDPHS_Handler+0x5f6>
				udd_disable_tx_pkt_ready_interrupt(ep);
   82a04:	f44f 6300 	mov.w	r3, #2048	; 0x800
				udd_ep_finish_job(ptr_job, false, ep);
   82a08:	4d16      	ldr	r5, [pc, #88]	; (82a64 <UDPHS_Handler+0x790>)
		ptr_job = &udd_ep_job[ep - 1];
   82a0a:	4817      	ldr	r0, [pc, #92]	; (82a68 <UDPHS_Handler+0x794>)
				udd_disable_tx_pkt_ready_interrupt(ep);
   82a0c:	f8c4 3108 	str.w	r3, [r4, #264]	; 0x108
		ptr_job = &udd_ep_job[ep - 1];
   82a10:	eb0e 0e4e 	add.w	lr, lr, lr, lsl #1
				udd_raise_tx_pkt_ready(ep);
   82a14:	f8c4 3114 	str.w	r3, [r4, #276]	; 0x114
				udd_ep_finish_job(ptr_job, false, ep);
   82a18:	463a      	mov	r2, r7
   82a1a:	462b      	mov	r3, r5
   82a1c:	eb00 00ce 	add.w	r0, r0, lr, lsl #3
}
   82a20:	e8bd 41f0 	ldmia.w	sp!, {r4, r5, r6, r7, r8, lr}
				udd_ep_finish_job(ptr_job, false, ep);
   82a24:	4718      	bx	r3
	udd_ctrl_payload_buf_cnt += nb_data;
   82a26:	f8a7 c000 	strh.w	ip, [r7]
	if ((USB_DEVICE_EP_CTRL_SIZE != nb_data)
   82a2a:	e6f7      	b.n	8281c <UDPHS_Handler+0x548>
		if (!udd_g_ctrlreq.over_under_run) {
   82a2c:	6963      	ldr	r3, [r4, #20]
   82a2e:	2b00      	cmp	r3, #0
   82a30:	f43f aefc 	beq.w	8282c <UDPHS_Handler+0x558>
		if (!udd_g_ctrlreq.over_under_run()) {
   82a34:	4798      	blx	r3
   82a36:	2800      	cmp	r0, #0
   82a38:	f43f aef8 	beq.w	8282c <UDPHS_Handler+0x558>
		udd_ctrl_payload_buf_cnt = 0;
   82a3c:	2200      	movs	r2, #0
		udd_ctrl_prev_payload_buf_cnt += udd_ctrl_payload_buf_cnt;
   82a3e:	8833      	ldrh	r3, [r6, #0]
   82a40:	8839      	ldrh	r1, [r7, #0]
		udd_ctrl_payload_buf_cnt = 0;
   82a42:	803a      	strh	r2, [r7, #0]
		udd_ctrl_prev_payload_buf_cnt += udd_ctrl_payload_buf_cnt;
   82a44:	440b      	add	r3, r1
   82a46:	8033      	strh	r3, [r6, #0]
		udd_ctrl_payload_buf_cnt = 0;
   82a48:	e75a      	b.n	82900 <UDPHS_Handler+0x62c>
   82a4a:	bf00      	nop
   82a4c:	400a4000 	.word	0x400a4000
   82a50:	20000304 	.word	0x20000304
   82a54:	2000367a 	.word	0x2000367a
   82a58:	20003668 	.word	0x20003668
   82a5c:	20003678 	.word	0x20003678
   82a60:	00082139 	.word	0x00082139
   82a64:	00081f45 	.word	0x00081f45
   82a68:	20003680 	.word	0x20003680

00082a6c <udd_attach>:
{
   82a6c:	e92d 41f0 	stmdb	sp!, {r4, r5, r6, r7, r8, lr}
  __ASM volatile ("MRS %0, primask" : "=r" (result) );
   82a70:	f3ef 8610 	mrs	r6, PRIMASK
  __ASM volatile ("cpsid i");
   82a74:	b672      	cpsid	i
   82a76:	f3bf 8f5f 	dmb	sy
   82a7a:	2100      	movs	r1, #0
	if (b_idle && !udd_b_idle) {
   82a7c:	4b29      	ldr	r3, [pc, #164]	; (82b24 <udd_attach+0xb8>)
   82a7e:	4c2a      	ldr	r4, [pc, #168]	; (82b28 <udd_attach+0xbc>)
   82a80:	781a      	ldrb	r2, [r3, #0]
   82a82:	7021      	strb	r1, [r4, #0]
   82a84:	2a00      	cmp	r2, #0
   82a86:	d03b      	beq.n	82b00 <udd_attach+0x94>
	udd_b_idle = b_idle;
   82a88:	2501      	movs	r5, #1
	udd_enable_periph_ck();
   82a8a:	4a28      	ldr	r2, [pc, #160]	; (82b2c <udd_attach+0xc0>)
   82a8c:	201d      	movs	r0, #29
	udd_b_idle = b_idle;
   82a8e:	701d      	strb	r5, [r3, #0]
	udd_ack_sof();
   82a90:	f04f 0808 	mov.w	r8, #8
	udd_enable_periph_ck();
   82a94:	4790      	blx	r2
	udd_ack_suspend();
   82a96:	2702      	movs	r7, #2
	udd_ack_msof();
   82a98:	f04f 0e04 	mov.w	lr, #4
	udd_ack_reset();
   82a9c:	f04f 0c10 	mov.w	ip, #16
	udd_ack_wake_up();
   82aa0:	2120      	movs	r1, #32
	udd_attach_device();
   82aa2:	4b23      	ldr	r3, [pc, #140]	; (82b30 <udd_attach+0xc4>)
	udd_disable_periph_ck();
   82aa4:	201d      	movs	r0, #29
	udd_attach_device();
   82aa6:	681a      	ldr	r2, [r3, #0]
   82aa8:	f442 6200 	orr.w	r2, r2, #2048	; 0x800
   82aac:	601a      	str	r2, [r3, #0]
   82aae:	681a      	ldr	r2, [r3, #0]
   82ab0:	f422 7200 	bic.w	r2, r2, #512	; 0x200
   82ab4:	601a      	str	r2, [r3, #0]
	udd_enable_reset_interrupt();
   82ab6:	691a      	ldr	r2, [r3, #16]
   82ab8:	f042 0210 	orr.w	r2, r2, #16
   82abc:	611a      	str	r2, [r3, #16]
	udd_enable_suspend_interrupt();
   82abe:	691a      	ldr	r2, [r3, #16]
   82ac0:	f042 0202 	orr.w	r2, r2, #2
   82ac4:	611a      	str	r2, [r3, #16]
	udd_enable_wake_up_interrupt();
   82ac6:	691a      	ldr	r2, [r3, #16]
   82ac8:	f042 0220 	orr.w	r2, r2, #32
   82acc:	611a      	str	r2, [r3, #16]
	udd_enable_sof_interrupt();
   82ace:	691a      	ldr	r2, [r3, #16]
   82ad0:	f042 0208 	orr.w	r2, r2, #8
   82ad4:	611a      	str	r2, [r3, #16]
	udd_enable_msof_interrupt();
   82ad6:	691a      	ldr	r2, [r3, #16]
   82ad8:	f042 0204 	orr.w	r2, r2, #4
   82adc:	611a      	str	r2, [r3, #16]
	udd_ack_sof();
   82ade:	f8c3 8018 	str.w	r8, [r3, #24]
	udd_disable_periph_ck();
   82ae2:	4a14      	ldr	r2, [pc, #80]	; (82b34 <udd_attach+0xc8>)
	udd_ack_msof();
   82ae4:	f8c3 e018 	str.w	lr, [r3, #24]
	udd_ack_reset();
   82ae8:	f8c3 c018 	str.w	ip, [r3, #24]
	udd_ack_suspend();
   82aec:	619f      	str	r7, [r3, #24]
	udd_ack_wake_up();
   82aee:	6199      	str	r1, [r3, #24]
	udd_disable_periph_ck();
   82af0:	4790      	blx	r2
	if (cpu_irq_is_enabled_flags(flags))
   82af2:	b91e      	cbnz	r6, 82afc <udd_attach+0x90>
		cpu_irq_enable();
   82af4:	7025      	strb	r5, [r4, #0]
   82af6:	f3bf 8f5f 	dmb	sy
  __ASM volatile ("cpsie i");
   82afa:	b662      	cpsie	i
}
   82afc:	e8bd 81f0 	ldmia.w	sp!, {r4, r5, r6, r7, r8, pc}
  __ASM volatile ("MRS %0, primask" : "=r" (result) );
   82b00:	f3ef 8010 	mrs	r0, PRIMASK
  __ASM volatile ("cpsid i");
   82b04:	b672      	cpsid	i
   82b06:	f3bf 8f5f 	dmb	sy
	++sleepmgr_locks[mode];
   82b0a:	490b      	ldr	r1, [pc, #44]	; (82b38 <udd_attach+0xcc>)
	cpu_irq_disable();
   82b0c:	7022      	strb	r2, [r4, #0]
   82b0e:	788a      	ldrb	r2, [r1, #2]
   82b10:	3201      	adds	r2, #1
   82b12:	708a      	strb	r2, [r1, #2]
	if (cpu_irq_is_enabled_flags(flags))
   82b14:	2800      	cmp	r0, #0
   82b16:	d1b7      	bne.n	82a88 <udd_attach+0x1c>
		cpu_irq_enable();
   82b18:	2201      	movs	r2, #1
   82b1a:	7022      	strb	r2, [r4, #0]
   82b1c:	f3bf 8f5f 	dmb	sy
  __ASM volatile ("cpsie i");
   82b20:	b662      	cpsie	i
}
   82b22:	e7b1      	b.n	82a88 <udd_attach+0x1c>
   82b24:	20003676 	.word	0x20003676
   82b28:	20000304 	.word	0x20000304
   82b2c:	00081ab5 	.word	0x00081ab5
   82b30:	400a4000 	.word	0x400a4000
   82b34:	00081ad9 	.word	0x00081ad9
   82b38:	20003668 	.word	0x20003668

00082b3c <udd_enable>:
{
   82b3c:	b5f8      	push	{r3, r4, r5, r6, r7, lr}
	sysclk_enable_usb();
   82b3e:	4b25      	ldr	r3, [pc, #148]	; (82bd4 <udd_enable+0x98>)
   82b40:	4798      	blx	r3
	udd_enable_periph_ck();
   82b42:	4b25      	ldr	r3, [pc, #148]	; (82bd8 <udd_enable+0x9c>)
   82b44:	201d      	movs	r0, #29
   82b46:	4798      	blx	r3
  __ASM volatile ("MRS %0, primask" : "=r" (result) );
   82b48:	f3ef 8610 	mrs	r6, PRIMASK
  __ASM volatile ("cpsid i");
   82b4c:	b672      	cpsid	i
   82b4e:	f3bf 8f5f 	dmb	sy
	cpu_irq_disable();
   82b52:	2400      	movs	r4, #0
__STATIC_INLINE void NVIC_SetPriority(IRQn_Type IRQn, uint32_t priority)
{
  if(IRQn < 0) {
    SCB->SHP[((uint32_t)(IRQn) & 0xF)-4] = ((priority << (8 - __NVIC_PRIO_BITS)) & 0xff); } /* set Priority for Cortex-M  System Interrupts */
  else {
    NVIC->IP[(uint32_t)(IRQn)] = ((priority << (8 - __NVIC_PRIO_BITS)) & 0xff);    }        /* set Priority for device specific Interrupts  */
   82b54:	f04f 0e50 	mov.w	lr, #80	; 0x50
  NVIC->ISER[((uint32_t)(IRQn) >> 5)] = (1 << ((uint32_t)(IRQn) & 0x1F)); /* enable interrupt */
   82b58:	f04f 5c00 	mov.w	ip, #536870912	; 0x20000000
		udd_ep_job[i].busy = false;
   82b5c:	4a1f      	ldr	r2, [pc, #124]	; (82bdc <udd_enable+0xa0>)
   82b5e:	4d20      	ldr	r5, [pc, #128]	; (82be0 <udd_enable+0xa4>)
   82b60:	7d11      	ldrb	r1, [r2, #20]
	udd_enable_periph();
   82b62:	4b20      	ldr	r3, [pc, #128]	; (82be4 <udd_enable+0xa8>)
		udd_ep_job[i].busy = false;
   82b64:	f021 0105 	bic.w	r1, r1, #5
   82b68:	7511      	strb	r1, [r2, #20]
   82b6a:	f892 102c 	ldrb.w	r1, [r2, #44]	; 0x2c
   82b6e:	702c      	strb	r4, [r5, #0]
   82b70:	f021 0105 	bic.w	r1, r1, #5
   82b74:	f882 102c 	strb.w	r1, [r2, #44]	; 0x2c
	udd_enable_periph();
   82b78:	681a      	ldr	r2, [r3, #0]
    NVIC->IP[(uint32_t)(IRQn)] = ((priority << (8 - __NVIC_PRIO_BITS)) & 0xff);    }        /* set Priority for device specific Interrupts  */
   82b7a:	4f1b      	ldr	r7, [pc, #108]	; (82be8 <udd_enable+0xac>)
   82b7c:	f442 7280 	orr.w	r2, r2, #256	; 0x100
   82b80:	601a      	str	r2, [r3, #0]
   82b82:	f887 e31d 	strb.w	lr, [r7, #797]	; 0x31d
  NVIC->ISER[((uint32_t)(IRQn) >> 5)] = (1 << ((uint32_t)(IRQn) & 0x1F)); /* enable interrupt */
   82b86:	f8c7 c000 	str.w	ip, [r7]
	udd_high_speed_enable();
   82b8a:	f8d3 20e0 	ldr.w	r2, [r3, #224]	; 0xe0
	pmc_set_fast_startup_input(PMC_FSMR_USBAL);
   82b8e:	f44f 2080 	mov.w	r0, #262144	; 0x40000
	udd_high_speed_enable();
   82b92:	f022 0203 	bic.w	r2, r2, #3
   82b96:	f8c3 20e0 	str.w	r2, [r3, #224]	; 0xe0
	pmc_set_fast_startup_input(PMC_FSMR_USBAL);
   82b9a:	4b14      	ldr	r3, [pc, #80]	; (82bec <udd_enable+0xb0>)
   82b9c:	4798      	blx	r3
	udd_b_idle = false;
   82b9e:	4b14      	ldr	r3, [pc, #80]	; (82bf0 <udd_enable+0xb4>)
   82ba0:	701c      	strb	r4, [r3, #0]
  __ASM volatile ("MRS %0, primask" : "=r" (result) );
   82ba2:	f3ef 8110 	mrs	r1, PRIMASK
  __ASM volatile ("cpsid i");
   82ba6:	b672      	cpsid	i
   82ba8:	f3bf 8f5f 	dmb	sy
   82bac:	4a11      	ldr	r2, [pc, #68]	; (82bf4 <udd_enable+0xb8>)
   82bae:	702c      	strb	r4, [r5, #0]
   82bb0:	78d3      	ldrb	r3, [r2, #3]
   82bb2:	3301      	adds	r3, #1
   82bb4:	70d3      	strb	r3, [r2, #3]
	if (cpu_irq_is_enabled_flags(flags))
   82bb6:	b921      	cbnz	r1, 82bc2 <udd_enable+0x86>
		cpu_irq_enable();
   82bb8:	2301      	movs	r3, #1
   82bba:	702b      	strb	r3, [r5, #0]
   82bbc:	f3bf 8f5f 	dmb	sy
  __ASM volatile ("cpsie i");
   82bc0:	b662      	cpsie	i
	udd_attach();
   82bc2:	4b0d      	ldr	r3, [pc, #52]	; (82bf8 <udd_enable+0xbc>)
   82bc4:	4798      	blx	r3
	if (cpu_irq_is_enabled_flags(flags))
   82bc6:	b926      	cbnz	r6, 82bd2 <udd_enable+0x96>
		cpu_irq_enable();
   82bc8:	2301      	movs	r3, #1
   82bca:	702b      	strb	r3, [r5, #0]
   82bcc:	f3bf 8f5f 	dmb	sy
   82bd0:	b662      	cpsie	i
}
   82bd2:	bdf8      	pop	{r3, r4, r5, r6, r7, pc}
   82bd4:	00081c9d 	.word	0x00081c9d
   82bd8:	00081ab5 	.word	0x00081ab5
   82bdc:	20003680 	.word	0x20003680
   82be0:	20000304 	.word	0x20000304
   82be4:	400a4000 	.word	0x400a4000
   82be8:	e000e100 	.word	0xe000e100
   82bec:	00081afd 	.word	0x00081afd
   82bf0:	20003676 	.word	0x20003676
   82bf4:	20003668 	.word	0x20003668
   82bf8:	00082a6d 	.word	0x00082a6d

00082bfc <udd_detach>:
{
   82bfc:	b510      	push	{r4, lr}
	udd_enable_periph_ck();
   82bfe:	4b16      	ldr	r3, [pc, #88]	; (82c58 <udd_detach+0x5c>)
   82c00:	201d      	movs	r0, #29
   82c02:	4798      	blx	r3
	udd_detach_device();
   82c04:	4b15      	ldr	r3, [pc, #84]	; (82c5c <udd_detach+0x60>)
	udd_disable_periph_ck();
   82c06:	201d      	movs	r0, #29
	udd_detach_device();
   82c08:	681a      	ldr	r2, [r3, #0]
	udd_disable_periph_ck();
   82c0a:	4915      	ldr	r1, [pc, #84]	; (82c60 <udd_detach+0x64>)
	udd_detach_device();
   82c0c:	f442 7200 	orr.w	r2, r2, #512	; 0x200
   82c10:	601a      	str	r2, [r3, #0]
   82c12:	681a      	ldr	r2, [r3, #0]
   82c14:	f422 6200 	bic.w	r2, r2, #2048	; 0x800
   82c18:	601a      	str	r2, [r3, #0]
	udd_disable_periph_ck();
   82c1a:	4788      	blx	r1
	if (!b_idle && udd_b_idle) {
   82c1c:	4b11      	ldr	r3, [pc, #68]	; (82c64 <udd_detach+0x68>)
   82c1e:	781a      	ldrb	r2, [r3, #0]
   82c20:	b912      	cbnz	r2, 82c28 <udd_detach+0x2c>
	udd_b_idle = b_idle;
   82c22:	2200      	movs	r2, #0
   82c24:	701a      	strb	r2, [r3, #0]
}
   82c26:	bd10      	pop	{r4, pc}
  __ASM volatile ("MRS %0, primask" : "=r" (result) );
   82c28:	f3ef 8410 	mrs	r4, PRIMASK
  __ASM volatile ("cpsid i");
   82c2c:	b672      	cpsid	i
   82c2e:	f3bf 8f5f 	dmb	sy
	cpu_irq_disable();
   82c32:	f04f 0c00 	mov.w	ip, #0
	--sleepmgr_locks[mode];
   82c36:	490c      	ldr	r1, [pc, #48]	; (82c68 <udd_detach+0x6c>)
   82c38:	480c      	ldr	r0, [pc, #48]	; (82c6c <udd_detach+0x70>)
   82c3a:	788a      	ldrb	r2, [r1, #2]
   82c3c:	3a01      	subs	r2, #1
   82c3e:	708a      	strb	r2, [r1, #2]
   82c40:	f880 c000 	strb.w	ip, [r0]
	if (cpu_irq_is_enabled_flags(flags))
   82c44:	2c00      	cmp	r4, #0
   82c46:	d1ec      	bne.n	82c22 <udd_detach+0x26>
		cpu_irq_enable();
   82c48:	2201      	movs	r2, #1
   82c4a:	7002      	strb	r2, [r0, #0]
   82c4c:	f3bf 8f5f 	dmb	sy
  __ASM volatile ("cpsie i");
   82c50:	b662      	cpsie	i
	udd_b_idle = b_idle;
   82c52:	2200      	movs	r2, #0
   82c54:	701a      	strb	r2, [r3, #0]
}
   82c56:	bd10      	pop	{r4, pc}
   82c58:	00081ab5 	.word	0x00081ab5
   82c5c:	400a4000 	.word	0x400a4000
   82c60:	00081ad9 	.word	0x00081ad9
   82c64:	20003676 	.word	0x20003676
   82c68:	20003668 	.word	0x20003668
   82c6c:	20000304 	.word	0x20000304

00082c70 <udd_is_high_speed>:
	return !Is_udd_full_speed_mode();
   82c70:	4b02      	ldr	r3, [pc, #8]	; (82c7c <udd_is_high_speed+0xc>)
   82c72:	6958      	ldr	r0, [r3, #20]
}
   82c74:	f000 0001 	and.w	r0, r0, #1
   82c78:	4770      	bx	lr
   82c7a:	bf00      	nop
   82c7c:	400a4000 	.word	0x400a4000

00082c80 <udd_set_address>:
	udd_disable_address();
   82c80:	4b08      	ldr	r3, [pc, #32]	; (82ca4 <udd_set_address+0x24>)
	udd_configure_address(address);
   82c82:	f000 007f 	and.w	r0, r0, #127	; 0x7f
	udd_disable_address();
   82c86:	681a      	ldr	r2, [r3, #0]
   82c88:	f022 0280 	bic.w	r2, r2, #128	; 0x80
   82c8c:	601a      	str	r2, [r3, #0]
	udd_configure_address(address);
   82c8e:	681a      	ldr	r2, [r3, #0]
   82c90:	f022 027f 	bic.w	r2, r2, #127	; 0x7f
   82c94:	4302      	orrs	r2, r0
   82c96:	601a      	str	r2, [r3, #0]
	udd_enable_address();
   82c98:	681a      	ldr	r2, [r3, #0]
   82c9a:	f042 0280 	orr.w	r2, r2, #128	; 0x80
   82c9e:	601a      	str	r2, [r3, #0]
}
   82ca0:	4770      	bx	lr
   82ca2:	bf00      	nop
   82ca4:	400a4000 	.word	0x400a4000

00082ca8 <udd_getaddress>:
	return udd_get_configured_address();
   82ca8:	4b02      	ldr	r3, [pc, #8]	; (82cb4 <udd_getaddress+0xc>)
   82caa:	6818      	ldr	r0, [r3, #0]
}
   82cac:	f000 007f 	and.w	r0, r0, #127	; 0x7f
   82cb0:	4770      	bx	lr
   82cb2:	bf00      	nop
   82cb4:	400a4000 	.word	0x400a4000

00082cb8 <udd_get_frame_number>:
	return udd_frame_number();
   82cb8:	4b02      	ldr	r3, [pc, #8]	; (82cc4 <udd_get_frame_number+0xc>)
   82cba:	6858      	ldr	r0, [r3, #4]
}
   82cbc:	f3c0 00ca 	ubfx	r0, r0, #3, #11
   82cc0:	4770      	bx	lr
   82cc2:	bf00      	nop
   82cc4:	400a4000 	.word	0x400a4000

00082cc8 <udd_set_setup_payload>:
	udd_g_ctrlreq.payload = payload;
   82cc8:	4b01      	ldr	r3, [pc, #4]	; (82cd0 <udd_set_setup_payload+0x8>)
   82cca:	6098      	str	r0, [r3, #8]
	udd_g_ctrlreq.payload_size = payload_size;
   82ccc:	8199      	strh	r1, [r3, #12]
}
   82cce:	4770      	bx	lr
   82cd0:	200036b0 	.word	0x200036b0

00082cd4 <udd_ep_free>:
	uint8_t ep_index = ep & USB_EP_ADDR_MASK;
   82cd4:	f000 020f 	and.w	r2, r0, #15
	if (USB_DEVICE_MAX_EP < ep_index) {
   82cd8:	2a02      	cmp	r2, #2
   82cda:	d900      	bls.n	82cde <udd_ep_free+0xa>
   82cdc:	4770      	bx	lr
	udd_disable_endpoint(ep_index);
   82cde:	2101      	movs	r1, #1
{
   82ce0:	b538      	push	{r3, r4, r5, lr}
	udd_disable_endpoint(ep_index);
   82ce2:	0153      	lsls	r3, r2, #5
   82ce4:	f103 2540 	add.w	r5, r3, #1073758208	; 0x40004000
   82ce8:	f505 2520 	add.w	r5, r5, #655360	; 0xa0000
   82cec:	462b      	mov	r3, r5
	udd_ep_finish_job(&udd_ep_job[ep - 1], true, ep);
   82cee:	1e54      	subs	r4, r2, #1
	udd_disable_endpoint(ep_index);
   82cf0:	f8c5 1108 	str.w	r1, [r5, #264]	; 0x108
	udd_configure_endpoint_bank(ep_index, 0);
   82cf4:	f8d5 5100 	ldr.w	r5, [r5, #256]	; 0x100
	udd_ep_finish_job(&udd_ep_job[ep - 1], true, ep);
   82cf8:	eb04 0044 	add.w	r0, r4, r4, lsl #1
   82cfc:	4c07      	ldr	r4, [pc, #28]	; (82d1c <udd_ep_free+0x48>)
	udd_configure_endpoint_bank(ep_index, 0);
   82cfe:	f025 05c0 	bic.w	r5, r5, #192	; 0xc0
	udd_ep_finish_job(&udd_ep_job[ep - 1], true, ep);
   82d02:	eb04 04c0 	add.w	r4, r4, r0, lsl #3
	udd_configure_endpoint_bank(ep_index, 0);
   82d06:	f8c3 5100 	str.w	r5, [r3, #256]	; 0x100
	udd_ep_finish_job(&udd_ep_job[ep - 1], true, ep);
   82d0a:	4620      	mov	r0, r4
   82d0c:	4b04      	ldr	r3, [pc, #16]	; (82d20 <udd_ep_free+0x4c>)
   82d0e:	4798      	blx	r3
	udd_ep_job[ep_index - 1].stall_requested = false;
   82d10:	7d23      	ldrb	r3, [r4, #20]
   82d12:	f36f 0382 	bfc	r3, #2, #1
   82d16:	7523      	strb	r3, [r4, #20]
}
   82d18:	bd38      	pop	{r3, r4, r5, pc}
   82d1a:	bf00      	nop
   82d1c:	20003680 	.word	0x20003680
   82d20:	00081f45 	.word	0x00081f45

00082d24 <udd_ep_is_halted>:
	udd_ep_job_t *ptr_job = &udd_ep_job[ep_index - 1];
   82d24:	f000 000f 	and.w	r0, r0, #15
	return (Is_udd_endpoint_stall_requested(ep_index)
   82d28:	0143      	lsls	r3, r0, #5
   82d2a:	f103 2340 	add.w	r3, r3, #1073758208	; 0x40004000
   82d2e:	f503 2320 	add.w	r3, r3, #655360	; 0xa0000
   82d32:	f8d3 311c 	ldr.w	r3, [r3, #284]	; 0x11c
			|| ptr_job->stall_requested);
   82d36:	069b      	lsls	r3, r3, #26
   82d38:	d409      	bmi.n	82d4e <udd_ep_is_halted+0x2a>
   82d3a:	4b06      	ldr	r3, [pc, #24]	; (82d54 <udd_ep_is_halted+0x30>)
   82d3c:	3801      	subs	r0, #1
   82d3e:	eb00 0040 	add.w	r0, r0, r0, lsl #1
   82d42:	eb03 00c0 	add.w	r0, r3, r0, lsl #3
   82d46:	7d00      	ldrb	r0, [r0, #20]
   82d48:	f3c0 0080 	ubfx	r0, r0, #2, #1
   82d4c:	4770      	bx	lr
   82d4e:	2001      	movs	r0, #1
}
   82d50:	4770      	bx	lr
   82d52:	bf00      	nop
   82d54:	20003680 	.word	0x20003680

00082d58 <udd_ep_set_halt>:
	uint8_t ep_index = ep & USB_EP_ADDR_MASK;
   82d58:	f000 030f 	and.w	r3, r0, #15
	if (USB_DEVICE_MAX_EP < ep_index) {
   82d5c:	2b02      	cmp	r3, #2
   82d5e:	d82c      	bhi.n	82dba <udd_ep_set_halt+0x62>
{
   82d60:	b530      	push	{r4, r5, lr}
	if (Is_udd_endpoint_stall_requested(ep_index) // Endpoint stalled
   82d62:	4d25      	ldr	r5, [pc, #148]	; (82df8 <udd_ep_set_halt+0xa0>)
   82d64:	0159      	lsls	r1, r3, #5
   82d66:	eb05 1e43 	add.w	lr, r5, r3, lsl #5
   82d6a:	f8de 211c 	ldr.w	r2, [lr, #284]	; 0x11c
   82d6e:	0692      	lsls	r2, r2, #26
   82d70:	d421      	bmi.n	82db6 <udd_ep_set_halt+0x5e>
			|| ptr_job->stall_requested) { // Endpoint stall is requested
   82d72:	4c22      	ldr	r4, [pc, #136]	; (82dfc <udd_ep_set_halt+0xa4>)
	ptr_job = &udd_ep_job[ep_index - 1];
   82d74:	1e5a      	subs	r2, r3, #1
			|| ptr_job->stall_requested) { // Endpoint stall is requested
   82d76:	eb02 0242 	add.w	r2, r2, r2, lsl #1
   82d7a:	eb04 0cc2 	add.w	ip, r4, r2, lsl #3
   82d7e:	f89c 4014 	ldrb.w	r4, [ip, #20]
   82d82:	f014 0204 	ands.w	r2, r4, #4
   82d86:	d116      	bne.n	82db6 <udd_ep_set_halt+0x5e>
	if (ptr_job->busy == true) {
   82d88:	07e4      	lsls	r4, r4, #31
   82d8a:	d418      	bmi.n	82dbe <udd_ep_set_halt+0x66>
	if ((ep & USB_EP_DIR_IN) && (0 != udd_nb_busy_bank(ep_index))) {
   82d8c:	0602      	lsls	r2, r0, #24
   82d8e:	d418      	bmi.n	82dc2 <udd_ep_set_halt+0x6a>
	udd_ack_stall(ep_index);
   82d90:	f44f 5500 	mov.w	r5, #8192	; 0x2000
	udd_enable_stall_handshake(ep_index);
   82d94:	2420      	movs	r4, #32
	udd_disable_endpoint_bank_autoswitch(ep_index);
   82d96:	f101 2340 	add.w	r3, r1, #1073758208	; 0x40004000
   82d9a:	f503 2320 	add.w	r3, r3, #655360	; 0xa0000
   82d9e:	f8d3 2108 	ldr.w	r2, [r3, #264]	; 0x108
	return true;
   82da2:	2001      	movs	r0, #1
	udd_disable_endpoint_bank_autoswitch(ep_index);
   82da4:	f022 0202 	bic.w	r2, r2, #2
   82da8:	f8c3 2108 	str.w	r2, [r3, #264]	; 0x108
	udd_ack_stall(ep_index);
   82dac:	f8c3 5118 	str.w	r5, [r3, #280]	; 0x118
	udd_enable_stall_handshake(ep_index);
   82db0:	f8c3 4114 	str.w	r4, [r3, #276]	; 0x114
}
   82db4:	bd30      	pop	{r4, r5, pc}
		return true; // Already STALL
   82db6:	2001      	movs	r0, #1
}
   82db8:	bd30      	pop	{r4, r5, pc}
		return false;
   82dba:	2000      	movs	r0, #0
}
   82dbc:	4770      	bx	lr
		return false;
   82dbe:	4610      	mov	r0, r2
}
   82dc0:	bd30      	pop	{r4, r5, pc}
	if ((ep & USB_EP_DIR_IN) && (0 != udd_nb_busy_bank(ep_index))) {
   82dc2:	f8de 211c 	ldr.w	r2, [lr, #284]	; 0x11c
   82dc6:	f412 2f40 	tst.w	r2, #786432	; 0xc0000
   82dca:	d0e1      	beq.n	82d90 <udd_ep_set_halt+0x38>
			udd_enable_bank_interrupt(ep_index);
   82dcc:	f44f 2480 	mov.w	r4, #262144	; 0x40000
			udd_enable_endpoint_interrupt(ep_index);
   82dd0:	f44f 7280 	mov.w	r2, #256	; 0x100
			ptr_job->stall_requested = true;
   82dd4:	f89c 1014 	ldrb.w	r1, [ip, #20]
			return true;
   82dd8:	2001      	movs	r0, #1
			ptr_job->stall_requested = true;
   82dda:	f041 0104 	orr.w	r1, r1, #4
   82dde:	f88c 1014 	strb.w	r1, [ip, #20]
			udd_enable_bank_interrupt(ep_index);
   82de2:	f103 0108 	add.w	r1, r3, #8
   82de6:	eb05 1141 	add.w	r1, r5, r1, lsl #5
   82dea:	604c      	str	r4, [r1, #4]
			udd_enable_endpoint_interrupt(ep_index);
   82dec:	6929      	ldr	r1, [r5, #16]
   82dee:	fa02 f303 	lsl.w	r3, r2, r3
   82df2:	430b      	orrs	r3, r1
   82df4:	612b      	str	r3, [r5, #16]
}
   82df6:	bd30      	pop	{r4, r5, pc}
   82df8:	400a4000 	.word	0x400a4000
   82dfc:	20003680 	.word	0x20003680

00082e00 <udd_ep_clear_halt>:
	ep &= USB_EP_ADDR_MASK;
   82e00:	f000 000f 	and.w	r0, r0, #15
	if (USB_DEVICE_MAX_EP < ep)
   82e04:	2802      	cmp	r0, #2
   82e06:	d85a      	bhi.n	82ebe <udd_ep_clear_halt+0xbe>
{
   82e08:	b570      	push	{r4, r5, r6, lr}
	ptr_job = &udd_ep_job[ep - 1];
   82e0a:	f100 3cff 	add.w	ip, r0, #4294967295	; 0xffffffff
	if (ptr_job->stall_requested) {
   82e0e:	4c2d      	ldr	r4, [pc, #180]	; (82ec4 <udd_ep_clear_halt+0xc4>)
   82e10:	eb0c 014c 	add.w	r1, ip, ip, lsl #1
   82e14:	eb04 01c1 	add.w	r1, r4, r1, lsl #3
   82e18:	7d0b      	ldrb	r3, [r1, #20]
   82e1a:	ea4f 024c 	mov.w	r2, ip, lsl #1
   82e1e:	075d      	lsls	r5, r3, #29
   82e20:	d526      	bpl.n	82e70 <udd_ep_clear_halt+0x70>
		udd_disable_bank_interrupt(ep);
   82e22:	f44f 2680 	mov.w	r6, #262144	; 0x40000
		udd_disable_endpoint_interrupt(ep);
   82e26:	f44f 7e80 	mov.w	lr, #256	; 0x100
		ptr_job->stall_requested = false;
   82e2a:	7d0b      	ldrb	r3, [r1, #20]
		udd_disable_endpoint_interrupt(ep);
   82e2c:	fa0e fe00 	lsl.w	lr, lr, r0
		ptr_job->stall_requested = false;
   82e30:	f36f 0382 	bfc	r3, #2, #1
   82e34:	750b      	strb	r3, [r1, #20]
		udd_disable_bank_interrupt(ep);
   82e36:	4924      	ldr	r1, [pc, #144]	; (82ec8 <udd_ep_clear_halt+0xc8>)
   82e38:	0143      	lsls	r3, r0, #5
   82e3a:	eb01 1540 	add.w	r5, r1, r0, lsl #5
   82e3e:	f8c5 6108 	str.w	r6, [r5, #264]	; 0x108
		udd_disable_endpoint_interrupt(ep);
   82e42:	6908      	ldr	r0, [r1, #16]
   82e44:	ea20 000e 	bic.w	r0, r0, lr
   82e48:	6108      	str	r0, [r1, #16]
	if (Is_udd_endpoint_stall_requested(ep)) {
   82e4a:	f8d5 111c 	ldr.w	r1, [r5, #284]	; 0x11c
   82e4e:	068d      	lsls	r5, r1, #26
   82e50:	d417      	bmi.n	82e82 <udd_ep_clear_halt+0x82>
		if (ptr_job->busy == true) {
   82e52:	eb02 030c 	add.w	r3, r2, ip
   82e56:	eb04 02c3 	add.w	r2, r4, r3, lsl #3
   82e5a:	7d11      	ldrb	r1, [r2, #20]
   82e5c:	00db      	lsls	r3, r3, #3
   82e5e:	07c8      	lsls	r0, r1, #31
   82e60:	d504      	bpl.n	82e6c <udd_ep_clear_halt+0x6c>
			ptr_job->busy = false;
   82e62:	f36f 0100 	bfc	r1, #0, #1
			ptr_job->call_nohalt();
   82e66:	58e3      	ldr	r3, [r4, r3]
			ptr_job->busy = false;
   82e68:	7511      	strb	r1, [r2, #20]
			ptr_job->call_nohalt();
   82e6a:	4798      	blx	r3
	return true;
   82e6c:	2001      	movs	r0, #1
}
   82e6e:	bd70      	pop	{r4, r5, r6, pc}
	if (Is_udd_endpoint_stall_requested(ep)) {
   82e70:	0143      	lsls	r3, r0, #5
   82e72:	f103 2140 	add.w	r1, r3, #1073758208	; 0x40004000
   82e76:	f501 2120 	add.w	r1, r1, #655360	; 0xa0000
   82e7a:	f8d1 111c 	ldr.w	r1, [r1, #284]	; 0x11c
   82e7e:	0689      	lsls	r1, r1, #26
   82e80:	d5f4      	bpl.n	82e6c <udd_ep_clear_halt+0x6c>
		if (Is_udd_stall(ep)) {
   82e82:	f103 2140 	add.w	r1, r3, #1073758208	; 0x40004000
   82e86:	f501 2120 	add.w	r1, r1, #655360	; 0xa0000
   82e8a:	f8d1 011c 	ldr.w	r0, [r1, #284]	; 0x11c
   82e8e:	0486      	lsls	r6, r0, #18
   82e90:	d506      	bpl.n	82ea0 <udd_ep_clear_halt+0xa0>
			udd_ack_stall(ep);
   82e92:	f44f 5000 	mov.w	r0, #8192	; 0x2000
   82e96:	f8c1 0118 	str.w	r0, [r1, #280]	; 0x118
			udd_reset_data_toggle(ep);
   82e9a:	2040      	movs	r0, #64	; 0x40
   82e9c:	f8c1 0118 	str.w	r0, [r1, #280]	; 0x118
		udd_disable_stall_handshake(ep);
   82ea0:	2020      	movs	r0, #32
   82ea2:	f103 2140 	add.w	r1, r3, #1073758208	; 0x40004000
   82ea6:	f501 2120 	add.w	r1, r1, #655360	; 0xa0000
   82eaa:	460b      	mov	r3, r1
   82eac:	f8c1 0118 	str.w	r0, [r1, #280]	; 0x118
		udd_enable_endpoint_bank_autoswitch(ep);
   82eb0:	f8d1 1104 	ldr.w	r1, [r1, #260]	; 0x104
   82eb4:	f041 0102 	orr.w	r1, r1, #2
   82eb8:	f8c3 1104 	str.w	r1, [r3, #260]	; 0x104
	if (b_stall_cleared) {
   82ebc:	e7c9      	b.n	82e52 <udd_ep_clear_halt+0x52>
		return false;
   82ebe:	2000      	movs	r0, #0
}
   82ec0:	4770      	bx	lr
   82ec2:	bf00      	nop
   82ec4:	20003680 	.word	0x20003680
   82ec8:	400a4000 	.word	0x400a4000

00082ecc <udd_ep_run>:
	ep &= USB_EP_ADDR_MASK;
   82ecc:	f000 000f 	and.w	r0, r0, #15
	if (USB_DEVICE_MAX_EP < ep) {
   82ed0:	2802      	cmp	r0, #2
   82ed2:	d857      	bhi.n	82f84 <udd_ep_run+0xb8>
{
   82ed4:	e92d 41f0 	stmdb	sp!, {r4, r5, r6, r7, r8, lr}
	if ((!Is_udd_endpoint_enabled(ep))
   82ed8:	ea4f 1c40 	mov.w	ip, r0, lsl #5
   82edc:	f10c 2c40 	add.w	ip, ip, #1073758208	; 0x40004000
   82ee0:	f50c 2c20 	add.w	ip, ip, #655360	; 0xa0000
   82ee4:	f8dc 410c 	ldr.w	r4, [ip, #268]	; 0x10c
   82ee8:	07e5      	lsls	r5, r4, #31
   82eea:	d548      	bpl.n	82f7e <udd_ep_run+0xb2>
			|| Is_udd_endpoint_stall_requested(ep)
   82eec:	f8dc 411c 	ldr.w	r4, [ip, #284]	; 0x11c
   82ef0:	06a4      	lsls	r4, r4, #26
   82ef2:	d444      	bmi.n	82f7e <udd_ep_run+0xb2>
	ptr_job = &udd_ep_job[ep - 1];
   82ef4:	1e45      	subs	r5, r0, #1
			|| ptr_job->stall_requested) {
   82ef6:	4e28      	ldr	r6, [pc, #160]	; (82f98 <udd_ep_run+0xcc>)
   82ef8:	eb05 0c45 	add.w	ip, r5, r5, lsl #1
   82efc:	eb06 0ccc 	add.w	ip, r6, ip, lsl #3
   82f00:	f89c 4014 	ldrb.w	r4, [ip, #20]
   82f04:	006f      	lsls	r7, r5, #1
   82f06:	f014 0e04 	ands.w	lr, r4, #4
   82f0a:	d138      	bne.n	82f7e <udd_ep_run+0xb2>
  __ASM volatile ("MRS %0, primask" : "=r" (result) );
   82f0c:	f3ef 8410 	mrs	r4, PRIMASK
  __ASM volatile ("cpsid i");
   82f10:	b672      	cpsid	i
   82f12:	f3bf 8f5f 	dmb	sy
	cpu_irq_disable();
   82f16:	f8df 8084 	ldr.w	r8, [pc, #132]	; 82f9c <udd_ep_run+0xd0>
   82f1a:	f888 e000 	strb.w	lr, [r8]
	if (ptr_job->busy == true) {
   82f1e:	f89c e014 	ldrb.w	lr, [ip, #20]
   82f22:	f01e 0f01 	tst.w	lr, #1
   82f26:	d129      	bne.n	82f7c <udd_ep_run+0xb0>
	ptr_job->busy = true;
   82f28:	f89c e014 	ldrb.w	lr, [ip, #20]
   82f2c:	f04e 0e01 	orr.w	lr, lr, #1
   82f30:	f88c e014 	strb.w	lr, [ip, #20]
	if (cpu_irq_is_enabled_flags(flags))
   82f34:	b92c      	cbnz	r4, 82f42 <udd_ep_run+0x76>
		cpu_irq_enable();
   82f36:	2401      	movs	r4, #1
   82f38:	f888 4000 	strb.w	r4, [r8]
   82f3c:	f3bf 8f5f 	dmb	sy
  __ASM volatile ("cpsie i");
   82f40:	b662      	cpsie	i
	ptr_job->buf_cnt = 0;
   82f42:	f04f 0c00 	mov.w	ip, #0
	ptr_job->call_trans = callback;
   82f46:	f8dd e018 	ldr.w	lr, [sp, #24]
	ptr_job->buf = buf;
   82f4a:	197c      	adds	r4, r7, r5
	ptr_job->call_trans = callback;
   82f4c:	f846 e034 	str.w	lr, [r6, r4, lsl #3]
	ptr_job->buf = buf;
   82f50:	eb06 04c4 	add.w	r4, r6, r4, lsl #3
	ptr_job->buf_size = buf_size;
   82f54:	e9c4 2301 	strd	r2, r3, [r4, #4]
	ptr_job->buf_load = 0;
   82f58:	e9c4 cc03 	strd	ip, ip, [r4, #12]
	ptr_job->b_shortpacket = b_shortpacket || (buf_size == 0);
   82f5c:	b911      	cbnz	r1, 82f64 <udd_ep_run+0x98>
   82f5e:	fab3 f183 	clz	r1, r3
   82f62:	0949      	lsrs	r1, r1, #5
   82f64:	197b      	adds	r3, r7, r5
   82f66:	eb06 03c3 	add.w	r3, r6, r3, lsl #3
   82f6a:	7d1a      	ldrb	r2, [r3, #20]
   82f6c:	f361 0241 	bfi	r2, r1, #1, #1
   82f70:	751a      	strb	r2, [r3, #20]
	udd_ep_trans_done(ep);
   82f72:	490b      	ldr	r1, [pc, #44]	; (82fa0 <udd_ep_run+0xd4>)
   82f74:	4788      	blx	r1
	return true;
   82f76:	2001      	movs	r0, #1
}
   82f78:	e8bd 81f0 	ldmia.w	sp!, {r4, r5, r6, r7, r8, pc}
	if (cpu_irq_is_enabled_flags(flags))
   82f7c:	b124      	cbz	r4, 82f88 <udd_ep_run+0xbc>
		return false;
   82f7e:	2000      	movs	r0, #0
}
   82f80:	e8bd 81f0 	ldmia.w	sp!, {r4, r5, r6, r7, r8, pc}
		return false;
   82f84:	2000      	movs	r0, #0
}
   82f86:	4770      	bx	lr
		cpu_irq_enable();
   82f88:	2301      	movs	r3, #1
   82f8a:	f888 3000 	strb.w	r3, [r8]
   82f8e:	f3bf 8f5f 	dmb	sy
   82f92:	b662      	cpsie	i
		return false; // Job already on going
   82f94:	4620      	mov	r0, r4
}
   82f96:	e7f3      	b.n	82f80 <udd_ep_run+0xb4>
   82f98:	20003680 	.word	0x20003680
   82f9c:	20000304 	.word	0x20000304
   82fa0:	00081f85 	.word	0x00081f85

00082fa4 <udd_ep_alloc>:
{
   82fa4:	e92d 4ff0 	stmdb	sp!, {r4, r5, r6, r7, r8, r9, sl, fp, lr}
	ep = ep & USB_EP_ADDR_MASK;
   82fa8:	f000 040f 	and.w	r4, r0, #15
	if (ep > USB_DEVICE_MAX_EP) {
   82fac:	2c02      	cmp	r4, #2
{
   82fae:	b085      	sub	sp, #20
	if (ep > USB_DEVICE_MAX_EP) {
   82fb0:	f200 80d4 	bhi.w	8315c <udd_ep_alloc+0x1b8>
	if (Is_udd_endpoint_enabled(ep)) {
   82fb4:	0165      	lsls	r5, r4, #5
   82fb6:	f105 2640 	add.w	r6, r5, #1073758208	; 0x40004000
   82fba:	f506 2620 	add.w	r6, r6, #655360	; 0xa0000
   82fbe:	f8d6 710c 	ldr.w	r7, [r6, #268]	; 0x10c
   82fc2:	f017 0701 	ands.w	r7, r7, #1
   82fc6:	f040 80c9 	bne.w	8315c <udd_ep_alloc+0x1b8>
	switch (bmAttributes & USB_EP_TYPE_MASK) {
   82fca:	f001 0c03 	and.w	ip, r1, #3
   82fce:	f1bc 0f01 	cmp.w	ip, #1
   82fd2:	f000 80c7 	beq.w	83164 <udd_ep_alloc+0x1c0>
   82fd6:	f1ac 0c02 	sub.w	ip, ip, #2
   82fda:	f1bc 0f01 	cmp.w	ip, #1
   82fde:	f200 80bd 	bhi.w	8315c <udd_ep_alloc+0x1b8>
	} else if (MaxEndpointSize & (0x3u << 11)) {
   82fe2:	f412 5ec0 	ands.w	lr, r2, #6144	; 0x1800
   82fe6:	f040 80b9 	bne.w	8315c <udd_ep_alloc+0x1b8>
	uint8_t nb_bank, bank, nb_tran = 0, i;
   82fea:	46f4      	mov	ip, lr
	udd_configure_endpoint(ep, bmAttributes, (b_dir_in ? 1 : 0),
   82fec:	f105 2640 	add.w	r6, r5, #1073758208	; 0x40004000
   82ff0:	f506 2620 	add.w	r6, r6, #655360	; 0xa0000
   82ff4:	f8d6 3100 	ldr.w	r3, [r6, #256]	; 0x100
   82ff8:	f010 0f80 	tst.w	r0, #128	; 0x80
   82ffc:	bf18      	it	ne
   82ffe:	2708      	movne	r7, #8
   83000:	0109      	lsls	r1, r1, #4
   83002:	f423 737f 	bic.w	r3, r3, #1020	; 0x3fc
   83006:	f5b2 6f80 	cmp.w	r2, #1024	; 0x400
   8300a:	f001 0030 	and.w	r0, r1, #48	; 0x30
   8300e:	f023 0303 	bic.w	r3, r3, #3
   83012:	f080 80ba 	bcs.w	8318a <udd_ep_alloc+0x1e6>
   83016:	2a08      	cmp	r2, #8
   83018:	bf38      	it	cc
   8301a:	2208      	movcc	r2, #8
   8301c:	0052      	lsls	r2, r2, #1
   8301e:	3a01      	subs	r2, #1
   83020:	fab2 f282 	clz	r2, r2
   83024:	f1c2 021c 	rsb	r2, r2, #28
   83028:	f1be 0f00 	cmp.w	lr, #0
   8302c:	d001      	beq.n	83032 <udd_ep_alloc+0x8e>
   8302e:	ea40 200c 	orr.w	r0, r0, ip, lsl #8
   83032:	4303      	orrs	r3, r0
   83034:	433b      	orrs	r3, r7
   83036:	4313      	orrs	r3, r2
   83038:	f043 0340 	orr.w	r3, r3, #64	; 0x40
   8303c:	f8c6 3100 	str.w	r3, [r6, #256]	; 0x100
	if (!Is_udd_endpoint_mapped(ep)) {
   83040:	f8d6 3100 	ldr.w	r3, [r6, #256]	; 0x100
   83044:	2b00      	cmp	r3, #0
   83046:	f280 8089 	bge.w	8315c <udd_ep_alloc+0x1b8>
	udd_enable_endpoint(ep);
   8304a:	f04f 0c01 	mov.w	ip, #1
	for (i = USB_DEVICE_MAX_EP; i >= ep; i--) {
   8304e:	2302      	movs	r3, #2
	ep_allocated = 0;
   83050:	2500      	movs	r5, #0
		if (Is_udd_endpoint_enabled(i)) {
   83052:	4f5c      	ldr	r7, [pc, #368]	; (831c4 <udd_ep_alloc+0x220>)
	udd_enable_endpoint(ep);
   83054:	f8c6 c104 	str.w	ip, [r6, #260]	; 0x104
		if (Is_udd_endpoint_enabled(i)) {
   83058:	eb07 1043 	add.w	r0, r7, r3, lsl #5
   8305c:	f8d0 110c 	ldr.w	r1, [r0, #268]	; 0x10c
	for (i = USB_DEVICE_MAX_EP; i >= ep; i--) {
   83060:	1e5e      	subs	r6, r3, #1
		if (Is_udd_endpoint_enabled(i)) {
   83062:	07c9      	lsls	r1, r1, #31
   83064:	ea4f 1243 	mov.w	r2, r3, lsl #5
   83068:	d514      	bpl.n	83094 <udd_ep_alloc+0xf0>
   8306a:	f102 2240 	add.w	r2, r2, #1073758208	; 0x40004000
   8306e:	f502 2220 	add.w	r2, r2, #655360	; 0xa0000
			bank = udd_get_endpoint_bank(i);
   83072:	f8d2 1100 	ldr.w	r1, [r2, #256]	; 0x100
			ep_allocated |=  bank << (i * 2);
   83076:	005b      	lsls	r3, r3, #1
			udd_disable_endpoint(i);
   83078:	f8c0 c108 	str.w	ip, [r0, #264]	; 0x108
			ep_allocated |=  bank << (i * 2);
   8307c:	f3c1 1181 	ubfx	r1, r1, #6, #2
   83080:	fa01 f303 	lsl.w	r3, r1, r3
			udd_configure_endpoint_bank(i, 0);
   83084:	f8d2 1100 	ldr.w	r1, [r2, #256]	; 0x100
			ep_allocated |=  bank << (i * 2);
   83088:	432b      	orrs	r3, r5
			udd_configure_endpoint_bank(i, 0);
   8308a:	f021 01c0 	bic.w	r1, r1, #192	; 0xc0
			ep_allocated |=  bank << (i * 2);
   8308e:	b29d      	uxth	r5, r3
			udd_configure_endpoint_bank(i, 0);
   83090:	f8c2 1100 	str.w	r1, [r2, #256]	; 0x100
	for (i = USB_DEVICE_MAX_EP; i >= ep; i--) {
   83094:	b2f3      	uxtb	r3, r6
   83096:	429c      	cmp	r4, r3
   83098:	d9de      	bls.n	83058 <udd_ep_alloc+0xb4>
   8309a:	4f4b      	ldr	r7, [pc, #300]	; (831c8 <udd_ep_alloc+0x224>)
   8309c:	eb04 0644 	add.w	r6, r4, r4, lsl #1
   830a0:	b2e0      	uxtb	r0, r4
   830a2:	4686      	mov	lr, r0
   830a4:	eb07 06c6 	add.w	r6, r7, r6, lsl #3
   830a8:	e007      	b.n	830ba <udd_ep_alloc+0x116>
	for (i = ep; i <= USB_DEVICE_MAX_EP; i++) {
   830aa:	3401      	adds	r4, #1
   830ac:	fa5f fe84 	uxtb.w	lr, r4
   830b0:	f1be 0f02 	cmp.w	lr, #2
   830b4:	f106 0618 	add.w	r6, r6, #24
   830b8:	d869      	bhi.n	8318e <udd_ep_alloc+0x1ea>
		udd_enable_endpoint_bank_autoswitch(i);
   830ba:	f104 38ff 	add.w	r8, r4, #4294967295	; 0xffffffff
		bank = (ep_allocated >> (i * 2)) & 0x03;
   830be:	0062      	lsls	r2, r4, #1
		bool b_restart = ptr_job->busy;
   830c0:	eb08 0c48 	add.w	ip, r8, r8, lsl #1
		bank = (ep_allocated >> (i * 2)) & 0x03;
   830c4:	fa45 f202 	asr.w	r2, r5, r2
		bool b_restart = ptr_job->busy;
   830c8:	eb07 0ccc 	add.w	ip, r7, ip, lsl #3
   830cc:	ea4f 0348 	mov.w	r3, r8, lsl #1
		if (bank == 0) {
   830d0:	f012 0203 	ands.w	r2, r2, #3
   830d4:	46f3      	mov	fp, lr
		bool b_restart = ptr_job->busy;
   830d6:	f10c 0910 	add.w	r9, ip, #16
   830da:	9303      	str	r3, [sp, #12]
		if (bank == 0) {
   830dc:	d0e5      	beq.n	830aa <udd_ep_alloc+0x106>
   830de:	0163      	lsls	r3, r4, #5
   830e0:	f103 2340 	add.w	r3, r3, #1073758208	; 0x40004000
   830e4:	f503 2320 	add.w	r3, r3, #655360	; 0xa0000
		udd_configure_endpoint_bank(i, bank);
   830e8:	f8d3 1100 	ldr.w	r1, [r3, #256]	; 0x100
		bool b_restart = ptr_job->busy;
   830ec:	f89c 0014 	ldrb.w	r0, [ip, #20]
		udd_configure_endpoint_bank(i, bank);
   830f0:	f021 01c0 	bic.w	r1, r1, #192	; 0xc0
   830f4:	ea41 1282 	orr.w	r2, r1, r2, lsl #6
   830f8:	f8c3 2100 	str.w	r2, [r3, #256]	; 0x100
		udd_enable_endpoint(i);
   830fc:	2201      	movs	r2, #1
		ptr_job->busy = false;
   830fe:	4682      	mov	sl, r0
		udd_enable_endpoint(i);
   83100:	f8c3 2104 	str.w	r2, [r3, #260]	; 0x104
		if (!Is_udd_endpoint_mapped(i)) {
   83104:	f8d3 2100 	ldr.w	r2, [r3, #256]	; 0x100
		ptr_job->busy = false;
   83108:	f36f 0a00 	bfc	sl, #0, #1
		if (!Is_udd_endpoint_mapped(i)) {
   8310c:	2a00      	cmp	r2, #0
		bool b_restart = ptr_job->busy;
   8310e:	f000 0001 	and.w	r0, r0, #1
		ptr_job->busy = false;
   83112:	f889 a004 	strb.w	sl, [r9, #4]
		if (!Is_udd_endpoint_mapped(i)) {
   83116:	da3f      	bge.n	83198 <udd_ep_alloc+0x1f4>
		udd_enable_endpoint_bank_autoswitch(i);
   83118:	f8d3 2104 	ldr.w	r2, [r3, #260]	; 0x104
   8311c:	f042 0202 	orr.w	r2, r2, #2
   83120:	f8c3 2104 	str.w	r2, [r3, #260]	; 0x104
		if (b_restart) {
   83124:	2800      	cmp	r0, #0
   83126:	d0c0      	beq.n	830aa <udd_ep_alloc+0x106>
			ptr_job->buf_cnt -= ptr_job->buf_load;
   83128:	e956 3203 	ldrd	r3, r2, [r6, #-12]
			b_restart = udd_ep_run(i,
   8312c:	f856 1c10 	ldr.w	r1, [r6, #-16]
   83130:	f856 cc14 	ldr.w	ip, [r6, #-20]
   83134:	4411      	add	r1, r2
			ptr_job->buf_cnt -= ptr_job->buf_load;
   83136:	1a9a      	subs	r2, r3, r2
   83138:	f846 2c0c 	str.w	r2, [r6, #-12]
			b_restart = udd_ep_run(i,
   8313c:	1acb      	subs	r3, r1, r3
   8313e:	4462      	add	r2, ip
					ptr_job->b_shortpacket,
   83140:	f899 1004 	ldrb.w	r1, [r9, #4]
			b_restart = udd_ep_run(i,
   83144:	f856 cc18 	ldr.w	ip, [r6, #-24]
   83148:	4670      	mov	r0, lr
   8314a:	f8cd c000 	str.w	ip, [sp]
   8314e:	f3c1 0140 	ubfx	r1, r1, #1, #1
   83152:	f8df c078 	ldr.w	ip, [pc, #120]	; 831cc <udd_ep_alloc+0x228>
   83156:	47e0      	blx	ip
			if (!b_restart) {
   83158:	2800      	cmp	r0, #0
   8315a:	d1a6      	bne.n	830aa <udd_ep_alloc+0x106>
			return false;
   8315c:	2000      	movs	r0, #0
}
   8315e:	b005      	add	sp, #20
   83160:	e8bd 8ff0 	ldmia.w	sp!, {r4, r5, r6, r7, r8, r9, sl, fp, pc}
		b_iso_hbw = Is_udd_endpoint_high_bw_supported(ep);
   83164:	2c00      	cmp	r4, #0
   83166:	f43f af3c 	beq.w	82fe2 <udd_ep_alloc+0x3e>
		switch(MaxEndpointSize & (0x3u << 11)) {
   8316a:	f402 53c0 	and.w	r3, r2, #6144	; 0x1800
   8316e:	f5b3 6f00 	cmp.w	r3, #2048	; 0x800
   83172:	d00e      	beq.n	83192 <udd_ep_alloc+0x1ee>
			nb_tran = 3;
   83174:	f5b3 5f80 	cmp.w	r3, #4096	; 0x1000
   83178:	bf08      	it	eq
   8317a:	f04f 0c03 	moveq.w	ip, #3
		MaxEndpointSize &= ~(0x3u << 11);
   8317e:	f422 52c0 	bic.w	r2, r2, #6144	; 0x1800
   83182:	f04f 0e01 	mov.w	lr, #1
   83186:	b292      	uxth	r2, r2
   83188:	e730      	b.n	82fec <udd_ep_alloc+0x48>
   8318a:	2207      	movs	r2, #7
   8318c:	e74c      	b.n	83028 <udd_ep_alloc+0x84>
	return true;
   8318e:	2001      	movs	r0, #1
   83190:	e7e5      	b.n	8315e <udd_ep_alloc+0x1ba>
		switch(MaxEndpointSize & (0x3u << 11)) {
   83192:	f04f 0c02 	mov.w	ip, #2
   83196:	e7f2      	b.n	8317e <udd_ep_alloc+0x1da>
			if (NULL == ptr_job->call_trans) {
   83198:	f8dc 3000 	ldr.w	r3, [ip]
   8319c:	2b00      	cmp	r3, #0
   8319e:	d0dd      	beq.n	8315c <udd_ep_alloc+0x1b8>
			if (Is_udd_endpoint_in(i)) {
   831a0:	4a08      	ldr	r2, [pc, #32]	; (831c4 <udd_ep_alloc+0x220>)
   831a2:	3408      	adds	r4, #8
   831a4:	0164      	lsls	r4, r4, #5
   831a6:	5912      	ldr	r2, [r2, r4]
			ptr_job->call_trans(UDD_EP_TRANSFER_ABORT,
   831a8:	2001      	movs	r0, #1
			if (Is_udd_endpoint_in(i)) {
   831aa:	0712      	lsls	r2, r2, #28
			ptr_job->call_trans(UDD_EP_TRANSFER_ABORT,
   831ac:	9a03      	ldr	r2, [sp, #12]
				i |= USB_EP_DIR_IN;
   831ae:	bf48      	it	mi
   831b0:	f04e 0b80 	orrmi.w	fp, lr, #128	; 0x80
			ptr_job->call_trans(UDD_EP_TRANSFER_ABORT,
   831b4:	4442      	add	r2, r8
   831b6:	eb07 07c2 	add.w	r7, r7, r2, lsl #3
   831ba:	68f9      	ldr	r1, [r7, #12]
   831bc:	465a      	mov	r2, fp
   831be:	4798      	blx	r3
   831c0:	e7cc      	b.n	8315c <udd_ep_alloc+0x1b8>
   831c2:	bf00      	nop
   831c4:	400a4000 	.word	0x400a4000
   831c8:	20003680 	.word	0x20003680
   831cc:	00082ecd 	.word	0x00082ecd

000831d0 <udd_ep_abort>:
	udd_endpoint_dma_set_control(ep_index, 0);
   831d0:	2100      	movs	r1, #0
   831d2:	4b17      	ldr	r3, [pc, #92]	; (83230 <udd_ep_abort+0x60>)
	uint8_t ep_index = ep & USB_EP_ADDR_MASK;
   831d4:	f000 020f 	and.w	r2, r0, #15
	udd_endpoint_dma_set_control(ep_index, 0);
   831d8:	eb03 1302 	add.w	r3, r3, r2, lsl #4
	if (ep & USB_EP_DIR_IN) {
   831dc:	0600      	lsls	r0, r0, #24
{
   831de:	b410      	push	{r4}
	udd_endpoint_dma_set_control(ep_index, 0);
   831e0:	6099      	str	r1, [r3, #8]
	if (ep & USB_EP_DIR_IN) {
   831e2:	d40a      	bmi.n	831fa <udd_ep_abort+0x2a>
	udd_ep_finish_job(&udd_ep_job[ep - 1], true, ep);
   831e4:	4c13      	ldr	r4, [pc, #76]	; (83234 <udd_ep_abort+0x64>)
   831e6:	4814      	ldr	r0, [pc, #80]	; (83238 <udd_ep_abort+0x68>)
   831e8:	1e53      	subs	r3, r2, #1
   831ea:	eb03 0343 	add.w	r3, r3, r3, lsl #1
   831ee:	eb00 00c3 	add.w	r0, r0, r3, lsl #3
   831f2:	2101      	movs	r1, #1
   831f4:	4623      	mov	r3, r4
}
   831f6:	bc10      	pop	{r4}
	udd_ep_finish_job(&udd_ep_job[ep - 1], true, ep);
   831f8:	4718      	bx	r3
		for(;udd_nb_busy_bank(ep_index);) {
   831fa:	0153      	lsls	r3, r2, #5
   831fc:	f103 2340 	add.w	r3, r3, #1073758208	; 0x40004000
   83200:	f503 2320 	add.w	r3, r3, #655360	; 0xa0000
   83204:	f8d3 111c 	ldr.w	r1, [r3, #284]	; 0x11c
   83208:	f411 2f40 	tst.w	r1, #786432	; 0xc0000
   8320c:	d0ea      	beq.n	831e4 <udd_ep_abort+0x14>
			udd_kill_last_in_bank(ep_index);
   8320e:	f44f 7400 	mov.w	r4, #512	; 0x200
   83212:	f503 7c8a 	add.w	ip, r3, #276	; 0x114
   83216:	f8cc 4000 	str.w	r4, [ip]
			while(Is_udd_kill_last(ep_index));
   8321a:	f8d3 111c 	ldr.w	r1, [r3, #284]	; 0x11c
   8321e:	0589      	lsls	r1, r1, #22
   83220:	d4fb      	bmi.n	8321a <udd_ep_abort+0x4a>
		for(;udd_nb_busy_bank(ep_index);) {
   83222:	f8d3 111c 	ldr.w	r1, [r3, #284]	; 0x11c
   83226:	f411 2f40 	tst.w	r1, #786432	; 0xc0000
   8322a:	d1f4      	bne.n	83216 <udd_ep_abort+0x46>
   8322c:	e7da      	b.n	831e4 <udd_ep_abort+0x14>
   8322e:	bf00      	nop
   83230:	400a4300 	.word	0x400a4300
   83234:	00081f45 	.word	0x00081f45
   83238:	20003680 	.word	0x20003680

0008323c <udd_test_mode_j>:
	udd_enable_hs_test_mode();
   8323c:	4a07      	ldr	r2, [pc, #28]	; (8325c <udd_test_mode_j+0x20>)
   8323e:	f8d2 30e0 	ldr.w	r3, [r2, #224]	; 0xe0
   83242:	f023 0303 	bic.w	r3, r3, #3
   83246:	f043 0302 	orr.w	r3, r3, #2
   8324a:	f8c2 30e0 	str.w	r3, [r2, #224]	; 0xe0
	udd_enable_hs_test_mode_j();
   8324e:	f8d2 30e0 	ldr.w	r3, [r2, #224]	; 0xe0
   83252:	f043 0304 	orr.w	r3, r3, #4
   83256:	f8c2 30e0 	str.w	r3, [r2, #224]	; 0xe0
}
   8325a:	4770      	bx	lr
   8325c:	400a4000 	.word	0x400a4000

00083260 <udd_test_mode_k>:
	udd_enable_hs_test_mode();
   83260:	4a07      	ldr	r2, [pc, #28]	; (83280 <udd_test_mode_k+0x20>)
   83262:	f8d2 30e0 	ldr.w	r3, [r2, #224]	; 0xe0
   83266:	f023 0303 	bic.w	r3, r3, #3
   8326a:	f043 0302 	orr.w	r3, r3, #2
   8326e:	f8c2 30e0 	str.w	r3, [r2, #224]	; 0xe0
	udd_enable_hs_test_mode_k();
   83272:	f8d2 30e0 	ldr.w	r3, [r2, #224]	; 0xe0
   83276:	f043 0308 	orr.w	r3, r3, #8
   8327a:	f8c2 30e0 	str.w	r3, [r2, #224]	; 0xe0
}
   8327e:	4770      	bx	lr
   83280:	400a4000 	.word	0x400a4000

00083284 <udd_test_mode_se0_nak>:
	udd_enable_hs_test_mode();
   83284:	4a04      	ldr	r2, [pc, #16]	; (83298 <udd_test_mode_se0_nak+0x14>)
   83286:	f8d2 30e0 	ldr.w	r3, [r2, #224]	; 0xe0
   8328a:	f023 0303 	bic.w	r3, r3, #3
   8328e:	f043 0302 	orr.w	r3, r3, #2
   83292:	f8c2 30e0 	str.w	r3, [r2, #224]	; 0xe0
}
   83296:	4770      	bx	lr
   83298:	400a4000 	.word	0x400a4000

0008329c <udd_test_mode_packet>:
{
   8329c:	e92d 43f0 	stmdb	sp!, {r4, r5, r6, r7, r8, r9, lr}
   832a0:	b08f      	sub	sp, #60	; 0x3c
	const uint8_t test_packet[] = {
   832a2:	466e      	mov	r6, sp
	udd_disable_endpoint(0);
   832a4:	f04f 0901 	mov.w	r9, #1
	udd_enable_hs_test_mode_packet();
   832a8:	46ec      	mov	ip, sp
	const uint8_t test_packet[] = {
   832aa:	4f22      	ldr	r7, [pc, #136]	; (83334 <udd_test_mode_packet+0x98>)
	udd_disable_endpoint(0);
   832ac:	f8df 8088 	ldr.w	r8, [pc, #136]	; 83338 <udd_test_mode_packet+0x9c>
	const uint8_t test_packet[] = {
   832b0:	cf0f      	ldmia	r7!, {r0, r1, r2, r3}
   832b2:	c60f      	stmia	r6!, {r0, r1, r2, r3}
   832b4:	cf0f      	ldmia	r7!, {r0, r1, r2, r3}
   832b6:	c60f      	stmia	r6!, {r0, r1, r2, r3}
   832b8:	cf0f      	ldmia	r7!, {r0, r1, r2, r3}
   832ba:	c60f      	stmia	r6!, {r0, r1, r2, r3}
   832bc:	e897 0003 	ldmia.w	r7, {r0, r1}
   832c0:	f846 0b04 	str.w	r0, [r6], #4
   832c4:	7031      	strb	r1, [r6, #0]
	udd_disable_endpoint(0);
   832c6:	f8c8 9108 	str.w	r9, [r8, #264]	; 0x108
	udd_configure_endpoint(0, // endpoint number: 0
   832ca:	f8d8 3100 	ldr.w	r3, [r8, #256]	; 0x100
   832ce:	f1cc 5400 	rsb	r4, ip, #536870912	; 0x20000000
   832d2:	f423 737f 	bic.w	r3, r3, #1020	; 0x3fc
   832d6:	f023 0303 	bic.w	r3, r3, #3
   832da:	f043 036b 	orr.w	r3, r3, #107	; 0x6b
   832de:	f8c8 3100 	str.w	r3, [r8, #256]	; 0x100
	udd_enable_endpoint(0);
   832e2:	f8c8 9104 	str.w	r9, [r8, #260]	; 0x104
	udd_enable_hs_test_mode();
   832e6:	f8d8 30e0 	ldr.w	r3, [r8, #224]	; 0xe0
	udd_enable_hs_test_mode_packet();
   832ea:	f04f 0e00 	mov.w	lr, #0
	udd_enable_hs_test_mode();
   832ee:	f023 0303 	bic.w	r3, r3, #3
   832f2:	f043 0302 	orr.w	r3, r3, #2
   832f6:	f8c8 30e0 	str.w	r3, [r8, #224]	; 0xe0
	udd_enable_hs_test_mode_packet();
   832fa:	f8d8 30e0 	ldr.w	r3, [r8, #224]	; 0xe0
   832fe:	ad0d      	add	r5, sp, #52	; 0x34
   83300:	f043 0310 	orr.w	r3, r3, #16
   83304:	f504 14c0 	add.w	r4, r4, #1572864	; 0x180000
   83308:	f8c8 30e0 	str.w	r3, [r8, #224]	; 0xe0
	for (i = 0; i < sizeof(test_packet); i++) {
   8330c:	e001      	b.n	83312 <udd_test_mode_packet+0x76>
		*ptr_dest++ = *ptr_src++;
   8330e:	f81c ef01 	ldrb.w	lr, [ip, #1]!
	for (i = 0; i < sizeof(test_packet); i++) {
   83312:	45ac      	cmp	ip, r5
		*ptr_dest++ = *ptr_src++;
   83314:	f804 e00c 	strb.w	lr, [r4, ip]
	for (i = 0; i < sizeof(test_packet); i++) {
   83318:	d1f9      	bne.n	8330e <udd_test_mode_packet+0x72>
	udd_ack_in_send(0);
   8331a:	f44f 6180 	mov.w	r1, #1024	; 0x400
	udd_raise_tx_pkt_ready(0);
   8331e:	f44f 6200 	mov.w	r2, #2048	; 0x800
	udd_ack_in_send(0);
   83322:	4b05      	ldr	r3, [pc, #20]	; (83338 <udd_test_mode_packet+0x9c>)
   83324:	f8c3 1118 	str.w	r1, [r3, #280]	; 0x118
	udd_raise_tx_pkt_ready(0);
   83328:	f8c3 2114 	str.w	r2, [r3, #276]	; 0x114
}
   8332c:	b00f      	add	sp, #60	; 0x3c
   8332e:	e8bd 83f0 	ldmia.w	sp!, {r4, r5, r6, r7, r8, r9, pc}
   83332:	bf00      	nop
   83334:	0008af90 	.word	0x0008af90
   83338:	400a4000 	.word	0x400a4000

0008333c <usart_write>:
 *
 * \retval 0 on success.
 * \retval 1 on failure.
 */
uint32_t usart_write(Usart *p_usart, uint32_t c)
{
   8333c:	4603      	mov	r3, r0
	if (!(p_usart->US_CSR & US_CSR_TXRDY)) {
   8333e:	6942      	ldr	r2, [r0, #20]
   83340:	0792      	lsls	r2, r2, #30
		return 1;
	}

	p_usart->US_THR = US_THR_TXCHR(c);
   83342:	bf43      	ittte	mi
   83344:	f3c1 0108 	ubfxmi	r1, r1, #0, #9
	return 0;
   83348:	2000      	movmi	r0, #0
	p_usart->US_THR = US_THR_TXCHR(c);
   8334a:	61d9      	strmi	r1, [r3, #28]
		return 1;
   8334c:	2001      	movpl	r0, #1
}
   8334e:	4770      	bx	lr

00083350 <usart_read>:
 * \retval 0 on success.
 * \retval 1 if no data is available or errors.
 */
uint32_t usart_read(Usart *p_usart, uint32_t *c)
{
	if (!(p_usart->US_CSR & US_CSR_RXRDY)) {
   83350:	6943      	ldr	r3, [r0, #20]
   83352:	07db      	lsls	r3, r3, #31
   83354:	d505      	bpl.n	83362 <usart_read+0x12>
		return 1;
	}

	/* Read character */
	*c = p_usart->US_RHR & US_RHR_RXCHR_Msk;
   83356:	6983      	ldr	r3, [r0, #24]

	return 0;
   83358:	2000      	movs	r0, #0
	*c = p_usart->US_RHR & US_RHR_RXCHR_Msk;
   8335a:	f3c3 0308 	ubfx	r3, r3, #0, #9
   8335e:	600b      	str	r3, [r1, #0]
	return 0;
   83360:	4770      	bx	lr
		return 1;
   83362:	2001      	movs	r0, #1
}
   83364:	4770      	bx	lr
   83366:	bf00      	nop

00083368 <_write>:
int __attribute__((weak))
_write (int file, const char *ptr, int len)
{
	int nChars = 0;

	if ((file != 1) && (file != 2) && (file!=3)) {
   83368:	3801      	subs	r0, #1
   8336a:	2802      	cmp	r0, #2
   8336c:	d81a      	bhi.n	833a4 <_write+0x3c>
		return -1;
	}

	for (; len != 0; --len) {
   8336e:	b1da      	cbz	r2, 833a8 <_write+0x40>
{
   83370:	e92d 41f0 	stmdb	sp!, {r4, r5, r6, r7, r8, lr}
   83374:	460d      	mov	r5, r1
	for (; len != 0; --len) {
   83376:	4614      	mov	r4, r2
   83378:	4f0c      	ldr	r7, [pc, #48]	; (833ac <_write+0x44>)
   8337a:	f8df 8034 	ldr.w	r8, [pc, #52]	; 833b0 <_write+0x48>
   8337e:	1c56      	adds	r6, r2, #1
   83380:	e001      	b.n	83386 <_write+0x1e>
   83382:	3c01      	subs	r4, #1
   83384:	d00b      	beq.n	8339e <_write+0x36>
		if (ptr_put(stdio_base, *ptr++) < 0) {
   83386:	6838      	ldr	r0, [r7, #0]
   83388:	f8d8 3000 	ldr.w	r3, [r8]
   8338c:	f815 1b01 	ldrb.w	r1, [r5], #1
   83390:	4798      	blx	r3
   83392:	2800      	cmp	r0, #0
   83394:	eba6 0204 	sub.w	r2, r6, r4
   83398:	daf3      	bge.n	83382 <_write+0x1a>
		return -1;
   8339a:	f04f 32ff 	mov.w	r2, #4294967295	; 0xffffffff
			return -1;
		}
		++nChars;
	}
	return nChars;
}
   8339e:	4610      	mov	r0, r2
   833a0:	e8bd 81f0 	ldmia.w	sp!, {r4, r5, r6, r7, r8, pc}
		return -1;
   833a4:	f04f 32ff 	mov.w	r2, #4294967295	; 0xffffffff
}
   833a8:	4610      	mov	r0, r2
   833aa:	4770      	bx	lr
   833ac:	200036cc 	.word	0x200036cc
   833b0:	200036c8 	.word	0x200036c8

000833b4 <atexit>:
   833b4:	2300      	movs	r3, #0
   833b6:	4601      	mov	r1, r0
   833b8:	461a      	mov	r2, r3
   833ba:	4618      	mov	r0, r3
   833bc:	f002 bbe2 	b.w	85b84 <__register_exitproc>

000833c0 <__libc_fini_array>:
   833c0:	b538      	push	{r3, r4, r5, lr}
   833c2:	4b08      	ldr	r3, [pc, #32]	; (833e4 <__libc_fini_array+0x24>)
   833c4:	4d08      	ldr	r5, [pc, #32]	; (833e8 <__libc_fini_array+0x28>)
   833c6:	1b5b      	subs	r3, r3, r5
   833c8:	109c      	asrs	r4, r3, #2
   833ca:	d007      	beq.n	833dc <__libc_fini_array+0x1c>
   833cc:	3b04      	subs	r3, #4
   833ce:	441d      	add	r5, r3
   833d0:	3c01      	subs	r4, #1
   833d2:	f855 3904 	ldr.w	r3, [r5], #-4
   833d6:	4798      	blx	r3
   833d8:	2c00      	cmp	r4, #0
   833da:	d1f9      	bne.n	833d0 <__libc_fini_array+0x10>
   833dc:	e8bd 4038 	ldmia.w	sp!, {r3, r4, r5, lr}
   833e0:	f007 bfd6 	b.w	8b390 <_fini>
   833e4:	0008b3a0 	.word	0x0008b3a0
   833e8:	0008b39c 	.word	0x0008b39c

000833ec <__libc_init_array>:
   833ec:	b570      	push	{r4, r5, r6, lr}
   833ee:	4e0d      	ldr	r6, [pc, #52]	; (83424 <__libc_init_array+0x38>)
   833f0:	4d0d      	ldr	r5, [pc, #52]	; (83428 <__libc_init_array+0x3c>)
   833f2:	1b76      	subs	r6, r6, r5
   833f4:	10b6      	asrs	r6, r6, #2
   833f6:	d006      	beq.n	83406 <__libc_init_array+0x1a>
   833f8:	2400      	movs	r4, #0
   833fa:	f855 3b04 	ldr.w	r3, [r5], #4
   833fe:	3401      	adds	r4, #1
   83400:	4798      	blx	r3
   83402:	42a6      	cmp	r6, r4
   83404:	d1f9      	bne.n	833fa <__libc_init_array+0xe>
   83406:	4e09      	ldr	r6, [pc, #36]	; (8342c <__libc_init_array+0x40>)
   83408:	4d09      	ldr	r5, [pc, #36]	; (83430 <__libc_init_array+0x44>)
   8340a:	f007 ffb7 	bl	8b37c <_init>
   8340e:	1b76      	subs	r6, r6, r5
   83410:	10b6      	asrs	r6, r6, #2
   83412:	d006      	beq.n	83422 <__libc_init_array+0x36>
   83414:	2400      	movs	r4, #0
   83416:	f855 3b04 	ldr.w	r3, [r5], #4
   8341a:	3401      	adds	r4, #1
   8341c:	4798      	blx	r3
   8341e:	42a6      	cmp	r6, r4
   83420:	d1f9      	bne.n	83416 <__libc_init_array+0x2a>
   83422:	bd70      	pop	{r4, r5, r6, pc}
   83424:	0008b388 	.word	0x0008b388
   83428:	0008b388 	.word	0x0008b388
   8342c:	0008b390 	.word	0x0008b390
   83430:	0008b388 	.word	0x0008b388

00083434 <iprintf>:
   83434:	b40f      	push	{r0, r1, r2, r3}
   83436:	b500      	push	{lr}
   83438:	4a07      	ldr	r2, [pc, #28]	; (83458 <iprintf+0x24>)
   8343a:	b083      	sub	sp, #12
   8343c:	ab04      	add	r3, sp, #16
   8343e:	6810      	ldr	r0, [r2, #0]
   83440:	f853 2b04 	ldr.w	r2, [r3], #4
   83444:	6881      	ldr	r1, [r0, #8]
   83446:	9301      	str	r3, [sp, #4]
   83448:	f001 fcd4 	bl	84df4 <_vfiprintf_r>
   8344c:	b003      	add	sp, #12
   8344e:	f85d eb04 	ldr.w	lr, [sp], #4
   83452:	b004      	add	sp, #16
   83454:	4770      	bx	lr
   83456:	bf00      	nop
   83458:	200003b0 	.word	0x200003b0

0008345c <_iprintf_r>:
   8345c:	b40e      	push	{r1, r2, r3}
   8345e:	b500      	push	{lr}
   83460:	b082      	sub	sp, #8
   83462:	ab03      	add	r3, sp, #12
   83464:	f853 2b04 	ldr.w	r2, [r3], #4
   83468:	6881      	ldr	r1, [r0, #8]
   8346a:	9301      	str	r3, [sp, #4]
   8346c:	f001 fcc2 	bl	84df4 <_vfiprintf_r>
   83470:	b002      	add	sp, #8
   83472:	f85d eb04 	ldr.w	lr, [sp], #4
   83476:	b003      	add	sp, #12
   83478:	4770      	bx	lr
   8347a:	bf00      	nop

0008347c <memcpy>:
   8347c:	4684      	mov	ip, r0
   8347e:	ea41 0300 	orr.w	r3, r1, r0
   83482:	f013 0303 	ands.w	r3, r3, #3
   83486:	d149      	bne.n	8351c <memcpy+0xa0>
   83488:	3a40      	subs	r2, #64	; 0x40
   8348a:	d323      	bcc.n	834d4 <memcpy+0x58>
   8348c:	680b      	ldr	r3, [r1, #0]
   8348e:	6003      	str	r3, [r0, #0]
   83490:	684b      	ldr	r3, [r1, #4]
   83492:	6043      	str	r3, [r0, #4]
   83494:	688b      	ldr	r3, [r1, #8]
   83496:	6083      	str	r3, [r0, #8]
   83498:	68cb      	ldr	r3, [r1, #12]
   8349a:	60c3      	str	r3, [r0, #12]
   8349c:	690b      	ldr	r3, [r1, #16]
   8349e:	6103      	str	r3, [r0, #16]
   834a0:	694b      	ldr	r3, [r1, #20]
   834a2:	6143      	str	r3, [r0, #20]
   834a4:	698b      	ldr	r3, [r1, #24]
   834a6:	6183      	str	r3, [r0, #24]
   834a8:	69cb      	ldr	r3, [r1, #28]
   834aa:	61c3      	str	r3, [r0, #28]
   834ac:	6a0b      	ldr	r3, [r1, #32]
   834ae:	6203      	str	r3, [r0, #32]
   834b0:	6a4b      	ldr	r3, [r1, #36]	; 0x24
   834b2:	6243      	str	r3, [r0, #36]	; 0x24
   834b4:	6a8b      	ldr	r3, [r1, #40]	; 0x28
   834b6:	6283      	str	r3, [r0, #40]	; 0x28
   834b8:	6acb      	ldr	r3, [r1, #44]	; 0x2c
   834ba:	62c3      	str	r3, [r0, #44]	; 0x2c
   834bc:	6b0b      	ldr	r3, [r1, #48]	; 0x30
   834be:	6303      	str	r3, [r0, #48]	; 0x30
   834c0:	6b4b      	ldr	r3, [r1, #52]	; 0x34
   834c2:	6343      	str	r3, [r0, #52]	; 0x34
   834c4:	6b8b      	ldr	r3, [r1, #56]	; 0x38
   834c6:	6383      	str	r3, [r0, #56]	; 0x38
   834c8:	6bcb      	ldr	r3, [r1, #60]	; 0x3c
   834ca:	63c3      	str	r3, [r0, #60]	; 0x3c
   834cc:	3040      	adds	r0, #64	; 0x40
   834ce:	3140      	adds	r1, #64	; 0x40
   834d0:	3a40      	subs	r2, #64	; 0x40
   834d2:	d2db      	bcs.n	8348c <memcpy+0x10>
   834d4:	3230      	adds	r2, #48	; 0x30
   834d6:	d30b      	bcc.n	834f0 <memcpy+0x74>
   834d8:	680b      	ldr	r3, [r1, #0]
   834da:	6003      	str	r3, [r0, #0]
   834dc:	684b      	ldr	r3, [r1, #4]
   834de:	6043      	str	r3, [r0, #4]
   834e0:	688b      	ldr	r3, [r1, #8]
   834e2:	6083      	str	r3, [r0, #8]
   834e4:	68cb      	ldr	r3, [r1, #12]
   834e6:	60c3      	str	r3, [r0, #12]
   834e8:	3010      	adds	r0, #16
   834ea:	3110      	adds	r1, #16
   834ec:	3a10      	subs	r2, #16
   834ee:	d2f3      	bcs.n	834d8 <memcpy+0x5c>
   834f0:	320c      	adds	r2, #12
   834f2:	d305      	bcc.n	83500 <memcpy+0x84>
   834f4:	f851 3b04 	ldr.w	r3, [r1], #4
   834f8:	f840 3b04 	str.w	r3, [r0], #4
   834fc:	3a04      	subs	r2, #4
   834fe:	d2f9      	bcs.n	834f4 <memcpy+0x78>
   83500:	3204      	adds	r2, #4
   83502:	d008      	beq.n	83516 <memcpy+0x9a>
   83504:	07d2      	lsls	r2, r2, #31
   83506:	bf1c      	itt	ne
   83508:	f811 3b01 	ldrbne.w	r3, [r1], #1
   8350c:	f800 3b01 	strbne.w	r3, [r0], #1
   83510:	d301      	bcc.n	83516 <memcpy+0x9a>
   83512:	880b      	ldrh	r3, [r1, #0]
   83514:	8003      	strh	r3, [r0, #0]
   83516:	4660      	mov	r0, ip
   83518:	4770      	bx	lr
   8351a:	bf00      	nop
   8351c:	2a08      	cmp	r2, #8
   8351e:	d313      	bcc.n	83548 <memcpy+0xcc>
   83520:	078b      	lsls	r3, r1, #30
   83522:	d0b1      	beq.n	83488 <memcpy+0xc>
   83524:	f010 0303 	ands.w	r3, r0, #3
   83528:	d0ae      	beq.n	83488 <memcpy+0xc>
   8352a:	f1c3 0304 	rsb	r3, r3, #4
   8352e:	1ad2      	subs	r2, r2, r3
   83530:	07db      	lsls	r3, r3, #31
   83532:	bf1c      	itt	ne
   83534:	f811 3b01 	ldrbne.w	r3, [r1], #1
   83538:	f800 3b01 	strbne.w	r3, [r0], #1
   8353c:	d3a4      	bcc.n	83488 <memcpy+0xc>
   8353e:	f831 3b02 	ldrh.w	r3, [r1], #2
   83542:	f820 3b02 	strh.w	r3, [r0], #2
   83546:	e79f      	b.n	83488 <memcpy+0xc>
   83548:	3a04      	subs	r2, #4
   8354a:	d3d9      	bcc.n	83500 <memcpy+0x84>
   8354c:	3a01      	subs	r2, #1
   8354e:	f811 3b01 	ldrb.w	r3, [r1], #1
   83552:	f800 3b01 	strb.w	r3, [r0], #1
   83556:	d2f9      	bcs.n	8354c <memcpy+0xd0>
   83558:	780b      	ldrb	r3, [r1, #0]
   8355a:	7003      	strb	r3, [r0, #0]
   8355c:	784b      	ldrb	r3, [r1, #1]
   8355e:	7043      	strb	r3, [r0, #1]
   83560:	788b      	ldrb	r3, [r1, #2]
   83562:	7083      	strb	r3, [r0, #2]
   83564:	4660      	mov	r0, ip
   83566:	4770      	bx	lr

00083568 <memset>:
   83568:	0783      	lsls	r3, r0, #30
   8356a:	b530      	push	{r4, r5, lr}
   8356c:	d048      	beq.n	83600 <memset+0x98>
   8356e:	1e54      	subs	r4, r2, #1
   83570:	2a00      	cmp	r2, #0
   83572:	d03f      	beq.n	835f4 <memset+0x8c>
   83574:	4603      	mov	r3, r0
   83576:	b2ca      	uxtb	r2, r1
   83578:	e001      	b.n	8357e <memset+0x16>
   8357a:	3c01      	subs	r4, #1
   8357c:	d33a      	bcc.n	835f4 <memset+0x8c>
   8357e:	f803 2b01 	strb.w	r2, [r3], #1
   83582:	079d      	lsls	r5, r3, #30
   83584:	d1f9      	bne.n	8357a <memset+0x12>
   83586:	2c03      	cmp	r4, #3
   83588:	d92d      	bls.n	835e6 <memset+0x7e>
   8358a:	b2cd      	uxtb	r5, r1
   8358c:	ea45 2505 	orr.w	r5, r5, r5, lsl #8
   83590:	2c0f      	cmp	r4, #15
   83592:	ea45 4505 	orr.w	r5, r5, r5, lsl #16
   83596:	d936      	bls.n	83606 <memset+0x9e>
   83598:	f1a4 0210 	sub.w	r2, r4, #16
   8359c:	f022 0c0f 	bic.w	ip, r2, #15
   835a0:	f103 0e20 	add.w	lr, r3, #32
   835a4:	44e6      	add	lr, ip
   835a6:	ea4f 1c12 	mov.w	ip, r2, lsr #4
   835aa:	f103 0210 	add.w	r2, r3, #16
   835ae:	e942 5504 	strd	r5, r5, [r2, #-16]
   835b2:	e942 5502 	strd	r5, r5, [r2, #-8]
   835b6:	3210      	adds	r2, #16
   835b8:	4572      	cmp	r2, lr
   835ba:	d1f8      	bne.n	835ae <memset+0x46>
   835bc:	f10c 0201 	add.w	r2, ip, #1
   835c0:	f014 0f0c 	tst.w	r4, #12
   835c4:	eb03 1202 	add.w	r2, r3, r2, lsl #4
   835c8:	f004 0c0f 	and.w	ip, r4, #15
   835cc:	d013      	beq.n	835f6 <memset+0x8e>
   835ce:	f1ac 0304 	sub.w	r3, ip, #4
   835d2:	f023 0303 	bic.w	r3, r3, #3
   835d6:	3304      	adds	r3, #4
   835d8:	4413      	add	r3, r2
   835da:	f842 5b04 	str.w	r5, [r2], #4
   835de:	4293      	cmp	r3, r2
   835e0:	d1fb      	bne.n	835da <memset+0x72>
   835e2:	f00c 0403 	and.w	r4, ip, #3
   835e6:	b12c      	cbz	r4, 835f4 <memset+0x8c>
   835e8:	b2ca      	uxtb	r2, r1
   835ea:	441c      	add	r4, r3
   835ec:	f803 2b01 	strb.w	r2, [r3], #1
   835f0:	429c      	cmp	r4, r3
   835f2:	d1fb      	bne.n	835ec <memset+0x84>
   835f4:	bd30      	pop	{r4, r5, pc}
   835f6:	4664      	mov	r4, ip
   835f8:	4613      	mov	r3, r2
   835fa:	2c00      	cmp	r4, #0
   835fc:	d1f4      	bne.n	835e8 <memset+0x80>
   835fe:	e7f9      	b.n	835f4 <memset+0x8c>
   83600:	4603      	mov	r3, r0
   83602:	4614      	mov	r4, r2
   83604:	e7bf      	b.n	83586 <memset+0x1e>
   83606:	461a      	mov	r2, r3
   83608:	46a4      	mov	ip, r4
   8360a:	e7e0      	b.n	835ce <memset+0x66>

0008360c <setbuf>:
   8360c:	2900      	cmp	r1, #0
   8360e:	f44f 6380 	mov.w	r3, #1024	; 0x400
   83612:	bf0c      	ite	eq
   83614:	2202      	moveq	r2, #2
   83616:	2200      	movne	r2, #0
   83618:	f000 b800 	b.w	8361c <setvbuf>

0008361c <setvbuf>:
   8361c:	e92d 43f0 	stmdb	sp!, {r4, r5, r6, r7, r8, r9, lr}
   83620:	4c59      	ldr	r4, [pc, #356]	; (83788 <setvbuf+0x16c>)
   83622:	460e      	mov	r6, r1
   83624:	f8d4 8000 	ldr.w	r8, [r4]
   83628:	4617      	mov	r7, r2
   8362a:	4604      	mov	r4, r0
   8362c:	461d      	mov	r5, r3
   8362e:	b083      	sub	sp, #12
   83630:	f1b8 0f00 	cmp.w	r8, #0
   83634:	d003      	beq.n	8363e <setvbuf+0x22>
   83636:	f8d8 3038 	ldr.w	r3, [r8, #56]	; 0x38
   8363a:	2b00      	cmp	r3, #0
   8363c:	d066      	beq.n	8370c <setvbuf+0xf0>
   8363e:	2f02      	cmp	r7, #2
   83640:	d005      	beq.n	8364e <setvbuf+0x32>
   83642:	2f01      	cmp	r7, #1
   83644:	f200 808d 	bhi.w	83762 <setvbuf+0x146>
   83648:	2d00      	cmp	r5, #0
   8364a:	f2c0 808a 	blt.w	83762 <setvbuf+0x146>
   8364e:	4621      	mov	r1, r4
   83650:	4640      	mov	r0, r8
   83652:	f003 fb61 	bl	86d18 <_fflush_r>
   83656:	6b21      	ldr	r1, [r4, #48]	; 0x30
   83658:	b141      	cbz	r1, 8366c <setvbuf+0x50>
   8365a:	f104 0340 	add.w	r3, r4, #64	; 0x40
   8365e:	4299      	cmp	r1, r3
   83660:	d002      	beq.n	83668 <setvbuf+0x4c>
   83662:	4640      	mov	r0, r8
   83664:	f003 fd72 	bl	8714c <_free_r>
   83668:	2300      	movs	r3, #0
   8366a:	6323      	str	r3, [r4, #48]	; 0x30
   8366c:	2300      	movs	r3, #0
   8366e:	f9b4 c00c 	ldrsh.w	ip, [r4, #12]
   83672:	61a3      	str	r3, [r4, #24]
   83674:	f01c 0f80 	tst.w	ip, #128	; 0x80
   83678:	6063      	str	r3, [r4, #4]
   8367a:	d150      	bne.n	8371e <setvbuf+0x102>
   8367c:	f42c 6c4a 	bic.w	ip, ip, #3232	; 0xca0
   83680:	f02c 0c03 	bic.w	ip, ip, #3
   83684:	2f02      	cmp	r7, #2
   83686:	f8a4 c00c 	strh.w	ip, [r4, #12]
   8368a:	d056      	beq.n	8373a <setvbuf+0x11e>
   8368c:	ab01      	add	r3, sp, #4
   8368e:	4621      	mov	r1, r4
   83690:	4640      	mov	r0, r8
   83692:	466a      	mov	r2, sp
   83694:	f004 f8d6 	bl	87844 <__swhatbuf_r>
   83698:	89a3      	ldrh	r3, [r4, #12]
   8369a:	4318      	orrs	r0, r3
   8369c:	81a0      	strh	r0, [r4, #12]
   8369e:	b315      	cbz	r5, 836e6 <setvbuf+0xca>
   836a0:	b316      	cbz	r6, 836e8 <setvbuf+0xcc>
   836a2:	f8d8 3038 	ldr.w	r3, [r8, #56]	; 0x38
   836a6:	b36b      	cbz	r3, 83704 <setvbuf+0xe8>
   836a8:	9b00      	ldr	r3, [sp, #0]
   836aa:	e9c4 6504 	strd	r6, r5, [r4, #16]
   836ae:	42ab      	cmp	r3, r5
   836b0:	f9b4 300c 	ldrsh.w	r3, [r4, #12]
   836b4:	6026      	str	r6, [r4, #0]
   836b6:	bf1c      	itt	ne
   836b8:	f443 6300 	orrne.w	r3, r3, #2048	; 0x800
   836bc:	81a3      	strhne	r3, [r4, #12]
   836be:	2f01      	cmp	r7, #1
   836c0:	bf04      	itt	eq
   836c2:	f043 0301 	orreq.w	r3, r3, #1
   836c6:	81a3      	strheq	r3, [r4, #12]
   836c8:	b298      	uxth	r0, r3
   836ca:	f013 0308 	ands.w	r3, r3, #8
   836ce:	d021      	beq.n	83714 <setvbuf+0xf8>
   836d0:	f010 0001 	ands.w	r0, r0, #1
   836d4:	d041      	beq.n	8375a <setvbuf+0x13e>
   836d6:	2200      	movs	r2, #0
   836d8:	4610      	mov	r0, r2
   836da:	426d      	negs	r5, r5
   836dc:	61a5      	str	r5, [r4, #24]
   836de:	60a2      	str	r2, [r4, #8]
   836e0:	b003      	add	sp, #12
   836e2:	e8bd 83f0 	ldmia.w	sp!, {r4, r5, r6, r7, r8, r9, pc}
   836e6:	9d00      	ldr	r5, [sp, #0]
   836e8:	4628      	mov	r0, r5
   836ea:	f004 f8db 	bl	878a4 <malloc>
   836ee:	4606      	mov	r6, r0
   836f0:	2800      	cmp	r0, #0
   836f2:	d039      	beq.n	83768 <setvbuf+0x14c>
   836f4:	89a3      	ldrh	r3, [r4, #12]
   836f6:	f043 0380 	orr.w	r3, r3, #128	; 0x80
   836fa:	81a3      	strh	r3, [r4, #12]
   836fc:	f8d8 3038 	ldr.w	r3, [r8, #56]	; 0x38
   83700:	2b00      	cmp	r3, #0
   83702:	d1d1      	bne.n	836a8 <setvbuf+0x8c>
   83704:	4640      	mov	r0, r8
   83706:	f003 fc2f 	bl	86f68 <__sinit>
   8370a:	e7cd      	b.n	836a8 <setvbuf+0x8c>
   8370c:	4640      	mov	r0, r8
   8370e:	f003 fc2b 	bl	86f68 <__sinit>
   83712:	e794      	b.n	8363e <setvbuf+0x22>
   83714:	4618      	mov	r0, r3
   83716:	60a3      	str	r3, [r4, #8]
   83718:	b003      	add	sp, #12
   8371a:	e8bd 83f0 	ldmia.w	sp!, {r4, r5, r6, r7, r8, r9, pc}
   8371e:	4640      	mov	r0, r8
   83720:	6921      	ldr	r1, [r4, #16]
   83722:	f003 fd13 	bl	8714c <_free_r>
   83726:	f9b4 c00c 	ldrsh.w	ip, [r4, #12]
   8372a:	2f02      	cmp	r7, #2
   8372c:	f42c 6c4a 	bic.w	ip, ip, #3232	; 0xca0
   83730:	f02c 0c03 	bic.w	ip, ip, #3
   83734:	f8a4 c00c 	strh.w	ip, [r4, #12]
   83738:	d1a8      	bne.n	8368c <setvbuf+0x70>
   8373a:	2000      	movs	r0, #0
   8373c:	2100      	movs	r1, #0
   8373e:	2201      	movs	r2, #1
   83740:	f104 0343 	add.w	r3, r4, #67	; 0x43
   83744:	f04c 0c02 	orr.w	ip, ip, #2
   83748:	f8a4 c00c 	strh.w	ip, [r4, #12]
   8374c:	6023      	str	r3, [r4, #0]
   8374e:	6123      	str	r3, [r4, #16]
   83750:	60a1      	str	r1, [r4, #8]
   83752:	6162      	str	r2, [r4, #20]
   83754:	b003      	add	sp, #12
   83756:	e8bd 83f0 	ldmia.w	sp!, {r4, r5, r6, r7, r8, r9, pc}
   8375a:	60a5      	str	r5, [r4, #8]
   8375c:	b003      	add	sp, #12
   8375e:	e8bd 83f0 	ldmia.w	sp!, {r4, r5, r6, r7, r8, r9, pc}
   83762:	f04f 30ff 	mov.w	r0, #4294967295	; 0xffffffff
   83766:	e7d7      	b.n	83718 <setvbuf+0xfc>
   83768:	f8dd 9000 	ldr.w	r9, [sp]
   8376c:	45a9      	cmp	r9, r5
   8376e:	d004      	beq.n	8377a <setvbuf+0x15e>
   83770:	4648      	mov	r0, r9
   83772:	f004 f897 	bl	878a4 <malloc>
   83776:	4606      	mov	r6, r0
   83778:	b920      	cbnz	r0, 83784 <setvbuf+0x168>
   8377a:	f04f 30ff 	mov.w	r0, #4294967295	; 0xffffffff
   8377e:	f9b4 c00c 	ldrsh.w	ip, [r4, #12]
   83782:	e7db      	b.n	8373c <setvbuf+0x120>
   83784:	464d      	mov	r5, r9
   83786:	e7b5      	b.n	836f4 <setvbuf+0xd8>
   83788:	200003b0 	.word	0x200003b0

0008378c <_sprintf_r>:
   8378c:	b40c      	push	{r2, r3}
   8378e:	b530      	push	{r4, r5, lr}
   83790:	460c      	mov	r4, r1
   83792:	f06f 4500 	mvn.w	r5, #2147483648	; 0x80000000
   83796:	b09d      	sub	sp, #116	; 0x74
   83798:	4a0a      	ldr	r2, [pc, #40]	; (837c4 <_sprintf_r+0x38>)
   8379a:	ab20      	add	r3, sp, #128	; 0x80
   8379c:	9205      	str	r2, [sp, #20]
   8379e:	f853 2b04 	ldr.w	r2, [r3], #4
   837a2:	a902      	add	r1, sp, #8
   837a4:	e9cd 3401 	strd	r3, r4, [sp, #4]
   837a8:	9507      	str	r5, [sp, #28]
   837aa:	9504      	str	r5, [sp, #16]
   837ac:	9406      	str	r4, [sp, #24]
   837ae:	f000 f88f 	bl	838d0 <_svfprintf_r>
   837b2:	2200      	movs	r2, #0
   837b4:	9b02      	ldr	r3, [sp, #8]
   837b6:	701a      	strb	r2, [r3, #0]
   837b8:	b01d      	add	sp, #116	; 0x74
   837ba:	e8bd 4030 	ldmia.w	sp!, {r4, r5, lr}
   837be:	b002      	add	sp, #8
   837c0:	4770      	bx	lr
   837c2:	bf00      	nop
   837c4:	ffff0208 	.word	0xffff0208

000837c8 <sprintf>:
   837c8:	b40e      	push	{r1, r2, r3}
   837ca:	b530      	push	{r4, r5, lr}
   837cc:	4604      	mov	r4, r0
   837ce:	f06f 4500 	mvn.w	r5, #2147483648	; 0x80000000
   837d2:	b09c      	sub	sp, #112	; 0x70
   837d4:	4a0b      	ldr	r2, [pc, #44]	; (83804 <sprintf+0x3c>)
   837d6:	ab1f      	add	r3, sp, #124	; 0x7c
   837d8:	490b      	ldr	r1, [pc, #44]	; (83808 <sprintf+0x40>)
   837da:	9205      	str	r2, [sp, #20]
   837dc:	f853 2b04 	ldr.w	r2, [r3], #4
   837e0:	6808      	ldr	r0, [r1, #0]
   837e2:	a902      	add	r1, sp, #8
   837e4:	e9cd 3401 	strd	r3, r4, [sp, #4]
   837e8:	9507      	str	r5, [sp, #28]
   837ea:	9504      	str	r5, [sp, #16]
   837ec:	9406      	str	r4, [sp, #24]
   837ee:	f000 f86f 	bl	838d0 <_svfprintf_r>
   837f2:	2200      	movs	r2, #0
   837f4:	9b02      	ldr	r3, [sp, #8]
   837f6:	701a      	strb	r2, [r3, #0]
   837f8:	b01c      	add	sp, #112	; 0x70
   837fa:	e8bd 4030 	ldmia.w	sp!, {r4, r5, lr}
   837fe:	b003      	add	sp, #12
   83800:	4770      	bx	lr
   83802:	bf00      	nop
   83804:	ffff0208 	.word	0xffff0208
   83808:	200003b0 	.word	0x200003b0

0008380c <strlen>:
   8380c:	f020 0103 	bic.w	r1, r0, #3
   83810:	f010 0003 	ands.w	r0, r0, #3
   83814:	f1c0 0000 	rsb	r0, r0, #0
   83818:	f851 3b04 	ldr.w	r3, [r1], #4
   8381c:	f100 0c04 	add.w	ip, r0, #4
   83820:	ea4f 0ccc 	mov.w	ip, ip, lsl #3
   83824:	f06f 0200 	mvn.w	r2, #0
   83828:	bf1c      	itt	ne
   8382a:	fa22 f20c 	lsrne.w	r2, r2, ip
   8382e:	4313      	orrne	r3, r2
   83830:	f04f 0c01 	mov.w	ip, #1
   83834:	ea4c 2c0c 	orr.w	ip, ip, ip, lsl #8
   83838:	ea4c 4c0c 	orr.w	ip, ip, ip, lsl #16
   8383c:	eba3 020c 	sub.w	r2, r3, ip
   83840:	ea22 0203 	bic.w	r2, r2, r3
   83844:	ea12 12cc 	ands.w	r2, r2, ip, lsl #7
   83848:	bf04      	itt	eq
   8384a:	f851 3b04 	ldreq.w	r3, [r1], #4
   8384e:	3004      	addeq	r0, #4
   83850:	d0f4      	beq.n	8383c <strlen+0x30>
   83852:	f1c2 0100 	rsb	r1, r2, #0
   83856:	ea02 0201 	and.w	r2, r2, r1
   8385a:	fab2 f282 	clz	r2, r2
   8385e:	f1c2 021f 	rsb	r2, r2, #31
   83862:	eb00 00d2 	add.w	r0, r0, r2, lsr #3
   83866:	4770      	bx	lr

00083868 <strncpy>:
   83868:	b530      	push	{r4, r5, lr}
   8386a:	ea40 0401 	orr.w	r4, r0, r1
   8386e:	07a3      	lsls	r3, r4, #30
   83870:	d122      	bne.n	838b8 <strncpy+0x50>
   83872:	2a03      	cmp	r2, #3
   83874:	d920      	bls.n	838b8 <strncpy+0x50>
   83876:	460b      	mov	r3, r1
   83878:	4684      	mov	ip, r0
   8387a:	4619      	mov	r1, r3
   8387c:	f853 5b04 	ldr.w	r5, [r3], #4
   83880:	f1a5 3401 	sub.w	r4, r5, #16843009	; 0x1010101
   83884:	ea24 0405 	bic.w	r4, r4, r5
   83888:	f014 3f80 	tst.w	r4, #2155905152	; 0x80808080
   8388c:	d115      	bne.n	838ba <strncpy+0x52>
   8388e:	3a04      	subs	r2, #4
   83890:	2a03      	cmp	r2, #3
   83892:	4619      	mov	r1, r3
   83894:	f84c 5b04 	str.w	r5, [ip], #4
   83898:	d8ef      	bhi.n	8387a <strncpy+0x12>
   8389a:	f101 3eff 	add.w	lr, r1, #4294967295	; 0xffffffff
   8389e:	b152      	cbz	r2, 838b6 <strncpy+0x4e>
   838a0:	4663      	mov	r3, ip
   838a2:	f81e 1f01 	ldrb.w	r1, [lr, #1]!
   838a6:	1e54      	subs	r4, r2, #1
   838a8:	f803 1b01 	strb.w	r1, [r3], #1
   838ac:	b141      	cbz	r1, 838c0 <strncpy+0x58>
   838ae:	4622      	mov	r2, r4
   838b0:	469c      	mov	ip, r3
   838b2:	2a00      	cmp	r2, #0
   838b4:	d1f4      	bne.n	838a0 <strncpy+0x38>
   838b6:	bd30      	pop	{r4, r5, pc}
   838b8:	4684      	mov	ip, r0
   838ba:	f101 3eff 	add.w	lr, r1, #4294967295	; 0xffffffff
   838be:	e7ee      	b.n	8389e <strncpy+0x36>
   838c0:	4462      	add	r2, ip
   838c2:	2c00      	cmp	r4, #0
   838c4:	d0f7      	beq.n	838b6 <strncpy+0x4e>
   838c6:	f803 1b01 	strb.w	r1, [r3], #1
   838ca:	4293      	cmp	r3, r2
   838cc:	d1fb      	bne.n	838c6 <strncpy+0x5e>
   838ce:	bd30      	pop	{r4, r5, pc}

000838d0 <_svfprintf_r>:
   838d0:	e92d 4ff0 	stmdb	sp!, {r4, r5, r6, r7, r8, r9, sl, fp, lr}
   838d4:	b0bf      	sub	sp, #252	; 0xfc
   838d6:	4688      	mov	r8, r1
   838d8:	4691      	mov	r9, r2
   838da:	e9cd 030d 	strd	r0, r3, [sp, #52]	; 0x34
   838de:	f003 ff39 	bl	87754 <_localeconv_r>
   838e2:	6803      	ldr	r3, [r0, #0]
   838e4:	4618      	mov	r0, r3
   838e6:	9315      	str	r3, [sp, #84]	; 0x54
   838e8:	f7ff ff90 	bl	8380c <strlen>
   838ec:	f8b8 300c 	ldrh.w	r3, [r8, #12]
   838f0:	9014      	str	r0, [sp, #80]	; 0x50
   838f2:	0618      	lsls	r0, r3, #24
   838f4:	d504      	bpl.n	83900 <_svfprintf_r+0x30>
   838f6:	f8d8 3010 	ldr.w	r3, [r8, #16]
   838fa:	2b00      	cmp	r3, #0
   838fc:	f000 86d0 	beq.w	846a0 <_svfprintf_r+0xdd0>
   83900:	2300      	movs	r3, #0
   83902:	aa2e      	add	r2, sp, #184	; 0xb8
   83904:	4619      	mov	r1, r3
   83906:	4692      	mov	sl, r2
   83908:	e9cd 3322 	strd	r3, r3, [sp, #136]	; 0x88
   8390c:	9221      	str	r2, [sp, #132]	; 0x84
   8390e:	9312      	str	r3, [sp, #72]	; 0x48
   83910:	2200      	movs	r2, #0
   83912:	2300      	movs	r3, #0
   83914:	e9cd 2310 	strd	r2, r3, [sp, #64]	; 0x40
   83918:	9113      	str	r1, [sp, #76]	; 0x4c
   8391a:	9116      	str	r1, [sp, #88]	; 0x58
   8391c:	910a      	str	r1, [sp, #40]	; 0x28
   8391e:	f899 3000 	ldrb.w	r3, [r9]
   83922:	2b00      	cmp	r3, #0
   83924:	f000 8180 	beq.w	83c28 <_svfprintf_r+0x358>
   83928:	464c      	mov	r4, r9
   8392a:	e004      	b.n	83936 <_svfprintf_r+0x66>
   8392c:	f814 3f01 	ldrb.w	r3, [r4, #1]!
   83930:	2b00      	cmp	r3, #0
   83932:	f000 80c7 	beq.w	83ac4 <_svfprintf_r+0x1f4>
   83936:	2b25      	cmp	r3, #37	; 0x25
   83938:	d1f8      	bne.n	8392c <_svfprintf_r+0x5c>
   8393a:	ebb4 0509 	subs.w	r5, r4, r9
   8393e:	f040 80c5 	bne.w	83acc <_svfprintf_r+0x1fc>
   83942:	7823      	ldrb	r3, [r4, #0]
   83944:	2b00      	cmp	r3, #0
   83946:	f000 816f 	beq.w	83c28 <_svfprintf_r+0x358>
   8394a:	2300      	movs	r3, #0
   8394c:	f04f 32ff 	mov.w	r2, #4294967295	; 0xffffffff
   83950:	4618      	mov	r0, r3
   83952:	469b      	mov	fp, r3
   83954:	7865      	ldrb	r5, [r4, #1]
   83956:	9209      	str	r2, [sp, #36]	; 0x24
   83958:	f104 0901 	add.w	r9, r4, #1
   8395c:	f88d 3067 	strb.w	r3, [sp, #103]	; 0x67
   83960:	930b      	str	r3, [sp, #44]	; 0x2c
   83962:	f109 0901 	add.w	r9, r9, #1
   83966:	f1a5 0220 	sub.w	r2, r5, #32
   8396a:	2a58      	cmp	r2, #88	; 0x58
   8396c:	f200 80d5 	bhi.w	83b1a <_svfprintf_r+0x24a>
   83970:	e8df f012 	tbh	[pc, r2, lsl #1]
   83974:	00d3024c 	.word	0x00d3024c
   83978:	025200d3 	.word	0x025200d3
   8397c:	00d300d3 	.word	0x00d300d3
   83980:	00d300d3 	.word	0x00d300d3
   83984:	00d300d3 	.word	0x00d300d3
   83988:	02470200 	.word	0x02470200
   8398c:	020a00d3 	.word	0x020a00d3
   83990:	00d3020f 	.word	0x00d3020f
   83994:	00590242 	.word	0x00590242
   83998:	00590059 	.word	0x00590059
   8399c:	00590059 	.word	0x00590059
   839a0:	00590059 	.word	0x00590059
   839a4:	00590059 	.word	0x00590059
   839a8:	00d300d3 	.word	0x00d300d3
   839ac:	00d300d3 	.word	0x00d300d3
   839b0:	00d300d3 	.word	0x00d300d3
   839b4:	00d300d3 	.word	0x00d300d3
   839b8:	00d300d3 	.word	0x00d300d3
   839bc:	01640229 	.word	0x01640229
   839c0:	016400d3 	.word	0x016400d3
   839c4:	00d300d3 	.word	0x00d300d3
   839c8:	00d300d3 	.word	0x00d300d3
   839cc:	00d30257 	.word	0x00d30257
   839d0:	007900d3 	.word	0x007900d3
   839d4:	00d300d3 	.word	0x00d300d3
   839d8:	00d300d3 	.word	0x00d300d3
   839dc:	006800d3 	.word	0x006800d3
   839e0:	00d300d3 	.word	0x00d300d3
   839e4:	00d3026a 	.word	0x00d3026a
   839e8:	00d300d3 	.word	0x00d300d3
   839ec:	00d300d3 	.word	0x00d300d3
   839f0:	00d300d3 	.word	0x00d300d3
   839f4:	00d300d3 	.word	0x00d300d3
   839f8:	025c00d3 	.word	0x025c00d3
   839fc:	016401c4 	.word	0x016401c4
   83a00:	01640164 	.word	0x01640164
   83a04:	01c4028b 	.word	0x01c4028b
   83a08:	00d300d3 	.word	0x00d300d3
   83a0c:	00d30300 	.word	0x00d30300
   83a10:	007b02ea 	.word	0x007b02ea
   83a14:	02c902ce 	.word	0x02c902ce
   83a18:	02a700d3 	.word	0x02a700d3
   83a1c:	006a00d3 	.word	0x006a00d3
   83a20:	00d300d3 	.word	0x00d300d3
   83a24:	0290      	.short	0x0290
   83a26:	2100      	movs	r1, #0
   83a28:	f1a5 0230 	sub.w	r2, r5, #48	; 0x30
   83a2c:	f819 5b01 	ldrb.w	r5, [r9], #1
   83a30:	eb01 0181 	add.w	r1, r1, r1, lsl #2
   83a34:	eb02 0141 	add.w	r1, r2, r1, lsl #1
   83a38:	f1a5 0230 	sub.w	r2, r5, #48	; 0x30
   83a3c:	2a09      	cmp	r2, #9
   83a3e:	d9f5      	bls.n	83a2c <_svfprintf_r+0x15c>
   83a40:	910b      	str	r1, [sp, #44]	; 0x2c
   83a42:	e790      	b.n	83966 <_svfprintf_r+0x96>
   83a44:	f04b 0b10 	orr.w	fp, fp, #16
   83a48:	f01b 0120 	ands.w	r1, fp, #32
   83a4c:	f000 8148 	beq.w	83ce0 <_svfprintf_r+0x410>
   83a50:	9b0e      	ldr	r3, [sp, #56]	; 0x38
   83a52:	3307      	adds	r3, #7
   83a54:	f023 0307 	bic.w	r3, r3, #7
   83a58:	461a      	mov	r2, r3
   83a5a:	f852 0b08 	ldr.w	r0, [r2], #8
   83a5e:	6859      	ldr	r1, [r3, #4]
   83a60:	920e      	str	r2, [sp, #56]	; 0x38
   83a62:	2301      	movs	r3, #1
   83a64:	e00f      	b.n	83a86 <_svfprintf_r+0x1b6>
   83a66:	f04b 0b10 	orr.w	fp, fp, #16
   83a6a:	f01b 0120 	ands.w	r1, fp, #32
   83a6e:	f000 812a 	beq.w	83cc6 <_svfprintf_r+0x3f6>
   83a72:	9b0e      	ldr	r3, [sp, #56]	; 0x38
   83a74:	3307      	adds	r3, #7
   83a76:	f023 0307 	bic.w	r3, r3, #7
   83a7a:	461a      	mov	r2, r3
   83a7c:	6859      	ldr	r1, [r3, #4]
   83a7e:	2300      	movs	r3, #0
   83a80:	f852 0b08 	ldr.w	r0, [r2], #8
   83a84:	920e      	str	r2, [sp, #56]	; 0x38
   83a86:	2400      	movs	r4, #0
   83a88:	f88d 4067 	strb.w	r4, [sp, #103]	; 0x67
   83a8c:	9a09      	ldr	r2, [sp, #36]	; 0x24
   83a8e:	1c56      	adds	r6, r2, #1
   83a90:	f000 827f 	beq.w	83f92 <_svfprintf_r+0x6c2>
   83a94:	f02b 0680 	bic.w	r6, fp, #128	; 0x80
   83a98:	9607      	str	r6, [sp, #28]
   83a9a:	ea50 0601 	orrs.w	r6, r0, r1
   83a9e:	f040 8276 	bne.w	83f8e <_svfprintf_r+0x6be>
   83aa2:	2a00      	cmp	r2, #0
   83aa4:	f040 82fe 	bne.w	840a4 <_svfprintf_r+0x7d4>
   83aa8:	2b00      	cmp	r3, #0
   83aaa:	f040 8507 	bne.w	844bc <_svfprintf_r+0xbec>
   83aae:	f01b 0301 	ands.w	r3, fp, #1
   83ab2:	930c      	str	r3, [sp, #48]	; 0x30
   83ab4:	f000 8591 	beq.w	845da <_svfprintf_r+0xd0a>
   83ab8:	2330      	movs	r3, #48	; 0x30
   83aba:	f10d 06b7 	add.w	r6, sp, #183	; 0xb7
   83abe:	f88d 30b7 	strb.w	r3, [sp, #183]	; 0xb7
   83ac2:	e28b      	b.n	83fdc <_svfprintf_r+0x70c>
   83ac4:	ebb4 0509 	subs.w	r5, r4, r9
   83ac8:	f000 80ae 	beq.w	83c28 <_svfprintf_r+0x358>
   83acc:	9b23      	ldr	r3, [sp, #140]	; 0x8c
   83ace:	e9ca 9500 	strd	r9, r5, [sl]
   83ad2:	442b      	add	r3, r5
   83ad4:	9323      	str	r3, [sp, #140]	; 0x8c
   83ad6:	9b22      	ldr	r3, [sp, #136]	; 0x88
   83ad8:	3301      	adds	r3, #1
   83ada:	2b07      	cmp	r3, #7
   83adc:	9322      	str	r3, [sp, #136]	; 0x88
   83ade:	dc05      	bgt.n	83aec <_svfprintf_r+0x21c>
   83ae0:	f10a 0a08 	add.w	sl, sl, #8
   83ae4:	9b0a      	ldr	r3, [sp, #40]	; 0x28
   83ae6:	442b      	add	r3, r5
   83ae8:	930a      	str	r3, [sp, #40]	; 0x28
   83aea:	e72a      	b.n	83942 <_svfprintf_r+0x72>
   83aec:	4641      	mov	r1, r8
   83aee:	980d      	ldr	r0, [sp, #52]	; 0x34
   83af0:	aa21      	add	r2, sp, #132	; 0x84
   83af2:	f005 facf 	bl	89094 <__ssprint_r>
   83af6:	b918      	cbnz	r0, 83b00 <_svfprintf_r+0x230>
   83af8:	f10d 0ab8 	add.w	sl, sp, #184	; 0xb8
   83afc:	e7f2      	b.n	83ae4 <_svfprintf_r+0x214>
   83afe:	46b0      	mov	r8, r6
   83b00:	f8b8 300c 	ldrh.w	r3, [r8, #12]
   83b04:	f013 0f40 	tst.w	r3, #64	; 0x40
   83b08:	9b0a      	ldr	r3, [sp, #40]	; 0x28
   83b0a:	bf18      	it	ne
   83b0c:	f04f 33ff 	movne.w	r3, #4294967295	; 0xffffffff
   83b10:	930a      	str	r3, [sp, #40]	; 0x28
   83b12:	980a      	ldr	r0, [sp, #40]	; 0x28
   83b14:	b03f      	add	sp, #252	; 0xfc
   83b16:	e8bd 8ff0 	ldmia.w	sp!, {r4, r5, r6, r7, r8, r9, sl, fp, pc}
   83b1a:	2b00      	cmp	r3, #0
   83b1c:	f040 87cf 	bne.w	84abe <_svfprintf_r+0x11ee>
   83b20:	2d00      	cmp	r5, #0
   83b22:	f000 8081 	beq.w	83c28 <_svfprintf_r+0x358>
   83b26:	2300      	movs	r3, #0
   83b28:	f88d 3067 	strb.w	r3, [sp, #103]	; 0x67
   83b2c:	2301      	movs	r3, #1
   83b2e:	f88d 5090 	strb.w	r5, [sp, #144]	; 0x90
   83b32:	9308      	str	r3, [sp, #32]
   83b34:	ae24      	add	r6, sp, #144	; 0x90
   83b36:	930c      	str	r3, [sp, #48]	; 0x30
   83b38:	2300      	movs	r3, #0
   83b3a:	f8cd b01c 	str.w	fp, [sp, #28]
   83b3e:	9309      	str	r3, [sp, #36]	; 0x24
   83b40:	930f      	str	r3, [sp, #60]	; 0x3c
   83b42:	9b07      	ldr	r3, [sp, #28]
   83b44:	f013 0302 	ands.w	r3, r3, #2
   83b48:	d002      	beq.n	83b50 <_svfprintf_r+0x280>
   83b4a:	9a08      	ldr	r2, [sp, #32]
   83b4c:	3202      	adds	r2, #2
   83b4e:	9208      	str	r2, [sp, #32]
   83b50:	9a07      	ldr	r2, [sp, #28]
   83b52:	f012 0b84 	ands.w	fp, r2, #132	; 0x84
   83b56:	d105      	bne.n	83b64 <_svfprintf_r+0x294>
   83b58:	9a0b      	ldr	r2, [sp, #44]	; 0x2c
   83b5a:	9908      	ldr	r1, [sp, #32]
   83b5c:	1a57      	subs	r7, r2, r1
   83b5e:	2f00      	cmp	r7, #0
   83b60:	f300 8395 	bgt.w	8428e <_svfprintf_r+0x9be>
   83b64:	9c23      	ldr	r4, [sp, #140]	; 0x8c
   83b66:	f89d 2067 	ldrb.w	r2, [sp, #103]	; 0x67
   83b6a:	b182      	cbz	r2, 83b8e <_svfprintf_r+0x2be>
   83b6c:	2201      	movs	r2, #1
   83b6e:	f8ca 2004 	str.w	r2, [sl, #4]
   83b72:	9a22      	ldr	r2, [sp, #136]	; 0x88
   83b74:	3401      	adds	r4, #1
   83b76:	3201      	adds	r2, #1
   83b78:	f10d 0167 	add.w	r1, sp, #103	; 0x67
   83b7c:	2a07      	cmp	r2, #7
   83b7e:	9423      	str	r4, [sp, #140]	; 0x8c
   83b80:	9222      	str	r2, [sp, #136]	; 0x88
   83b82:	f8ca 1000 	str.w	r1, [sl]
   83b86:	f300 83da 	bgt.w	8433e <_svfprintf_r+0xa6e>
   83b8a:	f10a 0a08 	add.w	sl, sl, #8
   83b8e:	b17b      	cbz	r3, 83bb0 <_svfprintf_r+0x2e0>
   83b90:	2302      	movs	r3, #2
   83b92:	f8ca 3004 	str.w	r3, [sl, #4]
   83b96:	9b22      	ldr	r3, [sp, #136]	; 0x88
   83b98:	3402      	adds	r4, #2
   83b9a:	3301      	adds	r3, #1
   83b9c:	aa1a      	add	r2, sp, #104	; 0x68
   83b9e:	2b07      	cmp	r3, #7
   83ba0:	9423      	str	r4, [sp, #140]	; 0x8c
   83ba2:	9322      	str	r3, [sp, #136]	; 0x88
   83ba4:	f8ca 2000 	str.w	r2, [sl]
   83ba8:	f300 83bd 	bgt.w	84326 <_svfprintf_r+0xa56>
   83bac:	f10a 0a08 	add.w	sl, sl, #8
   83bb0:	f1bb 0f80 	cmp.w	fp, #128	; 0x80
   83bb4:	f000 8292 	beq.w	840dc <_svfprintf_r+0x80c>
   83bb8:	9b09      	ldr	r3, [sp, #36]	; 0x24
   83bba:	9a0c      	ldr	r2, [sp, #48]	; 0x30
   83bbc:	eba3 0b02 	sub.w	fp, r3, r2
   83bc0:	f1bb 0f00 	cmp.w	fp, #0
   83bc4:	f300 82cd 	bgt.w	84162 <_svfprintf_r+0x892>
   83bc8:	9b07      	ldr	r3, [sp, #28]
   83bca:	05df      	lsls	r7, r3, #23
   83bcc:	f100 820f 	bmi.w	83fee <_svfprintf_r+0x71e>
   83bd0:	9b0c      	ldr	r3, [sp, #48]	; 0x30
   83bd2:	f8ca 6000 	str.w	r6, [sl]
   83bd6:	441c      	add	r4, r3
   83bd8:	f8ca 3004 	str.w	r3, [sl, #4]
   83bdc:	9b22      	ldr	r3, [sp, #136]	; 0x88
   83bde:	9423      	str	r4, [sp, #140]	; 0x8c
   83be0:	3301      	adds	r3, #1
   83be2:	2b07      	cmp	r3, #7
   83be4:	9322      	str	r3, [sp, #136]	; 0x88
   83be6:	f300 8346 	bgt.w	84276 <_svfprintf_r+0x9a6>
   83bea:	f10a 0a08 	add.w	sl, sl, #8
   83bee:	9b07      	ldr	r3, [sp, #28]
   83bf0:	075b      	lsls	r3, r3, #29
   83bf2:	d505      	bpl.n	83c00 <_svfprintf_r+0x330>
   83bf4:	9b0b      	ldr	r3, [sp, #44]	; 0x2c
   83bf6:	9a08      	ldr	r2, [sp, #32]
   83bf8:	1a9d      	subs	r5, r3, r2
   83bfa:	2d00      	cmp	r5, #0
   83bfc:	f300 83ad 	bgt.w	8435a <_svfprintf_r+0xa8a>
   83c00:	e9dd 320a 	ldrd	r3, r2, [sp, #40]	; 0x28
   83c04:	9908      	ldr	r1, [sp, #32]
   83c06:	428a      	cmp	r2, r1
   83c08:	bfac      	ite	ge
   83c0a:	189b      	addge	r3, r3, r2
   83c0c:	185b      	addlt	r3, r3, r1
   83c0e:	930a      	str	r3, [sp, #40]	; 0x28
   83c10:	2c00      	cmp	r4, #0
   83c12:	f040 82e1 	bne.w	841d8 <_svfprintf_r+0x908>
   83c16:	2300      	movs	r3, #0
   83c18:	9322      	str	r3, [sp, #136]	; 0x88
   83c1a:	f899 3000 	ldrb.w	r3, [r9]
   83c1e:	f10d 0ab8 	add.w	sl, sp, #184	; 0xb8
   83c22:	2b00      	cmp	r3, #0
   83c24:	f47f ae80 	bne.w	83928 <_svfprintf_r+0x58>
   83c28:	9b23      	ldr	r3, [sp, #140]	; 0x8c
   83c2a:	2b00      	cmp	r3, #0
   83c2c:	f43f af68 	beq.w	83b00 <_svfprintf_r+0x230>
   83c30:	4641      	mov	r1, r8
   83c32:	980d      	ldr	r0, [sp, #52]	; 0x34
   83c34:	aa21      	add	r2, sp, #132	; 0x84
   83c36:	f005 fa2d 	bl	89094 <__ssprint_r>
   83c3a:	e761      	b.n	83b00 <_svfprintf_r+0x230>
   83c3c:	2b00      	cmp	r3, #0
   83c3e:	f040 87ea 	bne.w	84c16 <_svfprintf_r+0x1346>
   83c42:	9b0e      	ldr	r3, [sp, #56]	; 0x38
   83c44:	3307      	adds	r3, #7
   83c46:	f023 0207 	bic.w	r2, r3, #7
   83c4a:	e8f2 3402 	ldrd	r3, r4, [r2], #8
   83c4e:	e9cd 3410 	strd	r3, r4, [sp, #64]	; 0x40
   83c52:	e9dd 3410 	ldrd	r3, r4, [sp, #64]	; 0x40
   83c56:	f024 4400 	bic.w	r4, r4, #2147483648	; 0x80000000
   83c5a:	461e      	mov	r6, r3
   83c5c:	4618      	mov	r0, r3
   83c5e:	920e      	str	r2, [sp, #56]	; 0x38
   83c60:	4621      	mov	r1, r4
   83c62:	f04f 32ff 	mov.w	r2, #4294967295	; 0xffffffff
   83c66:	4bb3      	ldr	r3, [pc, #716]	; (83f34 <_svfprintf_r+0x664>)
   83c68:	f006 ffa6 	bl	8abb8 <__aeabi_dcmpun>
   83c6c:	2800      	cmp	r0, #0
   83c6e:	f040 84b6 	bne.w	845de <_svfprintf_r+0xd0e>
   83c72:	4630      	mov	r0, r6
   83c74:	4621      	mov	r1, r4
   83c76:	f04f 32ff 	mov.w	r2, #4294967295	; 0xffffffff
   83c7a:	4bae      	ldr	r3, [pc, #696]	; (83f34 <_svfprintf_r+0x664>)
   83c7c:	f006 ff7e 	bl	8ab7c <__aeabi_dcmple>
   83c80:	2800      	cmp	r0, #0
   83c82:	f040 84ac 	bne.w	845de <_svfprintf_r+0xd0e>
   83c86:	e9dd 0110 	ldrd	r0, r1, [sp, #64]	; 0x40
   83c8a:	2200      	movs	r2, #0
   83c8c:	2300      	movs	r3, #0
   83c8e:	f006 ff6b 	bl	8ab68 <__aeabi_dcmplt>
   83c92:	2800      	cmp	r0, #0
   83c94:	f040 86eb 	bne.w	84a6e <_svfprintf_r+0x119e>
   83c98:	f89d 4067 	ldrb.w	r4, [sp, #103]	; 0x67
   83c9c:	2203      	movs	r2, #3
   83c9e:	2100      	movs	r1, #0
   83ca0:	f02b 0380 	bic.w	r3, fp, #128	; 0x80
   83ca4:	4ea4      	ldr	r6, [pc, #656]	; (83f38 <_svfprintf_r+0x668>)
   83ca6:	9307      	str	r3, [sp, #28]
   83ca8:	4ba4      	ldr	r3, [pc, #656]	; (83f3c <_svfprintf_r+0x66c>)
   83caa:	e9cd 2108 	strd	r2, r1, [sp, #32]
   83cae:	2d47      	cmp	r5, #71	; 0x47
   83cb0:	bfc8      	it	gt
   83cb2:	461e      	movgt	r6, r3
   83cb4:	920c      	str	r2, [sp, #48]	; 0x30
   83cb6:	910f      	str	r1, [sp, #60]	; 0x3c
   83cb8:	2c00      	cmp	r4, #0
   83cba:	f43f af42 	beq.w	83b42 <_svfprintf_r+0x272>
   83cbe:	9b08      	ldr	r3, [sp, #32]
   83cc0:	3301      	adds	r3, #1
   83cc2:	9308      	str	r3, [sp, #32]
   83cc4:	e73d      	b.n	83b42 <_svfprintf_r+0x272>
   83cc6:	f01b 0310 	ands.w	r3, fp, #16
   83cca:	d148      	bne.n	83d5e <_svfprintf_r+0x48e>
   83ccc:	f01b 0140 	ands.w	r1, fp, #64	; 0x40
   83cd0:	d045      	beq.n	83d5e <_svfprintf_r+0x48e>
   83cd2:	9a0e      	ldr	r2, [sp, #56]	; 0x38
   83cd4:	4619      	mov	r1, r3
   83cd6:	f852 0b04 	ldr.w	r0, [r2], #4
   83cda:	920e      	str	r2, [sp, #56]	; 0x38
   83cdc:	b280      	uxth	r0, r0
   83cde:	e6d2      	b.n	83a86 <_svfprintf_r+0x1b6>
   83ce0:	f01b 0310 	ands.w	r3, fp, #16
   83ce4:	9a0e      	ldr	r2, [sp, #56]	; 0x38
   83ce6:	d140      	bne.n	83d6a <_svfprintf_r+0x49a>
   83ce8:	f01b 0140 	ands.w	r1, fp, #64	; 0x40
   83cec:	d03d      	beq.n	83d6a <_svfprintf_r+0x49a>
   83cee:	f852 0b04 	ldr.w	r0, [r2], #4
   83cf2:	4619      	mov	r1, r3
   83cf4:	920e      	str	r2, [sp, #56]	; 0x38
   83cf6:	2301      	movs	r3, #1
   83cf8:	b280      	uxth	r0, r0
   83cfa:	e6c4      	b.n	83a86 <_svfprintf_r+0x1b6>
   83cfc:	2b00      	cmp	r3, #0
   83cfe:	f040 8786 	bne.w	84c0e <_svfprintf_r+0x133e>
   83d02:	f01b 0f20 	tst.w	fp, #32
   83d06:	9b0e      	ldr	r3, [sp, #56]	; 0x38
   83d08:	d066      	beq.n	83dd8 <_svfprintf_r+0x508>
   83d0a:	3307      	adds	r3, #7
   83d0c:	f023 0307 	bic.w	r3, r3, #7
   83d10:	461a      	mov	r2, r3
   83d12:	685b      	ldr	r3, [r3, #4]
   83d14:	f852 0b08 	ldr.w	r0, [r2], #8
   83d18:	4619      	mov	r1, r3
   83d1a:	920e      	str	r2, [sp, #56]	; 0x38
   83d1c:	2b00      	cmp	r3, #0
   83d1e:	f2c0 8433 	blt.w	84588 <_svfprintf_r+0xcb8>
   83d22:	9b09      	ldr	r3, [sp, #36]	; 0x24
   83d24:	3301      	adds	r3, #1
   83d26:	f000 8570 	beq.w	8480a <_svfprintf_r+0xf3a>
   83d2a:	f02b 0380 	bic.w	r3, fp, #128	; 0x80
   83d2e:	9307      	str	r3, [sp, #28]
   83d30:	ea50 0301 	orrs.w	r3, r0, r1
   83d34:	f89d 4067 	ldrb.w	r4, [sp, #103]	; 0x67
   83d38:	f000 83bc 	beq.w	844b4 <_svfprintf_r+0xbe4>
   83d3c:	f8dd b01c 	ldr.w	fp, [sp, #28]
   83d40:	280a      	cmp	r0, #10
   83d42:	f171 0300 	sbcs.w	r3, r1, #0
   83d46:	f080 8501 	bcs.w	8474c <_svfprintf_r+0xe7c>
   83d4a:	2301      	movs	r3, #1
   83d4c:	3030      	adds	r0, #48	; 0x30
   83d4e:	f88d 00b7 	strb.w	r0, [sp, #183]	; 0xb7
   83d52:	f8cd b01c 	str.w	fp, [sp, #28]
   83d56:	930c      	str	r3, [sp, #48]	; 0x30
   83d58:	f10d 06b7 	add.w	r6, sp, #183	; 0xb7
   83d5c:	e13e      	b.n	83fdc <_svfprintf_r+0x70c>
   83d5e:	9b0e      	ldr	r3, [sp, #56]	; 0x38
   83d60:	f853 0b04 	ldr.w	r0, [r3], #4
   83d64:	930e      	str	r3, [sp, #56]	; 0x38
   83d66:	460b      	mov	r3, r1
   83d68:	e68d      	b.n	83a86 <_svfprintf_r+0x1b6>
   83d6a:	f852 0b04 	ldr.w	r0, [r2], #4
   83d6e:	2301      	movs	r3, #1
   83d70:	920e      	str	r2, [sp, #56]	; 0x38
   83d72:	e688      	b.n	83a86 <_svfprintf_r+0x1b6>
   83d74:	9a0e      	ldr	r2, [sp, #56]	; 0x38
   83d76:	f852 1b04 	ldr.w	r1, [r2], #4
   83d7a:	2900      	cmp	r1, #0
   83d7c:	910b      	str	r1, [sp, #44]	; 0x2c
   83d7e:	920e      	str	r2, [sp, #56]	; 0x38
   83d80:	da47      	bge.n	83e12 <_svfprintf_r+0x542>
   83d82:	9a0b      	ldr	r2, [sp, #44]	; 0x2c
   83d84:	4252      	negs	r2, r2
   83d86:	920b      	str	r2, [sp, #44]	; 0x2c
   83d88:	f899 5000 	ldrb.w	r5, [r9]
   83d8c:	f04b 0b04 	orr.w	fp, fp, #4
   83d90:	e5e7      	b.n	83962 <_svfprintf_r+0x92>
   83d92:	4649      	mov	r1, r9
   83d94:	f811 5b01 	ldrb.w	r5, [r1], #1
   83d98:	2d2a      	cmp	r5, #42	; 0x2a
   83d9a:	f000 87c1 	beq.w	84d20 <_svfprintf_r+0x1450>
   83d9e:	f1a5 0230 	sub.w	r2, r5, #48	; 0x30
   83da2:	2a09      	cmp	r2, #9
   83da4:	4689      	mov	r9, r1
   83da6:	bf98      	it	ls
   83da8:	2100      	movls	r1, #0
   83daa:	f200 874f 	bhi.w	84c4c <_svfprintf_r+0x137c>
   83dae:	f819 5b01 	ldrb.w	r5, [r9], #1
   83db2:	eb01 0181 	add.w	r1, r1, r1, lsl #2
   83db6:	eb02 0141 	add.w	r1, r2, r1, lsl #1
   83dba:	f1a5 0230 	sub.w	r2, r5, #48	; 0x30
   83dbe:	2a09      	cmp	r2, #9
   83dc0:	d9f5      	bls.n	83dae <_svfprintf_r+0x4de>
   83dc2:	9109      	str	r1, [sp, #36]	; 0x24
   83dc4:	e5cf      	b.n	83966 <_svfprintf_r+0x96>
   83dc6:	2b00      	cmp	r3, #0
   83dc8:	f040 871a 	bne.w	84c00 <_svfprintf_r+0x1330>
   83dcc:	f04b 0b10 	orr.w	fp, fp, #16
   83dd0:	f01b 0f20 	tst.w	fp, #32
   83dd4:	9b0e      	ldr	r3, [sp, #56]	; 0x38
   83dd6:	d198      	bne.n	83d0a <_svfprintf_r+0x43a>
   83dd8:	f853 0b04 	ldr.w	r0, [r3], #4
   83ddc:	f01b 0f10 	tst.w	fp, #16
   83de0:	930e      	str	r3, [sp, #56]	; 0x38
   83de2:	f040 83cc 	bne.w	8457e <_svfprintf_r+0xcae>
   83de6:	f01b 0f40 	tst.w	fp, #64	; 0x40
   83dea:	f000 83c8 	beq.w	8457e <_svfprintf_r+0xcae>
   83dee:	f340 31c0 	sbfx	r1, r0, #15, #1
   83df2:	460b      	mov	r3, r1
   83df4:	b200      	sxth	r0, r0
   83df6:	e791      	b.n	83d1c <_svfprintf_r+0x44c>
   83df8:	f899 5000 	ldrb.w	r5, [r9]
   83dfc:	f04b 0b80 	orr.w	fp, fp, #128	; 0x80
   83e00:	e5af      	b.n	83962 <_svfprintf_r+0x92>
   83e02:	2301      	movs	r3, #1
   83e04:	202b      	movs	r0, #43	; 0x2b
   83e06:	f899 5000 	ldrb.w	r5, [r9]
   83e0a:	e5aa      	b.n	83962 <_svfprintf_r+0x92>
   83e0c:	2800      	cmp	r0, #0
   83e0e:	f000 842b 	beq.w	84668 <_svfprintf_r+0xd98>
   83e12:	f899 5000 	ldrb.w	r5, [r9]
   83e16:	e5a4      	b.n	83962 <_svfprintf_r+0x92>
   83e18:	f899 5000 	ldrb.w	r5, [r9]
   83e1c:	f04b 0b01 	orr.w	fp, fp, #1
   83e20:	e59f      	b.n	83962 <_svfprintf_r+0x92>
   83e22:	f899 5000 	ldrb.w	r5, [r9]
   83e26:	f04b 0b08 	orr.w	fp, fp, #8
   83e2a:	e59a      	b.n	83962 <_svfprintf_r+0x92>
   83e2c:	2200      	movs	r2, #0
   83e2e:	2101      	movs	r1, #1
   83e30:	9b0e      	ldr	r3, [sp, #56]	; 0x38
   83e32:	f88d 2067 	strb.w	r2, [sp, #103]	; 0x67
   83e36:	f853 2b04 	ldr.w	r2, [r3], #4
   83e3a:	9108      	str	r1, [sp, #32]
   83e3c:	f88d 2090 	strb.w	r2, [sp, #144]	; 0x90
   83e40:	930e      	str	r3, [sp, #56]	; 0x38
   83e42:	ae24      	add	r6, sp, #144	; 0x90
   83e44:	910c      	str	r1, [sp, #48]	; 0x30
   83e46:	e677      	b.n	83b38 <_svfprintf_r+0x268>
   83e48:	2b00      	cmp	r3, #0
   83e4a:	f040 86e8 	bne.w	84c1e <_svfprintf_r+0x134e>
   83e4e:	4b3c      	ldr	r3, [pc, #240]	; (83f40 <_svfprintf_r+0x670>)
   83e50:	f01b 0120 	ands.w	r1, fp, #32
   83e54:	9313      	str	r3, [sp, #76]	; 0x4c
   83e56:	d025      	beq.n	83ea4 <_svfprintf_r+0x5d4>
   83e58:	9b0e      	ldr	r3, [sp, #56]	; 0x38
   83e5a:	3307      	adds	r3, #7
   83e5c:	f023 0307 	bic.w	r3, r3, #7
   83e60:	6859      	ldr	r1, [r3, #4]
   83e62:	f853 0b08 	ldr.w	r0, [r3], #8
   83e66:	930e      	str	r3, [sp, #56]	; 0x38
   83e68:	f01b 0f01 	tst.w	fp, #1
   83e6c:	d00b      	beq.n	83e86 <_svfprintf_r+0x5b6>
   83e6e:	ea50 0301 	orrs.w	r3, r0, r1
   83e72:	d008      	beq.n	83e86 <_svfprintf_r+0x5b6>
   83e74:	2330      	movs	r3, #48	; 0x30
   83e76:	f88d 5069 	strb.w	r5, [sp, #105]	; 0x69
   83e7a:	f88d 3068 	strb.w	r3, [sp, #104]	; 0x68
   83e7e:	f04b 0b02 	orr.w	fp, fp, #2
   83e82:	2302      	movs	r3, #2
   83e84:	e5ff      	b.n	83a86 <_svfprintf_r+0x1b6>
   83e86:	2302      	movs	r3, #2
   83e88:	e5fd      	b.n	83a86 <_svfprintf_r+0x1b6>
   83e8a:	f899 5000 	ldrb.w	r5, [r9]
   83e8e:	f04b 0b40 	orr.w	fp, fp, #64	; 0x40
   83e92:	e566      	b.n	83962 <_svfprintf_r+0x92>
   83e94:	2b00      	cmp	r3, #0
   83e96:	f040 86ab 	bne.w	84bf0 <_svfprintf_r+0x1320>
   83e9a:	4b2a      	ldr	r3, [pc, #168]	; (83f44 <_svfprintf_r+0x674>)
   83e9c:	f01b 0120 	ands.w	r1, fp, #32
   83ea0:	9313      	str	r3, [sp, #76]	; 0x4c
   83ea2:	d1d9      	bne.n	83e58 <_svfprintf_r+0x588>
   83ea4:	f01b 0310 	ands.w	r3, fp, #16
   83ea8:	f040 8364 	bne.w	84574 <_svfprintf_r+0xca4>
   83eac:	f01b 0140 	ands.w	r1, fp, #64	; 0x40
   83eb0:	f000 8360 	beq.w	84574 <_svfprintf_r+0xca4>
   83eb4:	9a0e      	ldr	r2, [sp, #56]	; 0x38
   83eb6:	4619      	mov	r1, r3
   83eb8:	f852 0b04 	ldr.w	r0, [r2], #4
   83ebc:	920e      	str	r2, [sp, #56]	; 0x38
   83ebe:	b280      	uxth	r0, r0
   83ec0:	e7d2      	b.n	83e68 <_svfprintf_r+0x598>
   83ec2:	2700      	movs	r7, #0
   83ec4:	9c0e      	ldr	r4, [sp, #56]	; 0x38
   83ec6:	9b09      	ldr	r3, [sp, #36]	; 0x24
   83ec8:	f854 6b04 	ldr.w	r6, [r4], #4
   83ecc:	f88d 7067 	strb.w	r7, [sp, #103]	; 0x67
   83ed0:	2e00      	cmp	r6, #0
   83ed2:	f000 84d3 	beq.w	8487c <_svfprintf_r+0xfac>
   83ed6:	1c5a      	adds	r2, r3, #1
   83ed8:	f000 841a 	beq.w	84710 <_svfprintf_r+0xe40>
   83edc:	461a      	mov	r2, r3
   83ede:	4639      	mov	r1, r7
   83ee0:	4630      	mov	r0, r6
   83ee2:	f003 ffb5 	bl	87e50 <memchr>
   83ee6:	2800      	cmp	r0, #0
   83ee8:	f000 8676 	beq.w	84bd8 <_svfprintf_r+0x1308>
   83eec:	1b83      	subs	r3, r0, r6
   83eee:	930c      	str	r3, [sp, #48]	; 0x30
   83ef0:	ea23 73e3 	bic.w	r3, r3, r3, asr #31
   83ef4:	940e      	str	r4, [sp, #56]	; 0x38
   83ef6:	9709      	str	r7, [sp, #36]	; 0x24
   83ef8:	f89d 4067 	ldrb.w	r4, [sp, #103]	; 0x67
   83efc:	f8cd b01c 	str.w	fp, [sp, #28]
   83f00:	9308      	str	r3, [sp, #32]
   83f02:	970f      	str	r7, [sp, #60]	; 0x3c
   83f04:	e6d8      	b.n	83cb8 <_svfprintf_r+0x3e8>
   83f06:	f899 5000 	ldrb.w	r5, [r9]
   83f0a:	f04b 0b20 	orr.w	fp, fp, #32
   83f0e:	e528      	b.n	83962 <_svfprintf_r+0x92>
   83f10:	2230      	movs	r2, #48	; 0x30
   83f12:	2578      	movs	r5, #120	; 0x78
   83f14:	9b0e      	ldr	r3, [sp, #56]	; 0x38
   83f16:	f88d 2068 	strb.w	r2, [sp, #104]	; 0x68
   83f1a:	f853 0b04 	ldr.w	r0, [r3], #4
   83f1e:	4a09      	ldr	r2, [pc, #36]	; (83f44 <_svfprintf_r+0x674>)
   83f20:	930e      	str	r3, [sp, #56]	; 0x38
   83f22:	2100      	movs	r1, #0
   83f24:	2302      	movs	r3, #2
   83f26:	f04b 0b02 	orr.w	fp, fp, #2
   83f2a:	f88d 5069 	strb.w	r5, [sp, #105]	; 0x69
   83f2e:	9213      	str	r2, [sp, #76]	; 0x4c
   83f30:	e5a9      	b.n	83a86 <_svfprintf_r+0x1b6>
   83f32:	bf00      	nop
   83f34:	7fefffff 	.word	0x7fefffff
   83f38:	0008afcc 	.word	0x0008afcc
   83f3c:	0008afd0 	.word	0x0008afd0
   83f40:	0008aff0 	.word	0x0008aff0
   83f44:	0008afdc 	.word	0x0008afdc
   83f48:	2b00      	cmp	r3, #0
   83f4a:	f040 8655 	bne.w	84bf8 <_svfprintf_r+0x1328>
   83f4e:	f01b 0f20 	tst.w	fp, #32
   83f52:	f040 838f 	bne.w	84674 <_svfprintf_r+0xda4>
   83f56:	f01b 0f10 	tst.w	fp, #16
   83f5a:	f040 83e9 	bne.w	84730 <_svfprintf_r+0xe60>
   83f5e:	f01b 0f40 	tst.w	fp, #64	; 0x40
   83f62:	f000 83e5 	beq.w	84730 <_svfprintf_r+0xe60>
   83f66:	9b0e      	ldr	r3, [sp, #56]	; 0x38
   83f68:	990a      	ldr	r1, [sp, #40]	; 0x28
   83f6a:	f853 2b04 	ldr.w	r2, [r3], #4
   83f6e:	8011      	strh	r1, [r2, #0]
   83f70:	930e      	str	r3, [sp, #56]	; 0x38
   83f72:	e4d4      	b.n	8391e <_svfprintf_r+0x4e>
   83f74:	f899 5000 	ldrb.w	r5, [r9]
   83f78:	2d6c      	cmp	r5, #108	; 0x6c
   83f7a:	bf03      	ittte	eq
   83f7c:	f899 5001 	ldrbeq.w	r5, [r9, #1]
   83f80:	f04b 0b20 	orreq.w	fp, fp, #32
   83f84:	f109 0901 	addeq.w	r9, r9, #1
   83f88:	f04b 0b10 	orrne.w	fp, fp, #16
   83f8c:	e4e9      	b.n	83962 <_svfprintf_r+0x92>
   83f8e:	f8dd b01c 	ldr.w	fp, [sp, #28]
   83f92:	2b01      	cmp	r3, #1
   83f94:	f43f aed4 	beq.w	83d40 <_svfprintf_r+0x470>
   83f98:	2b02      	cmp	r3, #2
   83f9a:	f000 808b 	beq.w	840b4 <_svfprintf_r+0x7e4>
   83f9e:	ae2e      	add	r6, sp, #184	; 0xb8
   83fa0:	f000 0307 	and.w	r3, r0, #7
   83fa4:	08c0      	lsrs	r0, r0, #3
   83fa6:	ea40 7041 	orr.w	r0, r0, r1, lsl #29
   83faa:	08c9      	lsrs	r1, r1, #3
   83fac:	3330      	adds	r3, #48	; 0x30
   83fae:	ea50 0701 	orrs.w	r7, r0, r1
   83fb2:	4632      	mov	r2, r6
   83fb4:	f806 3d01 	strb.w	r3, [r6, #-1]!
   83fb8:	d1f2      	bne.n	83fa0 <_svfprintf_r+0x6d0>
   83fba:	f01b 0f01 	tst.w	fp, #1
   83fbe:	f000 8087 	beq.w	840d0 <_svfprintf_r+0x800>
   83fc2:	2b30      	cmp	r3, #48	; 0x30
   83fc4:	f000 8084 	beq.w	840d0 <_svfprintf_r+0x800>
   83fc8:	2330      	movs	r3, #48	; 0x30
   83fca:	3a02      	subs	r2, #2
   83fcc:	f806 3c01 	strb.w	r3, [r6, #-1]
   83fd0:	4616      	mov	r6, r2
   83fd2:	ab2e      	add	r3, sp, #184	; 0xb8
   83fd4:	1a9b      	subs	r3, r3, r2
   83fd6:	f8cd b01c 	str.w	fp, [sp, #28]
   83fda:	930c      	str	r3, [sp, #48]	; 0x30
   83fdc:	9b09      	ldr	r3, [sp, #36]	; 0x24
   83fde:	9a0c      	ldr	r2, [sp, #48]	; 0x30
   83fe0:	4293      	cmp	r3, r2
   83fe2:	bfb8      	it	lt
   83fe4:	4613      	movlt	r3, r2
   83fe6:	9308      	str	r3, [sp, #32]
   83fe8:	2300      	movs	r3, #0
   83fea:	930f      	str	r3, [sp, #60]	; 0x3c
   83fec:	e664      	b.n	83cb8 <_svfprintf_r+0x3e8>
   83fee:	2d65      	cmp	r5, #101	; 0x65
   83ff0:	f340 80fb 	ble.w	841ea <_svfprintf_r+0x91a>
   83ff4:	e9dd 0110 	ldrd	r0, r1, [sp, #64]	; 0x40
   83ff8:	2200      	movs	r2, #0
   83ffa:	2300      	movs	r3, #0
   83ffc:	f006 fdaa 	bl	8ab54 <__aeabi_dcmpeq>
   84000:	2800      	cmp	r0, #0
   84002:	f000 81e4 	beq.w	843ce <_svfprintf_r+0xafe>
   84006:	2301      	movs	r3, #1
   84008:	f8ca 3004 	str.w	r3, [sl, #4]
   8400c:	9b22      	ldr	r3, [sp, #136]	; 0x88
   8400e:	4aa8      	ldr	r2, [pc, #672]	; (842b0 <_svfprintf_r+0x9e0>)
   84010:	3301      	adds	r3, #1
   84012:	3401      	adds	r4, #1
   84014:	2b07      	cmp	r3, #7
   84016:	9423      	str	r4, [sp, #140]	; 0x8c
   84018:	9322      	str	r3, [sp, #136]	; 0x88
   8401a:	f8ca 2000 	str.w	r2, [sl]
   8401e:	f300 8406 	bgt.w	8482e <_svfprintf_r+0xf5e>
   84022:	f10a 0a08 	add.w	sl, sl, #8
   84026:	9b1b      	ldr	r3, [sp, #108]	; 0x6c
   84028:	9a12      	ldr	r2, [sp, #72]	; 0x48
   8402a:	4293      	cmp	r3, r2
   8402c:	db03      	blt.n	84036 <_svfprintf_r+0x766>
   8402e:	9b07      	ldr	r3, [sp, #28]
   84030:	07d8      	lsls	r0, r3, #31
   84032:	f57f addc 	bpl.w	83bee <_svfprintf_r+0x31e>
   84036:	9b14      	ldr	r3, [sp, #80]	; 0x50
   84038:	9a15      	ldr	r2, [sp, #84]	; 0x54
   8403a:	441c      	add	r4, r3
   8403c:	e9ca 2300 	strd	r2, r3, [sl]
   84040:	9b22      	ldr	r3, [sp, #136]	; 0x88
   84042:	9423      	str	r4, [sp, #140]	; 0x8c
   84044:	3301      	adds	r3, #1
   84046:	2b07      	cmp	r3, #7
   84048:	9322      	str	r3, [sp, #136]	; 0x88
   8404a:	f300 840a 	bgt.w	84862 <_svfprintf_r+0xf92>
   8404e:	f10a 0a08 	add.w	sl, sl, #8
   84052:	9b12      	ldr	r3, [sp, #72]	; 0x48
   84054:	1e5d      	subs	r5, r3, #1
   84056:	2d00      	cmp	r5, #0
   84058:	f77f adc9 	ble.w	83bee <_svfprintf_r+0x31e>
   8405c:	2d10      	cmp	r5, #16
   8405e:	f340 83d8 	ble.w	84812 <_svfprintf_r+0xf42>
   84062:	2610      	movs	r6, #16
   84064:	9b22      	ldr	r3, [sp, #136]	; 0x88
   84066:	4f93      	ldr	r7, [pc, #588]	; (842b4 <_svfprintf_r+0x9e4>)
   84068:	f8dd b034 	ldr.w	fp, [sp, #52]	; 0x34
   8406c:	e005      	b.n	8407a <_svfprintf_r+0x7aa>
   8406e:	f10a 0a08 	add.w	sl, sl, #8
   84072:	3d10      	subs	r5, #16
   84074:	2d10      	cmp	r5, #16
   84076:	f340 83ce 	ble.w	84816 <_svfprintf_r+0xf46>
   8407a:	3301      	adds	r3, #1
   8407c:	3410      	adds	r4, #16
   8407e:	2b07      	cmp	r3, #7
   84080:	e9ca 7600 	strd	r7, r6, [sl]
   84084:	e9cd 3422 	strd	r3, r4, [sp, #136]	; 0x88
   84088:	ddf1      	ble.n	8406e <_svfprintf_r+0x79e>
   8408a:	4641      	mov	r1, r8
   8408c:	4658      	mov	r0, fp
   8408e:	aa21      	add	r2, sp, #132	; 0x84
   84090:	f005 f800 	bl	89094 <__ssprint_r>
   84094:	2800      	cmp	r0, #0
   84096:	f47f ad33 	bne.w	83b00 <_svfprintf_r+0x230>
   8409a:	e9dd 3422 	ldrd	r3, r4, [sp, #136]	; 0x88
   8409e:	f10d 0ab8 	add.w	sl, sp, #184	; 0xb8
   840a2:	e7e6      	b.n	84072 <_svfprintf_r+0x7a2>
   840a4:	2b01      	cmp	r3, #1
   840a6:	f000 855b 	beq.w	84b60 <_svfprintf_r+0x1290>
   840aa:	2b02      	cmp	r3, #2
   840ac:	f8dd b01c 	ldr.w	fp, [sp, #28]
   840b0:	f47f af75 	bne.w	83f9e <_svfprintf_r+0x6ce>
   840b4:	9a13      	ldr	r2, [sp, #76]	; 0x4c
   840b6:	ae2e      	add	r6, sp, #184	; 0xb8
   840b8:	f000 030f 	and.w	r3, r0, #15
   840bc:	5cd3      	ldrb	r3, [r2, r3]
   840be:	0900      	lsrs	r0, r0, #4
   840c0:	ea40 7001 	orr.w	r0, r0, r1, lsl #28
   840c4:	0909      	lsrs	r1, r1, #4
   840c6:	f806 3d01 	strb.w	r3, [r6, #-1]!
   840ca:	ea50 0301 	orrs.w	r3, r0, r1
   840ce:	d1f3      	bne.n	840b8 <_svfprintf_r+0x7e8>
   840d0:	ab2e      	add	r3, sp, #184	; 0xb8
   840d2:	1b9b      	subs	r3, r3, r6
   840d4:	f8cd b01c 	str.w	fp, [sp, #28]
   840d8:	930c      	str	r3, [sp, #48]	; 0x30
   840da:	e77f      	b.n	83fdc <_svfprintf_r+0x70c>
   840dc:	9b0b      	ldr	r3, [sp, #44]	; 0x2c
   840de:	9a08      	ldr	r2, [sp, #32]
   840e0:	eba3 0b02 	sub.w	fp, r3, r2
   840e4:	f1bb 0f00 	cmp.w	fp, #0
   840e8:	f77f ad66 	ble.w	83bb8 <_svfprintf_r+0x2e8>
   840ec:	f1bb 0f10 	cmp.w	fp, #16
   840f0:	f340 85b3 	ble.w	84c5a <_svfprintf_r+0x138a>
   840f4:	4621      	mov	r1, r4
   840f6:	2310      	movs	r3, #16
   840f8:	9a22      	ldr	r2, [sp, #136]	; 0x88
   840fa:	4f6e      	ldr	r7, [pc, #440]	; (842b4 <_svfprintf_r+0x9e4>)
   840fc:	9c0d      	ldr	r4, [sp, #52]	; 0x34
   840fe:	e006      	b.n	8410e <_svfprintf_r+0x83e>
   84100:	f1ab 0b10 	sub.w	fp, fp, #16
   84104:	f1bb 0f10 	cmp.w	fp, #16
   84108:	f10a 0a08 	add.w	sl, sl, #8
   8410c:	dd1a      	ble.n	84144 <_svfprintf_r+0x874>
   8410e:	3201      	adds	r2, #1
   84110:	3110      	adds	r1, #16
   84112:	2a07      	cmp	r2, #7
   84114:	e9ca 7300 	strd	r7, r3, [sl]
   84118:	e9cd 2122 	strd	r2, r1, [sp, #136]	; 0x88
   8411c:	ddf0      	ble.n	84100 <_svfprintf_r+0x830>
   8411e:	4641      	mov	r1, r8
   84120:	4620      	mov	r0, r4
   84122:	aa21      	add	r2, sp, #132	; 0x84
   84124:	f004 ffb6 	bl	89094 <__ssprint_r>
   84128:	2800      	cmp	r0, #0
   8412a:	f47f ace9 	bne.w	83b00 <_svfprintf_r+0x230>
   8412e:	e9dd 2122 	ldrd	r2, r1, [sp, #136]	; 0x88
   84132:	f1ab 0b10 	sub.w	fp, fp, #16
   84136:	f1bb 0f10 	cmp.w	fp, #16
   8413a:	f04f 0310 	mov.w	r3, #16
   8413e:	f10d 0ab8 	add.w	sl, sp, #184	; 0xb8
   84142:	dce4      	bgt.n	8410e <_svfprintf_r+0x83e>
   84144:	460c      	mov	r4, r1
   84146:	3201      	adds	r2, #1
   84148:	445c      	add	r4, fp
   8414a:	2a07      	cmp	r2, #7
   8414c:	e9cd 2422 	strd	r2, r4, [sp, #136]	; 0x88
   84150:	f8ca 7000 	str.w	r7, [sl]
   84154:	f8ca b004 	str.w	fp, [sl, #4]
   84158:	f300 8376 	bgt.w	84848 <_svfprintf_r+0xf78>
   8415c:	f10a 0a08 	add.w	sl, sl, #8
   84160:	e52a      	b.n	83bb8 <_svfprintf_r+0x2e8>
   84162:	f1bb 0f10 	cmp.w	fp, #16
   84166:	f340 846d 	ble.w	84a44 <_svfprintf_r+0x1174>
   8416a:	4621      	mov	r1, r4
   8416c:	2310      	movs	r3, #16
   8416e:	9a22      	ldr	r2, [sp, #136]	; 0x88
   84170:	4f50      	ldr	r7, [pc, #320]	; (842b4 <_svfprintf_r+0x9e4>)
   84172:	9c0d      	ldr	r4, [sp, #52]	; 0x34
   84174:	e006      	b.n	84184 <_svfprintf_r+0x8b4>
   84176:	f1ab 0b10 	sub.w	fp, fp, #16
   8417a:	f1bb 0f10 	cmp.w	fp, #16
   8417e:	f10a 0a08 	add.w	sl, sl, #8
   84182:	dd1a      	ble.n	841ba <_svfprintf_r+0x8ea>
   84184:	3201      	adds	r2, #1
   84186:	3110      	adds	r1, #16
   84188:	2a07      	cmp	r2, #7
   8418a:	e9ca 7300 	strd	r7, r3, [sl]
   8418e:	e9cd 2122 	strd	r2, r1, [sp, #136]	; 0x88
   84192:	ddf0      	ble.n	84176 <_svfprintf_r+0x8a6>
   84194:	4641      	mov	r1, r8
   84196:	4620      	mov	r0, r4
   84198:	aa21      	add	r2, sp, #132	; 0x84
   8419a:	f004 ff7b 	bl	89094 <__ssprint_r>
   8419e:	2800      	cmp	r0, #0
   841a0:	f47f acae 	bne.w	83b00 <_svfprintf_r+0x230>
   841a4:	e9dd 2122 	ldrd	r2, r1, [sp, #136]	; 0x88
   841a8:	f1ab 0b10 	sub.w	fp, fp, #16
   841ac:	f1bb 0f10 	cmp.w	fp, #16
   841b0:	f04f 0310 	mov.w	r3, #16
   841b4:	f10d 0ab8 	add.w	sl, sp, #184	; 0xb8
   841b8:	dce4      	bgt.n	84184 <_svfprintf_r+0x8b4>
   841ba:	460c      	mov	r4, r1
   841bc:	3201      	adds	r2, #1
   841be:	445c      	add	r4, fp
   841c0:	2a07      	cmp	r2, #7
   841c2:	e9cd 2422 	strd	r2, r4, [sp, #136]	; 0x88
   841c6:	f8ca 7000 	str.w	r7, [sl]
   841ca:	f8ca b004 	str.w	fp, [sl, #4]
   841ce:	f300 81c4 	bgt.w	8455a <_svfprintf_r+0xc8a>
   841d2:	f10a 0a08 	add.w	sl, sl, #8
   841d6:	e4f7      	b.n	83bc8 <_svfprintf_r+0x2f8>
   841d8:	4641      	mov	r1, r8
   841da:	980d      	ldr	r0, [sp, #52]	; 0x34
   841dc:	aa21      	add	r2, sp, #132	; 0x84
   841de:	f004 ff59 	bl	89094 <__ssprint_r>
   841e2:	2800      	cmp	r0, #0
   841e4:	f43f ad17 	beq.w	83c16 <_svfprintf_r+0x346>
   841e8:	e48a      	b.n	83b00 <_svfprintf_r+0x230>
   841ea:	9b12      	ldr	r3, [sp, #72]	; 0x48
   841ec:	2b01      	cmp	r3, #1
   841ee:	f340 816a 	ble.w	844c6 <_svfprintf_r+0xbf6>
   841f2:	2301      	movs	r3, #1
   841f4:	9d22      	ldr	r5, [sp, #136]	; 0x88
   841f6:	3401      	adds	r4, #1
   841f8:	441d      	add	r5, r3
   841fa:	2d07      	cmp	r5, #7
   841fc:	f8ca 6000 	str.w	r6, [sl]
   84200:	9423      	str	r4, [sp, #140]	; 0x8c
   84202:	f8ca 3004 	str.w	r3, [sl, #4]
   84206:	9522      	str	r5, [sp, #136]	; 0x88
   84208:	f300 81c8 	bgt.w	8459c <_svfprintf_r+0xccc>
   8420c:	f10a 0a08 	add.w	sl, sl, #8
   84210:	9b14      	ldr	r3, [sp, #80]	; 0x50
   84212:	3501      	adds	r5, #1
   84214:	9a15      	ldr	r2, [sp, #84]	; 0x54
   84216:	441c      	add	r4, r3
   84218:	2d07      	cmp	r5, #7
   8421a:	e9ca 2300 	strd	r2, r3, [sl]
   8421e:	e9cd 5422 	strd	r5, r4, [sp, #136]	; 0x88
   84222:	f300 81cd 	bgt.w	845c0 <_svfprintf_r+0xcf0>
   84226:	f10a 0a08 	add.w	sl, sl, #8
   8422a:	2200      	movs	r2, #0
   8422c:	e9dd 0110 	ldrd	r0, r1, [sp, #64]	; 0x40
   84230:	2300      	movs	r3, #0
   84232:	f006 fc8f 	bl	8ab54 <__aeabi_dcmpeq>
   84236:	2800      	cmp	r0, #0
   84238:	f040 8163 	bne.w	84502 <_svfprintf_r+0xc32>
   8423c:	9b12      	ldr	r3, [sp, #72]	; 0x48
   8423e:	3501      	adds	r5, #1
   84240:	3b01      	subs	r3, #1
   84242:	3601      	adds	r6, #1
   84244:	441c      	add	r4, r3
   84246:	2d07      	cmp	r5, #7
   84248:	f8ca 6000 	str.w	r6, [sl]
   8424c:	9522      	str	r5, [sp, #136]	; 0x88
   8424e:	f8ca 3004 	str.w	r3, [sl, #4]
   84252:	9423      	str	r4, [sp, #140]	; 0x8c
   84254:	f300 8148 	bgt.w	844e8 <_svfprintf_r+0xc18>
   84258:	f10a 0a08 	add.w	sl, sl, #8
   8425c:	9b16      	ldr	r3, [sp, #88]	; 0x58
   8425e:	3501      	adds	r5, #1
   84260:	441c      	add	r4, r3
   84262:	f8ca 3004 	str.w	r3, [sl, #4]
   84266:	2d07      	cmp	r5, #7
   84268:	ab1d      	add	r3, sp, #116	; 0x74
   8426a:	e9cd 5422 	strd	r5, r4, [sp, #136]	; 0x88
   8426e:	f8ca 3000 	str.w	r3, [sl]
   84272:	f77f acba 	ble.w	83bea <_svfprintf_r+0x31a>
   84276:	4641      	mov	r1, r8
   84278:	980d      	ldr	r0, [sp, #52]	; 0x34
   8427a:	aa21      	add	r2, sp, #132	; 0x84
   8427c:	f004 ff0a 	bl	89094 <__ssprint_r>
   84280:	2800      	cmp	r0, #0
   84282:	f47f ac3d 	bne.w	83b00 <_svfprintf_r+0x230>
   84286:	9c23      	ldr	r4, [sp, #140]	; 0x8c
   84288:	f10d 0ab8 	add.w	sl, sp, #184	; 0xb8
   8428c:	e4af      	b.n	83bee <_svfprintf_r+0x31e>
   8428e:	2f10      	cmp	r7, #16
   84290:	f340 849e 	ble.w	84bd0 <_svfprintf_r+0x1300>
   84294:	e9dd 2122 	ldrd	r2, r1, [sp, #136]	; 0x88
   84298:	9317      	str	r3, [sp, #92]	; 0x5c
   8429a:	2410      	movs	r4, #16
   8429c:	4653      	mov	r3, sl
   8429e:	4608      	mov	r0, r1
   842a0:	46ca      	mov	sl, r9
   842a2:	46b1      	mov	r9, r6
   842a4:	4646      	mov	r6, r8
   842a6:	46b8      	mov	r8, r7
   842a8:	462f      	mov	r7, r5
   842aa:	9d0d      	ldr	r5, [sp, #52]	; 0x34
   842ac:	e00b      	b.n	842c6 <_svfprintf_r+0x9f6>
   842ae:	bf00      	nop
   842b0:	0008b00c 	.word	0x0008b00c
   842b4:	0008b020 	.word	0x0008b020
   842b8:	f1a8 0810 	sub.w	r8, r8, #16
   842bc:	f1b8 0f10 	cmp.w	r8, #16
   842c0:	f103 0308 	add.w	r3, r3, #8
   842c4:	dd18      	ble.n	842f8 <_svfprintf_r+0xa28>
   842c6:	3201      	adds	r2, #1
   842c8:	49bb      	ldr	r1, [pc, #748]	; (845b8 <_svfprintf_r+0xce8>)
   842ca:	3010      	adds	r0, #16
   842cc:	2a07      	cmp	r2, #7
   842ce:	e9c3 1400 	strd	r1, r4, [r3]
   842d2:	e9cd 2022 	strd	r2, r0, [sp, #136]	; 0x88
   842d6:	ddef      	ble.n	842b8 <_svfprintf_r+0x9e8>
   842d8:	4631      	mov	r1, r6
   842da:	4628      	mov	r0, r5
   842dc:	aa21      	add	r2, sp, #132	; 0x84
   842de:	f004 fed9 	bl	89094 <__ssprint_r>
   842e2:	2800      	cmp	r0, #0
   842e4:	f47f ac0b 	bne.w	83afe <_svfprintf_r+0x22e>
   842e8:	e9dd 2022 	ldrd	r2, r0, [sp, #136]	; 0x88
   842ec:	f1a8 0810 	sub.w	r8, r8, #16
   842f0:	f1b8 0f10 	cmp.w	r8, #16
   842f4:	ab2e      	add	r3, sp, #184	; 0xb8
   842f6:	dce6      	bgt.n	842c6 <_svfprintf_r+0x9f6>
   842f8:	4601      	mov	r1, r0
   842fa:	463d      	mov	r5, r7
   842fc:	4647      	mov	r7, r8
   842fe:	46b0      	mov	r8, r6
   84300:	464e      	mov	r6, r9
   84302:	46d1      	mov	r9, sl
   84304:	469a      	mov	sl, r3
   84306:	9b17      	ldr	r3, [sp, #92]	; 0x5c
   84308:	187c      	adds	r4, r7, r1
   8430a:	3201      	adds	r2, #1
   8430c:	49aa      	ldr	r1, [pc, #680]	; (845b8 <_svfprintf_r+0xce8>)
   8430e:	2a07      	cmp	r2, #7
   84310:	e9cd 2422 	strd	r2, r4, [sp, #136]	; 0x88
   84314:	f8ca 7004 	str.w	r7, [sl, #4]
   84318:	f8ca 1000 	str.w	r1, [sl]
   8431c:	f300 8266 	bgt.w	847ec <_svfprintf_r+0xf1c>
   84320:	f10a 0a08 	add.w	sl, sl, #8
   84324:	e41f      	b.n	83b66 <_svfprintf_r+0x296>
   84326:	4641      	mov	r1, r8
   84328:	980d      	ldr	r0, [sp, #52]	; 0x34
   8432a:	aa21      	add	r2, sp, #132	; 0x84
   8432c:	f004 feb2 	bl	89094 <__ssprint_r>
   84330:	2800      	cmp	r0, #0
   84332:	f47f abe5 	bne.w	83b00 <_svfprintf_r+0x230>
   84336:	9c23      	ldr	r4, [sp, #140]	; 0x8c
   84338:	f10d 0ab8 	add.w	sl, sp, #184	; 0xb8
   8433c:	e438      	b.n	83bb0 <_svfprintf_r+0x2e0>
   8433e:	4641      	mov	r1, r8
   84340:	980d      	ldr	r0, [sp, #52]	; 0x34
   84342:	aa21      	add	r2, sp, #132	; 0x84
   84344:	9317      	str	r3, [sp, #92]	; 0x5c
   84346:	f004 fea5 	bl	89094 <__ssprint_r>
   8434a:	2800      	cmp	r0, #0
   8434c:	f47f abd8 	bne.w	83b00 <_svfprintf_r+0x230>
   84350:	9c23      	ldr	r4, [sp, #140]	; 0x8c
   84352:	9b17      	ldr	r3, [sp, #92]	; 0x5c
   84354:	f10d 0ab8 	add.w	sl, sp, #184	; 0xb8
   84358:	e419      	b.n	83b8e <_svfprintf_r+0x2be>
   8435a:	2d10      	cmp	r5, #16
   8435c:	f340 8454 	ble.w	84c08 <_svfprintf_r+0x1338>
   84360:	2610      	movs	r6, #16
   84362:	9b22      	ldr	r3, [sp, #136]	; 0x88
   84364:	9f0d      	ldr	r7, [sp, #52]	; 0x34
   84366:	e004      	b.n	84372 <_svfprintf_r+0xaa2>
   84368:	3d10      	subs	r5, #16
   8436a:	2d10      	cmp	r5, #16
   8436c:	f10a 0a08 	add.w	sl, sl, #8
   84370:	dd17      	ble.n	843a2 <_svfprintf_r+0xad2>
   84372:	3301      	adds	r3, #1
   84374:	4a90      	ldr	r2, [pc, #576]	; (845b8 <_svfprintf_r+0xce8>)
   84376:	3410      	adds	r4, #16
   84378:	2b07      	cmp	r3, #7
   8437a:	e9ca 2600 	strd	r2, r6, [sl]
   8437e:	e9cd 3422 	strd	r3, r4, [sp, #136]	; 0x88
   84382:	ddf1      	ble.n	84368 <_svfprintf_r+0xa98>
   84384:	4641      	mov	r1, r8
   84386:	4638      	mov	r0, r7
   84388:	aa21      	add	r2, sp, #132	; 0x84
   8438a:	f004 fe83 	bl	89094 <__ssprint_r>
   8438e:	2800      	cmp	r0, #0
   84390:	f47f abb6 	bne.w	83b00 <_svfprintf_r+0x230>
   84394:	e9dd 3422 	ldrd	r3, r4, [sp, #136]	; 0x88
   84398:	3d10      	subs	r5, #16
   8439a:	2d10      	cmp	r5, #16
   8439c:	f10d 0ab8 	add.w	sl, sp, #184	; 0xb8
   843a0:	dce7      	bgt.n	84372 <_svfprintf_r+0xaa2>
   843a2:	3301      	adds	r3, #1
   843a4:	4a84      	ldr	r2, [pc, #528]	; (845b8 <_svfprintf_r+0xce8>)
   843a6:	442c      	add	r4, r5
   843a8:	2b07      	cmp	r3, #7
   843aa:	e9cd 3422 	strd	r3, r4, [sp, #136]	; 0x88
   843ae:	f8ca 5004 	str.w	r5, [sl, #4]
   843b2:	f8ca 2000 	str.w	r2, [sl]
   843b6:	f77f ac23 	ble.w	83c00 <_svfprintf_r+0x330>
   843ba:	4641      	mov	r1, r8
   843bc:	980d      	ldr	r0, [sp, #52]	; 0x34
   843be:	aa21      	add	r2, sp, #132	; 0x84
   843c0:	f004 fe68 	bl	89094 <__ssprint_r>
   843c4:	2800      	cmp	r0, #0
   843c6:	f47f ab9b 	bne.w	83b00 <_svfprintf_r+0x230>
   843ca:	9c23      	ldr	r4, [sp, #140]	; 0x8c
   843cc:	e418      	b.n	83c00 <_svfprintf_r+0x330>
   843ce:	991b      	ldr	r1, [sp, #108]	; 0x6c
   843d0:	2900      	cmp	r1, #0
   843d2:	f340 81d7 	ble.w	84784 <_svfprintf_r+0xeb4>
   843d6:	9f12      	ldr	r7, [sp, #72]	; 0x48
   843d8:	9b0f      	ldr	r3, [sp, #60]	; 0x3c
   843da:	429f      	cmp	r7, r3
   843dc:	bfa8      	it	ge
   843de:	461f      	movge	r7, r3
   843e0:	2f00      	cmp	r7, #0
   843e2:	dd0b      	ble.n	843fc <_svfprintf_r+0xb2c>
   843e4:	9b22      	ldr	r3, [sp, #136]	; 0x88
   843e6:	443c      	add	r4, r7
   843e8:	3301      	adds	r3, #1
   843ea:	2b07      	cmp	r3, #7
   843ec:	e9ca 6700 	strd	r6, r7, [sl]
   843f0:	9423      	str	r4, [sp, #140]	; 0x8c
   843f2:	9322      	str	r3, [sp, #136]	; 0x88
   843f4:	f300 83cb 	bgt.w	84b8e <_svfprintf_r+0x12be>
   843f8:	f10a 0a08 	add.w	sl, sl, #8
   843fc:	9d0f      	ldr	r5, [sp, #60]	; 0x3c
   843fe:	2f00      	cmp	r7, #0
   84400:	bfa8      	it	ge
   84402:	1bed      	subge	r5, r5, r7
   84404:	2d00      	cmp	r5, #0
   84406:	f300 815b 	bgt.w	846c0 <_svfprintf_r+0xdf0>
   8440a:	9d1b      	ldr	r5, [sp, #108]	; 0x6c
   8440c:	9b12      	ldr	r3, [sp, #72]	; 0x48
   8440e:	429d      	cmp	r5, r3
   84410:	f280 813a 	bge.w	84688 <_svfprintf_r+0xdb8>
   84414:	9b14      	ldr	r3, [sp, #80]	; 0x50
   84416:	9a15      	ldr	r2, [sp, #84]	; 0x54
   84418:	441c      	add	r4, r3
   8441a:	e9ca 2300 	strd	r2, r3, [sl]
   8441e:	9b22      	ldr	r3, [sp, #136]	; 0x88
   84420:	9423      	str	r4, [sp, #140]	; 0x8c
   84422:	3301      	adds	r3, #1
   84424:	2b07      	cmp	r3, #7
   84426:	9322      	str	r3, [sp, #136]	; 0x88
   84428:	f300 8326 	bgt.w	84a78 <_svfprintf_r+0x11a8>
   8442c:	f10a 0a08 	add.w	sl, sl, #8
   84430:	9b12      	ldr	r3, [sp, #72]	; 0x48
   84432:	9a0f      	ldr	r2, [sp, #60]	; 0x3c
   84434:	1b5d      	subs	r5, r3, r5
   84436:	1a9f      	subs	r7, r3, r2
   84438:	42af      	cmp	r7, r5
   8443a:	bfa8      	it	ge
   8443c:	462f      	movge	r7, r5
   8443e:	2f00      	cmp	r7, #0
   84440:	dd0e      	ble.n	84460 <_svfprintf_r+0xb90>
   84442:	9b22      	ldr	r3, [sp, #136]	; 0x88
   84444:	4416      	add	r6, r2
   84446:	3301      	adds	r3, #1
   84448:	443c      	add	r4, r7
   8444a:	2b07      	cmp	r3, #7
   8444c:	f8ca 6000 	str.w	r6, [sl]
   84450:	f8ca 7004 	str.w	r7, [sl, #4]
   84454:	9423      	str	r4, [sp, #140]	; 0x8c
   84456:	9322      	str	r3, [sp, #136]	; 0x88
   84458:	f300 83a5 	bgt.w	84ba6 <_svfprintf_r+0x12d6>
   8445c:	f10a 0a08 	add.w	sl, sl, #8
   84460:	2f00      	cmp	r7, #0
   84462:	bfa8      	it	ge
   84464:	1bed      	subge	r5, r5, r7
   84466:	2d00      	cmp	r5, #0
   84468:	f77f abc1 	ble.w	83bee <_svfprintf_r+0x31e>
   8446c:	2d10      	cmp	r5, #16
   8446e:	f340 81d0 	ble.w	84812 <_svfprintf_r+0xf42>
   84472:	2610      	movs	r6, #16
   84474:	9b22      	ldr	r3, [sp, #136]	; 0x88
   84476:	4f51      	ldr	r7, [pc, #324]	; (845bc <_svfprintf_r+0xcec>)
   84478:	f8dd b034 	ldr.w	fp, [sp, #52]	; 0x34
   8447c:	e005      	b.n	8448a <_svfprintf_r+0xbba>
   8447e:	f10a 0a08 	add.w	sl, sl, #8
   84482:	3d10      	subs	r5, #16
   84484:	2d10      	cmp	r5, #16
   84486:	f340 81c6 	ble.w	84816 <_svfprintf_r+0xf46>
   8448a:	3301      	adds	r3, #1
   8448c:	3410      	adds	r4, #16
   8448e:	2b07      	cmp	r3, #7
   84490:	e9ca 7600 	strd	r7, r6, [sl]
   84494:	e9cd 3422 	strd	r3, r4, [sp, #136]	; 0x88
   84498:	ddf1      	ble.n	8447e <_svfprintf_r+0xbae>
   8449a:	4641      	mov	r1, r8
   8449c:	4658      	mov	r0, fp
   8449e:	aa21      	add	r2, sp, #132	; 0x84
   844a0:	f004 fdf8 	bl	89094 <__ssprint_r>
   844a4:	2800      	cmp	r0, #0
   844a6:	f47f ab2b 	bne.w	83b00 <_svfprintf_r+0x230>
   844aa:	e9dd 3422 	ldrd	r3, r4, [sp, #136]	; 0x88
   844ae:	f10d 0ab8 	add.w	sl, sp, #184	; 0xb8
   844b2:	e7e6      	b.n	84482 <_svfprintf_r+0xbb2>
   844b4:	9b09      	ldr	r3, [sp, #36]	; 0x24
   844b6:	2b00      	cmp	r3, #0
   844b8:	f040 8352 	bne.w	84b60 <_svfprintf_r+0x1290>
   844bc:	2300      	movs	r3, #0
   844be:	ae2e      	add	r6, sp, #184	; 0xb8
   844c0:	9309      	str	r3, [sp, #36]	; 0x24
   844c2:	930c      	str	r3, [sp, #48]	; 0x30
   844c4:	e58a      	b.n	83fdc <_svfprintf_r+0x70c>
   844c6:	9b07      	ldr	r3, [sp, #28]
   844c8:	07da      	lsls	r2, r3, #31
   844ca:	f53f ae92 	bmi.w	841f2 <_svfprintf_r+0x922>
   844ce:	2301      	movs	r3, #1
   844d0:	9d22      	ldr	r5, [sp, #136]	; 0x88
   844d2:	3401      	adds	r4, #1
   844d4:	441d      	add	r5, r3
   844d6:	2d07      	cmp	r5, #7
   844d8:	f8ca 6000 	str.w	r6, [sl]
   844dc:	9423      	str	r4, [sp, #140]	; 0x8c
   844de:	f8ca 3004 	str.w	r3, [sl, #4]
   844e2:	9522      	str	r5, [sp, #136]	; 0x88
   844e4:	f77f aeb8 	ble.w	84258 <_svfprintf_r+0x988>
   844e8:	4641      	mov	r1, r8
   844ea:	980d      	ldr	r0, [sp, #52]	; 0x34
   844ec:	aa21      	add	r2, sp, #132	; 0x84
   844ee:	f004 fdd1 	bl	89094 <__ssprint_r>
   844f2:	2800      	cmp	r0, #0
   844f4:	f47f ab04 	bne.w	83b00 <_svfprintf_r+0x230>
   844f8:	e9dd 5422 	ldrd	r5, r4, [sp, #136]	; 0x88
   844fc:	f10d 0ab8 	add.w	sl, sp, #184	; 0xb8
   84500:	e6ac      	b.n	8425c <_svfprintf_r+0x98c>
   84502:	9b12      	ldr	r3, [sp, #72]	; 0x48
   84504:	1e5e      	subs	r6, r3, #1
   84506:	2e00      	cmp	r6, #0
   84508:	f77f aea8 	ble.w	8425c <_svfprintf_r+0x98c>
   8450c:	2e10      	cmp	r6, #16
   8450e:	f340 8402 	ble.w	84d16 <_svfprintf_r+0x1446>
   84512:	f8cd 9024 	str.w	r9, [sp, #36]	; 0x24
   84516:	f04f 0b10 	mov.w	fp, #16
   8451a:	46c1      	mov	r9, r8
   8451c:	4f27      	ldr	r7, [pc, #156]	; (845bc <_svfprintf_r+0xcec>)
   8451e:	f8dd 8034 	ldr.w	r8, [sp, #52]	; 0x34
   84522:	e005      	b.n	84530 <_svfprintf_r+0xc60>
   84524:	f10a 0a08 	add.w	sl, sl, #8
   84528:	3e10      	subs	r6, #16
   8452a:	2e10      	cmp	r6, #16
   8452c:	f340 81e3 	ble.w	848f6 <_svfprintf_r+0x1026>
   84530:	3501      	adds	r5, #1
   84532:	3410      	adds	r4, #16
   84534:	2d07      	cmp	r5, #7
   84536:	e9ca 7b00 	strd	r7, fp, [sl]
   8453a:	e9cd 5422 	strd	r5, r4, [sp, #136]	; 0x88
   8453e:	ddf1      	ble.n	84524 <_svfprintf_r+0xc54>
   84540:	4649      	mov	r1, r9
   84542:	4640      	mov	r0, r8
   84544:	aa21      	add	r2, sp, #132	; 0x84
   84546:	f004 fda5 	bl	89094 <__ssprint_r>
   8454a:	2800      	cmp	r0, #0
   8454c:	f040 8382 	bne.w	84c54 <_svfprintf_r+0x1384>
   84550:	e9dd 5422 	ldrd	r5, r4, [sp, #136]	; 0x88
   84554:	f10d 0ab8 	add.w	sl, sp, #184	; 0xb8
   84558:	e7e6      	b.n	84528 <_svfprintf_r+0xc58>
   8455a:	4641      	mov	r1, r8
   8455c:	980d      	ldr	r0, [sp, #52]	; 0x34
   8455e:	aa21      	add	r2, sp, #132	; 0x84
   84560:	f004 fd98 	bl	89094 <__ssprint_r>
   84564:	2800      	cmp	r0, #0
   84566:	f47f aacb 	bne.w	83b00 <_svfprintf_r+0x230>
   8456a:	9c23      	ldr	r4, [sp, #140]	; 0x8c
   8456c:	f10d 0ab8 	add.w	sl, sp, #184	; 0xb8
   84570:	f7ff bb2a 	b.w	83bc8 <_svfprintf_r+0x2f8>
   84574:	9b0e      	ldr	r3, [sp, #56]	; 0x38
   84576:	f853 0b04 	ldr.w	r0, [r3], #4
   8457a:	930e      	str	r3, [sp, #56]	; 0x38
   8457c:	e474      	b.n	83e68 <_svfprintf_r+0x598>
   8457e:	17c1      	asrs	r1, r0, #31
   84580:	460b      	mov	r3, r1
   84582:	2b00      	cmp	r3, #0
   84584:	f6bf abcd 	bge.w	83d22 <_svfprintf_r+0x452>
   84588:	242d      	movs	r4, #45	; 0x2d
   8458a:	4240      	negs	r0, r0
   8458c:	f04f 0301 	mov.w	r3, #1
   84590:	eb61 0141 	sbc.w	r1, r1, r1, lsl #1
   84594:	f88d 4067 	strb.w	r4, [sp, #103]	; 0x67
   84598:	f7ff ba78 	b.w	83a8c <_svfprintf_r+0x1bc>
   8459c:	4641      	mov	r1, r8
   8459e:	980d      	ldr	r0, [sp, #52]	; 0x34
   845a0:	aa21      	add	r2, sp, #132	; 0x84
   845a2:	f004 fd77 	bl	89094 <__ssprint_r>
   845a6:	2800      	cmp	r0, #0
   845a8:	f47f aaaa 	bne.w	83b00 <_svfprintf_r+0x230>
   845ac:	e9dd 5422 	ldrd	r5, r4, [sp, #136]	; 0x88
   845b0:	f10d 0ab8 	add.w	sl, sp, #184	; 0xb8
   845b4:	e62c      	b.n	84210 <_svfprintf_r+0x940>
   845b6:	bf00      	nop
   845b8:	0008b010 	.word	0x0008b010
   845bc:	0008b020 	.word	0x0008b020
   845c0:	4641      	mov	r1, r8
   845c2:	980d      	ldr	r0, [sp, #52]	; 0x34
   845c4:	aa21      	add	r2, sp, #132	; 0x84
   845c6:	f004 fd65 	bl	89094 <__ssprint_r>
   845ca:	2800      	cmp	r0, #0
   845cc:	f47f aa98 	bne.w	83b00 <_svfprintf_r+0x230>
   845d0:	e9dd 5422 	ldrd	r5, r4, [sp, #136]	; 0x88
   845d4:	f10d 0ab8 	add.w	sl, sp, #184	; 0xb8
   845d8:	e627      	b.n	8422a <_svfprintf_r+0x95a>
   845da:	ae2e      	add	r6, sp, #184	; 0xb8
   845dc:	e4fe      	b.n	83fdc <_svfprintf_r+0x70c>
   845de:	e9dd 0110 	ldrd	r0, r1, [sp, #64]	; 0x40
   845e2:	4602      	mov	r2, r0
   845e4:	460b      	mov	r3, r1
   845e6:	f006 fae7 	bl	8abb8 <__aeabi_dcmpun>
   845ea:	2800      	cmp	r0, #0
   845ec:	f040 8371 	bne.w	84cd2 <_svfprintf_r+0x1402>
   845f0:	9b09      	ldr	r3, [sp, #36]	; 0x24
   845f2:	3301      	adds	r3, #1
   845f4:	f000 82e6 	beq.w	84bc4 <_svfprintf_r+0x12f4>
   845f8:	f025 0320 	bic.w	r3, r5, #32
   845fc:	2b47      	cmp	r3, #71	; 0x47
   845fe:	930c      	str	r3, [sp, #48]	; 0x30
   84600:	f000 809e 	beq.w	84740 <_svfprintf_r+0xe70>
   84604:	e9dd 1210 	ldrd	r1, r2, [sp, #64]	; 0x40
   84608:	f44b 7380 	orr.w	r3, fp, #256	; 0x100
   8460c:	1e17      	subs	r7, r2, #0
   8460e:	9307      	str	r3, [sp, #28]
   84610:	f2c0 823f 	blt.w	84a92 <_svfprintf_r+0x11c2>
   84614:	9b10      	ldr	r3, [sp, #64]	; 0x40
   84616:	9308      	str	r3, [sp, #32]
   84618:	2300      	movs	r3, #0
   8461a:	9317      	str	r3, [sp, #92]	; 0x5c
   8461c:	2d66      	cmp	r5, #102	; 0x66
   8461e:	f000 8179 	beq.w	84914 <_svfprintf_r+0x1044>
   84622:	2d46      	cmp	r5, #70	; 0x46
   84624:	f000 8176 	beq.w	84914 <_svfprintf_r+0x1044>
   84628:	2102      	movs	r1, #2
   8462a:	9b0c      	ldr	r3, [sp, #48]	; 0x30
   8462c:	9100      	str	r1, [sp, #0]
   8462e:	2b45      	cmp	r3, #69	; 0x45
   84630:	bf08      	it	eq
   84632:	9b09      	ldreq	r3, [sp, #36]	; 0x24
   84634:	a91f      	add	r1, sp, #124	; 0x7c
   84636:	bf18      	it	ne
   84638:	9c09      	ldrne	r4, [sp, #36]	; 0x24
   8463a:	9104      	str	r1, [sp, #16]
   8463c:	a91c      	add	r1, sp, #112	; 0x70
   8463e:	bf08      	it	eq
   84640:	1c5c      	addeq	r4, r3, #1
   84642:	9103      	str	r1, [sp, #12]
   84644:	a91b      	add	r1, sp, #108	; 0x6c
   84646:	463b      	mov	r3, r7
   84648:	9a08      	ldr	r2, [sp, #32]
   8464a:	980d      	ldr	r0, [sp, #52]	; 0x34
   8464c:	9401      	str	r4, [sp, #4]
   8464e:	9102      	str	r1, [sp, #8]
   84650:	f001 fb6c 	bl	85d2c <_dtoa_r>
   84654:	2d67      	cmp	r5, #103	; 0x67
   84656:	4606      	mov	r6, r0
   84658:	f040 828f 	bne.w	84b7a <_svfprintf_r+0x12aa>
   8465c:	f01b 0f01 	tst.w	fp, #1
   84660:	f000 81a0 	beq.w	849a4 <_svfprintf_r+0x10d4>
   84664:	4434      	add	r4, r6
   84666:	e16c      	b.n	84942 <_svfprintf_r+0x1072>
   84668:	2301      	movs	r3, #1
   8466a:	2020      	movs	r0, #32
   8466c:	f899 5000 	ldrb.w	r5, [r9]
   84670:	f7ff b977 	b.w	83962 <_svfprintf_r+0x92>
   84674:	9b0e      	ldr	r3, [sp, #56]	; 0x38
   84676:	980a      	ldr	r0, [sp, #40]	; 0x28
   84678:	f853 1b04 	ldr.w	r1, [r3], #4
   8467c:	17c2      	asrs	r2, r0, #31
   8467e:	e9c1 0200 	strd	r0, r2, [r1]
   84682:	930e      	str	r3, [sp, #56]	; 0x38
   84684:	f7ff b94b 	b.w	8391e <_svfprintf_r+0x4e>
   84688:	9b07      	ldr	r3, [sp, #28]
   8468a:	07d9      	lsls	r1, r3, #31
   8468c:	f53f aec2 	bmi.w	84414 <_svfprintf_r+0xb44>
   84690:	9b12      	ldr	r3, [sp, #72]	; 0x48
   84692:	9a0f      	ldr	r2, [sp, #60]	; 0x3c
   84694:	1b5d      	subs	r5, r3, r5
   84696:	1a9f      	subs	r7, r3, r2
   84698:	42af      	cmp	r7, r5
   8469a:	bfa8      	it	ge
   8469c:	462f      	movge	r7, r5
   8469e:	e6df      	b.n	84460 <_svfprintf_r+0xb90>
   846a0:	2140      	movs	r1, #64	; 0x40
   846a2:	980d      	ldr	r0, [sp, #52]	; 0x34
   846a4:	f003 f90e 	bl	878c4 <_malloc_r>
   846a8:	f8c8 0000 	str.w	r0, [r8]
   846ac:	f8c8 0010 	str.w	r0, [r8, #16]
   846b0:	2800      	cmp	r0, #0
   846b2:	f000 834d 	beq.w	84d50 <_svfprintf_r+0x1480>
   846b6:	2340      	movs	r3, #64	; 0x40
   846b8:	f8c8 3014 	str.w	r3, [r8, #20]
   846bc:	f7ff b920 	b.w	83900 <_svfprintf_r+0x30>
   846c0:	2d10      	cmp	r5, #16
   846c2:	f340 832a 	ble.w	84d1a <_svfprintf_r+0x144a>
   846c6:	4fb4      	ldr	r7, [pc, #720]	; (84998 <_svfprintf_r+0x10c8>)
   846c8:	9609      	str	r6, [sp, #36]	; 0x24
   846ca:	463a      	mov	r2, r7
   846cc:	f04f 0b10 	mov.w	fp, #16
   846d0:	4647      	mov	r7, r8
   846d2:	9b22      	ldr	r3, [sp, #136]	; 0x88
   846d4:	4690      	mov	r8, r2
   846d6:	9e0d      	ldr	r6, [sp, #52]	; 0x34
   846d8:	e005      	b.n	846e6 <_svfprintf_r+0xe16>
   846da:	f10a 0a08 	add.w	sl, sl, #8
   846de:	3d10      	subs	r5, #16
   846e0:	2d10      	cmp	r5, #16
   846e2:	f340 81b3 	ble.w	84a4c <_svfprintf_r+0x117c>
   846e6:	3301      	adds	r3, #1
   846e8:	3410      	adds	r4, #16
   846ea:	2b07      	cmp	r3, #7
   846ec:	e9ca 8b00 	strd	r8, fp, [sl]
   846f0:	e9cd 3422 	strd	r3, r4, [sp, #136]	; 0x88
   846f4:	ddf1      	ble.n	846da <_svfprintf_r+0xe0a>
   846f6:	4639      	mov	r1, r7
   846f8:	4630      	mov	r0, r6
   846fa:	aa21      	add	r2, sp, #132	; 0x84
   846fc:	f004 fcca 	bl	89094 <__ssprint_r>
   84700:	2800      	cmp	r0, #0
   84702:	f040 82c7 	bne.w	84c94 <_svfprintf_r+0x13c4>
   84706:	e9dd 3422 	ldrd	r3, r4, [sp, #136]	; 0x88
   8470a:	f10d 0ab8 	add.w	sl, sp, #184	; 0xb8
   8470e:	e7e6      	b.n	846de <_svfprintf_r+0xe0e>
   84710:	4630      	mov	r0, r6
   84712:	940e      	str	r4, [sp, #56]	; 0x38
   84714:	9709      	str	r7, [sp, #36]	; 0x24
   84716:	f8cd b01c 	str.w	fp, [sp, #28]
   8471a:	f7ff f877 	bl	8380c <strlen>
   8471e:	ea20 73e0 	bic.w	r3, r0, r0, asr #31
   84722:	f89d 4067 	ldrb.w	r4, [sp, #103]	; 0x67
   84726:	900c      	str	r0, [sp, #48]	; 0x30
   84728:	970f      	str	r7, [sp, #60]	; 0x3c
   8472a:	9308      	str	r3, [sp, #32]
   8472c:	f7ff bac4 	b.w	83cb8 <_svfprintf_r+0x3e8>
   84730:	9b0e      	ldr	r3, [sp, #56]	; 0x38
   84732:	990a      	ldr	r1, [sp, #40]	; 0x28
   84734:	f853 2b04 	ldr.w	r2, [r3], #4
   84738:	6011      	str	r1, [r2, #0]
   8473a:	930e      	str	r3, [sp, #56]	; 0x38
   8473c:	f7ff b8ef 	b.w	8391e <_svfprintf_r+0x4e>
   84740:	9b09      	ldr	r3, [sp, #36]	; 0x24
   84742:	2b00      	cmp	r3, #0
   84744:	bf08      	it	eq
   84746:	2301      	moveq	r3, #1
   84748:	9309      	str	r3, [sp, #36]	; 0x24
   8474a:	e75b      	b.n	84604 <_svfprintf_r+0xd34>
   8474c:	ae2e      	add	r6, sp, #184	; 0xb8
   8474e:	9507      	str	r5, [sp, #28]
   84750:	220a      	movs	r2, #10
   84752:	2300      	movs	r3, #0
   84754:	4607      	mov	r7, r0
   84756:	460d      	mov	r5, r1
   84758:	f006 fa6c 	bl	8ac34 <__aeabi_uldivmod>
   8475c:	3230      	adds	r2, #48	; 0x30
   8475e:	2300      	movs	r3, #0
   84760:	f806 2d01 	strb.w	r2, [r6, #-1]!
   84764:	4638      	mov	r0, r7
   84766:	4629      	mov	r1, r5
   84768:	220a      	movs	r2, #10
   8476a:	f006 fa63 	bl	8ac34 <__aeabi_uldivmod>
   8476e:	2f0a      	cmp	r7, #10
   84770:	f175 0300 	sbcs.w	r3, r5, #0
   84774:	d2ec      	bcs.n	84750 <_svfprintf_r+0xe80>
   84776:	ab2e      	add	r3, sp, #184	; 0xb8
   84778:	1b9b      	subs	r3, r3, r6
   8477a:	9d07      	ldr	r5, [sp, #28]
   8477c:	930c      	str	r3, [sp, #48]	; 0x30
   8477e:	f8cd b01c 	str.w	fp, [sp, #28]
   84782:	e42b      	b.n	83fdc <_svfprintf_r+0x70c>
   84784:	2301      	movs	r3, #1
   84786:	f8ca 3004 	str.w	r3, [sl, #4]
   8478a:	9b22      	ldr	r3, [sp, #136]	; 0x88
   8478c:	4a83      	ldr	r2, [pc, #524]	; (8499c <_svfprintf_r+0x10cc>)
   8478e:	3301      	adds	r3, #1
   84790:	3401      	adds	r4, #1
   84792:	2b07      	cmp	r3, #7
   84794:	9423      	str	r4, [sp, #140]	; 0x8c
   84796:	9322      	str	r3, [sp, #136]	; 0x88
   84798:	f8ca 2000 	str.w	r2, [sl]
   8479c:	f300 8180 	bgt.w	84aa0 <_svfprintf_r+0x11d0>
   847a0:	f10a 0a08 	add.w	sl, sl, #8
   847a4:	2900      	cmp	r1, #0
   847a6:	d172      	bne.n	8488e <_svfprintf_r+0xfbe>
   847a8:	9b07      	ldr	r3, [sp, #28]
   847aa:	9a12      	ldr	r2, [sp, #72]	; 0x48
   847ac:	f003 0301 	and.w	r3, r3, #1
   847b0:	4313      	orrs	r3, r2
   847b2:	f43f aa1c 	beq.w	83bee <_svfprintf_r+0x31e>
   847b6:	9b14      	ldr	r3, [sp, #80]	; 0x50
   847b8:	9915      	ldr	r1, [sp, #84]	; 0x54
   847ba:	191a      	adds	r2, r3, r4
   847bc:	e9ca 1300 	strd	r1, r3, [sl]
   847c0:	9b22      	ldr	r3, [sp, #136]	; 0x88
   847c2:	9223      	str	r2, [sp, #140]	; 0x8c
   847c4:	3301      	adds	r3, #1
   847c6:	2b07      	cmp	r3, #7
   847c8:	9322      	str	r3, [sp, #136]	; 0x88
   847ca:	f300 817c 	bgt.w	84ac6 <_svfprintf_r+0x11f6>
   847ce:	f10a 0a08 	add.w	sl, sl, #8
   847d2:	9912      	ldr	r1, [sp, #72]	; 0x48
   847d4:	3301      	adds	r3, #1
   847d6:	188c      	adds	r4, r1, r2
   847d8:	2b07      	cmp	r3, #7
   847da:	e9cd 3422 	strd	r3, r4, [sp, #136]	; 0x88
   847de:	f8ca 6000 	str.w	r6, [sl]
   847e2:	f8ca 1004 	str.w	r1, [sl, #4]
   847e6:	f77f aa00 	ble.w	83bea <_svfprintf_r+0x31a>
   847ea:	e544      	b.n	84276 <_svfprintf_r+0x9a6>
   847ec:	4641      	mov	r1, r8
   847ee:	980d      	ldr	r0, [sp, #52]	; 0x34
   847f0:	aa21      	add	r2, sp, #132	; 0x84
   847f2:	9317      	str	r3, [sp, #92]	; 0x5c
   847f4:	f004 fc4e 	bl	89094 <__ssprint_r>
   847f8:	2800      	cmp	r0, #0
   847fa:	f47f a981 	bne.w	83b00 <_svfprintf_r+0x230>
   847fe:	9c23      	ldr	r4, [sp, #140]	; 0x8c
   84800:	9b17      	ldr	r3, [sp, #92]	; 0x5c
   84802:	f10d 0ab8 	add.w	sl, sp, #184	; 0xb8
   84806:	f7ff b9ae 	b.w	83b66 <_svfprintf_r+0x296>
   8480a:	f89d 4067 	ldrb.w	r4, [sp, #103]	; 0x67
   8480e:	f7ff ba97 	b.w	83d40 <_svfprintf_r+0x470>
   84812:	9b22      	ldr	r3, [sp, #136]	; 0x88
   84814:	4f60      	ldr	r7, [pc, #384]	; (84998 <_svfprintf_r+0x10c8>)
   84816:	3301      	adds	r3, #1
   84818:	442c      	add	r4, r5
   8481a:	2b07      	cmp	r3, #7
   8481c:	f8ca 7000 	str.w	r7, [sl]
   84820:	f8ca 5004 	str.w	r5, [sl, #4]
   84824:	e9cd 3422 	strd	r3, r4, [sp, #136]	; 0x88
   84828:	f77f a9df 	ble.w	83bea <_svfprintf_r+0x31a>
   8482c:	e523      	b.n	84276 <_svfprintf_r+0x9a6>
   8482e:	4641      	mov	r1, r8
   84830:	980d      	ldr	r0, [sp, #52]	; 0x34
   84832:	aa21      	add	r2, sp, #132	; 0x84
   84834:	f004 fc2e 	bl	89094 <__ssprint_r>
   84838:	2800      	cmp	r0, #0
   8483a:	f47f a961 	bne.w	83b00 <_svfprintf_r+0x230>
   8483e:	9c23      	ldr	r4, [sp, #140]	; 0x8c
   84840:	f10d 0ab8 	add.w	sl, sp, #184	; 0xb8
   84844:	f7ff bbef 	b.w	84026 <_svfprintf_r+0x756>
   84848:	4641      	mov	r1, r8
   8484a:	980d      	ldr	r0, [sp, #52]	; 0x34
   8484c:	aa21      	add	r2, sp, #132	; 0x84
   8484e:	f004 fc21 	bl	89094 <__ssprint_r>
   84852:	2800      	cmp	r0, #0
   84854:	f47f a954 	bne.w	83b00 <_svfprintf_r+0x230>
   84858:	9c23      	ldr	r4, [sp, #140]	; 0x8c
   8485a:	f10d 0ab8 	add.w	sl, sp, #184	; 0xb8
   8485e:	f7ff b9ab 	b.w	83bb8 <_svfprintf_r+0x2e8>
   84862:	4641      	mov	r1, r8
   84864:	980d      	ldr	r0, [sp, #52]	; 0x34
   84866:	aa21      	add	r2, sp, #132	; 0x84
   84868:	f004 fc14 	bl	89094 <__ssprint_r>
   8486c:	2800      	cmp	r0, #0
   8486e:	f47f a947 	bne.w	83b00 <_svfprintf_r+0x230>
   84872:	9c23      	ldr	r4, [sp, #140]	; 0x8c
   84874:	f10d 0ab8 	add.w	sl, sp, #184	; 0xb8
   84878:	f7ff bbeb 	b.w	84052 <_svfprintf_r+0x782>
   8487c:	2b06      	cmp	r3, #6
   8487e:	bf28      	it	cs
   84880:	2306      	movcs	r3, #6
   84882:	4e47      	ldr	r6, [pc, #284]	; (849a0 <_svfprintf_r+0x10d0>)
   84884:	930c      	str	r3, [sp, #48]	; 0x30
   84886:	940e      	str	r4, [sp, #56]	; 0x38
   84888:	9308      	str	r3, [sp, #32]
   8488a:	f7ff b955 	b.w	83b38 <_svfprintf_r+0x268>
   8488e:	9b14      	ldr	r3, [sp, #80]	; 0x50
   84890:	9815      	ldr	r0, [sp, #84]	; 0x54
   84892:	191a      	adds	r2, r3, r4
   84894:	e9ca 0300 	strd	r0, r3, [sl]
   84898:	9b22      	ldr	r3, [sp, #136]	; 0x88
   8489a:	9223      	str	r2, [sp, #140]	; 0x8c
   8489c:	3301      	adds	r3, #1
   8489e:	2b07      	cmp	r3, #7
   848a0:	9322      	str	r3, [sp, #136]	; 0x88
   848a2:	f300 8110 	bgt.w	84ac6 <_svfprintf_r+0x11f6>
   848a6:	f10a 0a08 	add.w	sl, sl, #8
   848aa:	2900      	cmp	r1, #0
   848ac:	da91      	bge.n	847d2 <_svfprintf_r+0xf02>
   848ae:	424d      	negs	r5, r1
   848b0:	3110      	adds	r1, #16
   848b2:	f280 81d6 	bge.w	84c62 <_svfprintf_r+0x1392>
   848b6:	2410      	movs	r4, #16
   848b8:	4f37      	ldr	r7, [pc, #220]	; (84998 <_svfprintf_r+0x10c8>)
   848ba:	f8dd b034 	ldr.w	fp, [sp, #52]	; 0x34
   848be:	e005      	b.n	848cc <_svfprintf_r+0xffc>
   848c0:	f10a 0a08 	add.w	sl, sl, #8
   848c4:	3d10      	subs	r5, #16
   848c6:	2d10      	cmp	r5, #16
   848c8:	f340 81cc 	ble.w	84c64 <_svfprintf_r+0x1394>
   848cc:	3301      	adds	r3, #1
   848ce:	3210      	adds	r2, #16
   848d0:	2b07      	cmp	r3, #7
   848d2:	e9ca 7400 	strd	r7, r4, [sl]
   848d6:	e9cd 3222 	strd	r3, r2, [sp, #136]	; 0x88
   848da:	ddf1      	ble.n	848c0 <_svfprintf_r+0xff0>
   848dc:	4641      	mov	r1, r8
   848de:	4658      	mov	r0, fp
   848e0:	aa21      	add	r2, sp, #132	; 0x84
   848e2:	f004 fbd7 	bl	89094 <__ssprint_r>
   848e6:	2800      	cmp	r0, #0
   848e8:	f47f a90a 	bne.w	83b00 <_svfprintf_r+0x230>
   848ec:	e9dd 3222 	ldrd	r3, r2, [sp, #136]	; 0x88
   848f0:	f10d 0ab8 	add.w	sl, sp, #184	; 0xb8
   848f4:	e7e6      	b.n	848c4 <_svfprintf_r+0xff4>
   848f6:	46c8      	mov	r8, r9
   848f8:	f8dd 9024 	ldr.w	r9, [sp, #36]	; 0x24
   848fc:	3501      	adds	r5, #1
   848fe:	4434      	add	r4, r6
   84900:	2d07      	cmp	r5, #7
   84902:	e9cd 5422 	strd	r5, r4, [sp, #136]	; 0x88
   84906:	f8ca 7000 	str.w	r7, [sl]
   8490a:	f8ca 6004 	str.w	r6, [sl, #4]
   8490e:	f77f aca3 	ble.w	84258 <_svfprintf_r+0x988>
   84912:	e5e9      	b.n	844e8 <_svfprintf_r+0xc18>
   84914:	2103      	movs	r1, #3
   84916:	e9dd 2408 	ldrd	r2, r4, [sp, #32]
   8491a:	9100      	str	r1, [sp, #0]
   8491c:	a91f      	add	r1, sp, #124	; 0x7c
   8491e:	9104      	str	r1, [sp, #16]
   84920:	a91c      	add	r1, sp, #112	; 0x70
   84922:	9103      	str	r1, [sp, #12]
   84924:	a91b      	add	r1, sp, #108	; 0x6c
   84926:	463b      	mov	r3, r7
   84928:	9401      	str	r4, [sp, #4]
   8492a:	980d      	ldr	r0, [sp, #52]	; 0x34
   8492c:	9102      	str	r1, [sp, #8]
   8492e:	f001 f9fd 	bl	85d2c <_dtoa_r>
   84932:	4606      	mov	r6, r0
   84934:	7833      	ldrb	r3, [r6, #0]
   84936:	1904      	adds	r4, r0, r4
   84938:	2b30      	cmp	r3, #48	; 0x30
   8493a:	f000 81ae 	beq.w	84c9a <_svfprintf_r+0x13ca>
   8493e:	9b1b      	ldr	r3, [sp, #108]	; 0x6c
   84940:	441c      	add	r4, r3
   84942:	4639      	mov	r1, r7
   84944:	2200      	movs	r2, #0
   84946:	2300      	movs	r3, #0
   84948:	9808      	ldr	r0, [sp, #32]
   8494a:	f006 f903 	bl	8ab54 <__aeabi_dcmpeq>
   8494e:	2800      	cmp	r0, #0
   84950:	f040 80b3 	bne.w	84aba <_svfprintf_r+0x11ea>
   84954:	9b1f      	ldr	r3, [sp, #124]	; 0x7c
   84956:	42a3      	cmp	r3, r4
   84958:	d206      	bcs.n	84968 <_svfprintf_r+0x1098>
   8495a:	2130      	movs	r1, #48	; 0x30
   8495c:	1c5a      	adds	r2, r3, #1
   8495e:	921f      	str	r2, [sp, #124]	; 0x7c
   84960:	7019      	strb	r1, [r3, #0]
   84962:	9b1f      	ldr	r3, [sp, #124]	; 0x7c
   84964:	429c      	cmp	r4, r3
   84966:	d8f9      	bhi.n	8495c <_svfprintf_r+0x108c>
   84968:	1b9b      	subs	r3, r3, r6
   8496a:	9312      	str	r3, [sp, #72]	; 0x48
   8496c:	9b0c      	ldr	r3, [sp, #48]	; 0x30
   8496e:	2b47      	cmp	r3, #71	; 0x47
   84970:	d01f      	beq.n	849b2 <_svfprintf_r+0x10e2>
   84972:	2d66      	cmp	r5, #102	; 0x66
   84974:	f040 81f4 	bne.w	84d60 <_svfprintf_r+0x1490>
   84978:	9b1b      	ldr	r3, [sp, #108]	; 0x6c
   8497a:	f00b 0b01 	and.w	fp, fp, #1
   8497e:	2b00      	cmp	r3, #0
   84980:	930f      	str	r3, [sp, #60]	; 0x3c
   84982:	f340 80f1 	ble.w	84b68 <_svfprintf_r+0x1298>
   84986:	9909      	ldr	r1, [sp, #36]	; 0x24
   84988:	ea5b 0201 	orrs.w	r2, fp, r1
   8498c:	f040 8193 	bne.w	84cb6 <_svfprintf_r+0x13e6>
   84990:	9b0f      	ldr	r3, [sp, #60]	; 0x3c
   84992:	9308      	str	r3, [sp, #32]
   84994:	930c      	str	r3, [sp, #48]	; 0x30
   84996:	e023      	b.n	849e0 <_svfprintf_r+0x1110>
   84998:	0008b020 	.word	0x0008b020
   8499c:	0008b00c 	.word	0x0008b00c
   849a0:	0008b004 	.word	0x0008b004
   849a4:	9b1f      	ldr	r3, [sp, #124]	; 0x7c
   849a6:	1b9b      	subs	r3, r3, r6
   849a8:	9312      	str	r3, [sp, #72]	; 0x48
   849aa:	9b0c      	ldr	r3, [sp, #48]	; 0x30
   849ac:	2b47      	cmp	r3, #71	; 0x47
   849ae:	f040 81d7 	bne.w	84d60 <_svfprintf_r+0x1490>
   849b2:	9b1b      	ldr	r3, [sp, #108]	; 0x6c
   849b4:	1cd9      	adds	r1, r3, #3
   849b6:	930f      	str	r3, [sp, #60]	; 0x3c
   849b8:	db1d      	blt.n	849f6 <_svfprintf_r+0x1126>
   849ba:	9a09      	ldr	r2, [sp, #36]	; 0x24
   849bc:	4293      	cmp	r3, r2
   849be:	dc1a      	bgt.n	849f6 <_svfprintf_r+0x1126>
   849c0:	9b0f      	ldr	r3, [sp, #60]	; 0x3c
   849c2:	9a12      	ldr	r2, [sp, #72]	; 0x48
   849c4:	4293      	cmp	r3, r2
   849c6:	f2c0 812e 	blt.w	84c26 <_svfprintf_r+0x1356>
   849ca:	f01b 0f01 	tst.w	fp, #1
   849ce:	bf1e      	ittt	ne
   849d0:	9b0f      	ldrne	r3, [sp, #60]	; 0x3c
   849d2:	9a14      	ldrne	r2, [sp, #80]	; 0x50
   849d4:	189b      	addne	r3, r3, r2
   849d6:	930c      	str	r3, [sp, #48]	; 0x30
   849d8:	2567      	movs	r5, #103	; 0x67
   849da:	ea23 73e3 	bic.w	r3, r3, r3, asr #31
   849de:	9308      	str	r3, [sp, #32]
   849e0:	9b17      	ldr	r3, [sp, #92]	; 0x5c
   849e2:	2b00      	cmp	r3, #0
   849e4:	f000 80cd 	beq.w	84b82 <_svfprintf_r+0x12b2>
   849e8:	232d      	movs	r3, #45	; 0x2d
   849ea:	f88d 3067 	strb.w	r3, [sp, #103]	; 0x67
   849ee:	2300      	movs	r3, #0
   849f0:	9309      	str	r3, [sp, #36]	; 0x24
   849f2:	f7ff b964 	b.w	83cbe <_svfprintf_r+0x3ee>
   849f6:	3d02      	subs	r5, #2
   849f8:	9a0f      	ldr	r2, [sp, #60]	; 0x3c
   849fa:	f88d 5074 	strb.w	r5, [sp, #116]	; 0x74
   849fe:	1e53      	subs	r3, r2, #1
   84a00:	2b00      	cmp	r3, #0
   84a02:	bfa8      	it	ge
   84a04:	222b      	movge	r2, #43	; 0x2b
   84a06:	931b      	str	r3, [sp, #108]	; 0x6c
   84a08:	bfbc      	itt	lt
   84a0a:	f1c2 0301 	rsblt	r3, r2, #1
   84a0e:	222d      	movlt	r2, #45	; 0x2d
   84a10:	2b09      	cmp	r3, #9
   84a12:	f88d 2075 	strb.w	r2, [sp, #117]	; 0x75
   84a16:	dc70      	bgt.n	84afa <_svfprintf_r+0x122a>
   84a18:	3330      	adds	r3, #48	; 0x30
   84a1a:	f88d 3077 	strb.w	r3, [sp, #119]	; 0x77
   84a1e:	2330      	movs	r3, #48	; 0x30
   84a20:	f88d 3076 	strb.w	r3, [sp, #118]	; 0x76
   84a24:	2304      	movs	r3, #4
   84a26:	9316      	str	r3, [sp, #88]	; 0x58
   84a28:	9a12      	ldr	r2, [sp, #72]	; 0x48
   84a2a:	9b16      	ldr	r3, [sp, #88]	; 0x58
   84a2c:	2a01      	cmp	r2, #1
   84a2e:	4413      	add	r3, r2
   84a30:	930c      	str	r3, [sp, #48]	; 0x30
   84a32:	f340 8148 	ble.w	84cc6 <_svfprintf_r+0x13f6>
   84a36:	9b0c      	ldr	r3, [sp, #48]	; 0x30
   84a38:	9a14      	ldr	r2, [sp, #80]	; 0x50
   84a3a:	4413      	add	r3, r2
   84a3c:	2200      	movs	r2, #0
   84a3e:	930c      	str	r3, [sp, #48]	; 0x30
   84a40:	920f      	str	r2, [sp, #60]	; 0x3c
   84a42:	e7ca      	b.n	849da <_svfprintf_r+0x110a>
   84a44:	9a22      	ldr	r2, [sp, #136]	; 0x88
   84a46:	4fbe      	ldr	r7, [pc, #760]	; (84d40 <_svfprintf_r+0x1470>)
   84a48:	f7ff bbb8 	b.w	841bc <_svfprintf_r+0x8ec>
   84a4c:	4642      	mov	r2, r8
   84a4e:	46b8      	mov	r8, r7
   84a50:	4617      	mov	r7, r2
   84a52:	9e09      	ldr	r6, [sp, #36]	; 0x24
   84a54:	3301      	adds	r3, #1
   84a56:	442c      	add	r4, r5
   84a58:	2b07      	cmp	r3, #7
   84a5a:	e9cd 3422 	strd	r3, r4, [sp, #136]	; 0x88
   84a5e:	f8ca 7000 	str.w	r7, [sl]
   84a62:	f8ca 5004 	str.w	r5, [sl, #4]
   84a66:	dc3c      	bgt.n	84ae2 <_svfprintf_r+0x1212>
   84a68:	f10a 0a08 	add.w	sl, sl, #8
   84a6c:	e4cd      	b.n	8440a <_svfprintf_r+0xb3a>
   84a6e:	242d      	movs	r4, #45	; 0x2d
   84a70:	f88d 4067 	strb.w	r4, [sp, #103]	; 0x67
   84a74:	f7ff b912 	b.w	83c9c <_svfprintf_r+0x3cc>
   84a78:	4641      	mov	r1, r8
   84a7a:	980d      	ldr	r0, [sp, #52]	; 0x34
   84a7c:	aa21      	add	r2, sp, #132	; 0x84
   84a7e:	f004 fb09 	bl	89094 <__ssprint_r>
   84a82:	2800      	cmp	r0, #0
   84a84:	f47f a83c 	bne.w	83b00 <_svfprintf_r+0x230>
   84a88:	9d1b      	ldr	r5, [sp, #108]	; 0x6c
   84a8a:	9c23      	ldr	r4, [sp, #140]	; 0x8c
   84a8c:	f10d 0ab8 	add.w	sl, sp, #184	; 0xb8
   84a90:	e4ce      	b.n	84430 <_svfprintf_r+0xb60>
   84a92:	4614      	mov	r4, r2
   84a94:	222d      	movs	r2, #45	; 0x2d
   84a96:	9108      	str	r1, [sp, #32]
   84a98:	9217      	str	r2, [sp, #92]	; 0x5c
   84a9a:	f104 4700 	add.w	r7, r4, #2147483648	; 0x80000000
   84a9e:	e5bd      	b.n	8461c <_svfprintf_r+0xd4c>
   84aa0:	4641      	mov	r1, r8
   84aa2:	980d      	ldr	r0, [sp, #52]	; 0x34
   84aa4:	aa21      	add	r2, sp, #132	; 0x84
   84aa6:	f004 faf5 	bl	89094 <__ssprint_r>
   84aaa:	2800      	cmp	r0, #0
   84aac:	f47f a828 	bne.w	83b00 <_svfprintf_r+0x230>
   84ab0:	991b      	ldr	r1, [sp, #108]	; 0x6c
   84ab2:	9c23      	ldr	r4, [sp, #140]	; 0x8c
   84ab4:	f10d 0ab8 	add.w	sl, sp, #184	; 0xb8
   84ab8:	e674      	b.n	847a4 <_svfprintf_r+0xed4>
   84aba:	4623      	mov	r3, r4
   84abc:	e754      	b.n	84968 <_svfprintf_r+0x1098>
   84abe:	f88d 0067 	strb.w	r0, [sp, #103]	; 0x67
   84ac2:	f7ff b82d 	b.w	83b20 <_svfprintf_r+0x250>
   84ac6:	4641      	mov	r1, r8
   84ac8:	980d      	ldr	r0, [sp, #52]	; 0x34
   84aca:	aa21      	add	r2, sp, #132	; 0x84
   84acc:	f004 fae2 	bl	89094 <__ssprint_r>
   84ad0:	2800      	cmp	r0, #0
   84ad2:	f47f a815 	bne.w	83b00 <_svfprintf_r+0x230>
   84ad6:	e9dd 3222 	ldrd	r3, r2, [sp, #136]	; 0x88
   84ada:	991b      	ldr	r1, [sp, #108]	; 0x6c
   84adc:	f10d 0ab8 	add.w	sl, sp, #184	; 0xb8
   84ae0:	e6e3      	b.n	848aa <_svfprintf_r+0xfda>
   84ae2:	4641      	mov	r1, r8
   84ae4:	980d      	ldr	r0, [sp, #52]	; 0x34
   84ae6:	aa21      	add	r2, sp, #132	; 0x84
   84ae8:	f004 fad4 	bl	89094 <__ssprint_r>
   84aec:	2800      	cmp	r0, #0
   84aee:	f47f a807 	bne.w	83b00 <_svfprintf_r+0x230>
   84af2:	9c23      	ldr	r4, [sp, #140]	; 0x8c
   84af4:	f10d 0ab8 	add.w	sl, sp, #184	; 0xb8
   84af8:	e487      	b.n	8440a <_svfprintf_r+0xb3a>
   84afa:	f10d 0c83 	add.w	ip, sp, #131	; 0x83
   84afe:	4662      	mov	r2, ip
   84b00:	4f90      	ldr	r7, [pc, #576]	; (84d44 <_svfprintf_r+0x1474>)
   84b02:	461c      	mov	r4, r3
   84b04:	4610      	mov	r0, r2
   84b06:	fb87 1203 	smull	r1, r2, r7, r3
   84b0a:	17d9      	asrs	r1, r3, #31
   84b0c:	ebc1 01a2 	rsb	r1, r1, r2, asr #2
   84b10:	eb01 0281 	add.w	r2, r1, r1, lsl #2
   84b14:	eba3 0242 	sub.w	r2, r3, r2, lsl #1
   84b18:	3230      	adds	r2, #48	; 0x30
   84b1a:	2c63      	cmp	r4, #99	; 0x63
   84b1c:	f800 2c01 	strb.w	r2, [r0, #-1]
   84b20:	460b      	mov	r3, r1
   84b22:	f100 32ff 	add.w	r2, r0, #4294967295	; 0xffffffff
   84b26:	dcec      	bgt.n	84b02 <_svfprintf_r+0x1232>
   84b28:	3330      	adds	r3, #48	; 0x30
   84b2a:	b2d9      	uxtb	r1, r3
   84b2c:	1e83      	subs	r3, r0, #2
   84b2e:	459c      	cmp	ip, r3
   84b30:	f802 1c01 	strb.w	r1, [r2, #-1]
   84b34:	f240 8100 	bls.w	84d38 <_svfprintf_r+0x1468>
   84b38:	4613      	mov	r3, r2
   84b3a:	f10d 0276 	add.w	r2, sp, #118	; 0x76
   84b3e:	e001      	b.n	84b44 <_svfprintf_r+0x1274>
   84b40:	f813 1b01 	ldrb.w	r1, [r3], #1
   84b44:	459c      	cmp	ip, r3
   84b46:	f802 1b01 	strb.w	r1, [r2], #1
   84b4a:	d1f9      	bne.n	84b40 <_svfprintf_r+0x1270>
   84b4c:	f10d 0385 	add.w	r3, sp, #133	; 0x85
   84b50:	f10d 0276 	add.w	r2, sp, #118	; 0x76
   84b54:	1a1b      	subs	r3, r3, r0
   84b56:	4413      	add	r3, r2
   84b58:	aa1d      	add	r2, sp, #116	; 0x74
   84b5a:	1a9b      	subs	r3, r3, r2
   84b5c:	9316      	str	r3, [sp, #88]	; 0x58
   84b5e:	e763      	b.n	84a28 <_svfprintf_r+0x1158>
   84b60:	f8dd b01c 	ldr.w	fp, [sp, #28]
   84b64:	f7ff b8f1 	b.w	83d4a <_svfprintf_r+0x47a>
   84b68:	9a09      	ldr	r2, [sp, #36]	; 0x24
   84b6a:	ea5b 0302 	orrs.w	r3, fp, r2
   84b6e:	f040 80ca 	bne.w	84d06 <_svfprintf_r+0x1436>
   84b72:	2301      	movs	r3, #1
   84b74:	9308      	str	r3, [sp, #32]
   84b76:	930c      	str	r3, [sp, #48]	; 0x30
   84b78:	e732      	b.n	849e0 <_svfprintf_r+0x1110>
   84b7a:	2d47      	cmp	r5, #71	; 0x47
   84b7c:	f43f ad6e 	beq.w	8465c <_svfprintf_r+0xd8c>
   84b80:	e570      	b.n	84664 <_svfprintf_r+0xd94>
   84b82:	9b17      	ldr	r3, [sp, #92]	; 0x5c
   84b84:	f89d 4067 	ldrb.w	r4, [sp, #103]	; 0x67
   84b88:	9309      	str	r3, [sp, #36]	; 0x24
   84b8a:	f7ff b895 	b.w	83cb8 <_svfprintf_r+0x3e8>
   84b8e:	4641      	mov	r1, r8
   84b90:	980d      	ldr	r0, [sp, #52]	; 0x34
   84b92:	aa21      	add	r2, sp, #132	; 0x84
   84b94:	f004 fa7e 	bl	89094 <__ssprint_r>
   84b98:	2800      	cmp	r0, #0
   84b9a:	f47e afb1 	bne.w	83b00 <_svfprintf_r+0x230>
   84b9e:	9c23      	ldr	r4, [sp, #140]	; 0x8c
   84ba0:	f10d 0ab8 	add.w	sl, sp, #184	; 0xb8
   84ba4:	e42a      	b.n	843fc <_svfprintf_r+0xb2c>
   84ba6:	4641      	mov	r1, r8
   84ba8:	980d      	ldr	r0, [sp, #52]	; 0x34
   84baa:	aa21      	add	r2, sp, #132	; 0x84
   84bac:	f004 fa72 	bl	89094 <__ssprint_r>
   84bb0:	2800      	cmp	r0, #0
   84bb2:	f47e afa5 	bne.w	83b00 <_svfprintf_r+0x230>
   84bb6:	9d1b      	ldr	r5, [sp, #108]	; 0x6c
   84bb8:	9b12      	ldr	r3, [sp, #72]	; 0x48
   84bba:	9c23      	ldr	r4, [sp, #140]	; 0x8c
   84bbc:	f10d 0ab8 	add.w	sl, sp, #184	; 0xb8
   84bc0:	1b5d      	subs	r5, r3, r5
   84bc2:	e44d      	b.n	84460 <_svfprintf_r+0xb90>
   84bc4:	2306      	movs	r3, #6
   84bc6:	9309      	str	r3, [sp, #36]	; 0x24
   84bc8:	f025 0320 	bic.w	r3, r5, #32
   84bcc:	930c      	str	r3, [sp, #48]	; 0x30
   84bce:	e519      	b.n	84604 <_svfprintf_r+0xd34>
   84bd0:	e9dd 2122 	ldrd	r2, r1, [sp, #136]	; 0x88
   84bd4:	f7ff bb98 	b.w	84308 <_svfprintf_r+0xa38>
   84bd8:	9b09      	ldr	r3, [sp, #36]	; 0x24
   84bda:	940e      	str	r4, [sp, #56]	; 0x38
   84bdc:	f8cd b01c 	str.w	fp, [sp, #28]
   84be0:	f89d 4067 	ldrb.w	r4, [sp, #103]	; 0x67
   84be4:	9308      	str	r3, [sp, #32]
   84be6:	930c      	str	r3, [sp, #48]	; 0x30
   84be8:	9009      	str	r0, [sp, #36]	; 0x24
   84bea:	900f      	str	r0, [sp, #60]	; 0x3c
   84bec:	f7ff b864 	b.w	83cb8 <_svfprintf_r+0x3e8>
   84bf0:	f88d 0067 	strb.w	r0, [sp, #103]	; 0x67
   84bf4:	f7ff b951 	b.w	83e9a <_svfprintf_r+0x5ca>
   84bf8:	f88d 0067 	strb.w	r0, [sp, #103]	; 0x67
   84bfc:	f7ff b9a7 	b.w	83f4e <_svfprintf_r+0x67e>
   84c00:	f88d 0067 	strb.w	r0, [sp, #103]	; 0x67
   84c04:	f7ff b8e2 	b.w	83dcc <_svfprintf_r+0x4fc>
   84c08:	9b22      	ldr	r3, [sp, #136]	; 0x88
   84c0a:	f7ff bbca 	b.w	843a2 <_svfprintf_r+0xad2>
   84c0e:	f88d 0067 	strb.w	r0, [sp, #103]	; 0x67
   84c12:	f7ff b876 	b.w	83d02 <_svfprintf_r+0x432>
   84c16:	f88d 0067 	strb.w	r0, [sp, #103]	; 0x67
   84c1a:	f7ff b812 	b.w	83c42 <_svfprintf_r+0x372>
   84c1e:	f88d 0067 	strb.w	r0, [sp, #103]	; 0x67
   84c22:	f7ff b914 	b.w	83e4e <_svfprintf_r+0x57e>
   84c26:	9a14      	ldr	r2, [sp, #80]	; 0x50
   84c28:	9b12      	ldr	r3, [sp, #72]	; 0x48
   84c2a:	4413      	add	r3, r2
   84c2c:	9a0f      	ldr	r2, [sp, #60]	; 0x3c
   84c2e:	930c      	str	r3, [sp, #48]	; 0x30
   84c30:	2a00      	cmp	r2, #0
   84c32:	f73f aed1 	bgt.w	849d8 <_svfprintf_r+0x1108>
   84c36:	9b0f      	ldr	r3, [sp, #60]	; 0x3c
   84c38:	9a0c      	ldr	r2, [sp, #48]	; 0x30
   84c3a:	f1c3 0301 	rsb	r3, r3, #1
   84c3e:	441a      	add	r2, r3
   84c40:	ea22 73e2 	bic.w	r3, r2, r2, asr #31
   84c44:	2567      	movs	r5, #103	; 0x67
   84c46:	920c      	str	r2, [sp, #48]	; 0x30
   84c48:	9308      	str	r3, [sp, #32]
   84c4a:	e6c9      	b.n	849e0 <_svfprintf_r+0x1110>
   84c4c:	2200      	movs	r2, #0
   84c4e:	9209      	str	r2, [sp, #36]	; 0x24
   84c50:	f7fe be89 	b.w	83966 <_svfprintf_r+0x96>
   84c54:	46c8      	mov	r8, r9
   84c56:	f7fe bf53 	b.w	83b00 <_svfprintf_r+0x230>
   84c5a:	9a22      	ldr	r2, [sp, #136]	; 0x88
   84c5c:	4f38      	ldr	r7, [pc, #224]	; (84d40 <_svfprintf_r+0x1470>)
   84c5e:	f7ff ba72 	b.w	84146 <_svfprintf_r+0x876>
   84c62:	4f37      	ldr	r7, [pc, #220]	; (84d40 <_svfprintf_r+0x1470>)
   84c64:	3301      	adds	r3, #1
   84c66:	442a      	add	r2, r5
   84c68:	2b07      	cmp	r3, #7
   84c6a:	e9cd 3222 	strd	r3, r2, [sp, #136]	; 0x88
   84c6e:	f8ca 7000 	str.w	r7, [sl]
   84c72:	f8ca 5004 	str.w	r5, [sl, #4]
   84c76:	f77f adaa 	ble.w	847ce <_svfprintf_r+0xefe>
   84c7a:	4641      	mov	r1, r8
   84c7c:	980d      	ldr	r0, [sp, #52]	; 0x34
   84c7e:	aa21      	add	r2, sp, #132	; 0x84
   84c80:	f004 fa08 	bl	89094 <__ssprint_r>
   84c84:	2800      	cmp	r0, #0
   84c86:	f47e af3b 	bne.w	83b00 <_svfprintf_r+0x230>
   84c8a:	e9dd 3222 	ldrd	r3, r2, [sp, #136]	; 0x88
   84c8e:	f10d 0ab8 	add.w	sl, sp, #184	; 0xb8
   84c92:	e59e      	b.n	847d2 <_svfprintf_r+0xf02>
   84c94:	46b8      	mov	r8, r7
   84c96:	f7fe bf33 	b.w	83b00 <_svfprintf_r+0x230>
   84c9a:	4639      	mov	r1, r7
   84c9c:	2200      	movs	r2, #0
   84c9e:	2300      	movs	r3, #0
   84ca0:	9808      	ldr	r0, [sp, #32]
   84ca2:	f005 ff57 	bl	8ab54 <__aeabi_dcmpeq>
   84ca6:	2800      	cmp	r0, #0
   84ca8:	f47f ae49 	bne.w	8493e <_svfprintf_r+0x106e>
   84cac:	9b09      	ldr	r3, [sp, #36]	; 0x24
   84cae:	f1c3 0301 	rsb	r3, r3, #1
   84cb2:	931b      	str	r3, [sp, #108]	; 0x6c
   84cb4:	e644      	b.n	84940 <_svfprintf_r+0x1070>
   84cb6:	9a14      	ldr	r2, [sp, #80]	; 0x50
   84cb8:	4413      	add	r3, r2
   84cba:	4419      	add	r1, r3
   84cbc:	ea21 73e1 	bic.w	r3, r1, r1, asr #31
   84cc0:	910c      	str	r1, [sp, #48]	; 0x30
   84cc2:	9308      	str	r3, [sp, #32]
   84cc4:	e68c      	b.n	849e0 <_svfprintf_r+0x1110>
   84cc6:	f01b 0201 	ands.w	r2, fp, #1
   84cca:	920f      	str	r2, [sp, #60]	; 0x3c
   84ccc:	f47f aeb3 	bne.w	84a36 <_svfprintf_r+0x1166>
   84cd0:	e683      	b.n	849da <_svfprintf_r+0x110a>
   84cd2:	9b11      	ldr	r3, [sp, #68]	; 0x44
   84cd4:	2203      	movs	r2, #3
   84cd6:	2b00      	cmp	r3, #0
   84cd8:	bfb8      	it	lt
   84cda:	242d      	movlt	r4, #45	; 0x2d
   84cdc:	f04f 0100 	mov.w	r1, #0
   84ce0:	f02b 0380 	bic.w	r3, fp, #128	; 0x80
   84ce4:	4e18      	ldr	r6, [pc, #96]	; (84d48 <_svfprintf_r+0x1478>)
   84ce6:	9307      	str	r3, [sp, #28]
   84ce8:	4b18      	ldr	r3, [pc, #96]	; (84d4c <_svfprintf_r+0x147c>)
   84cea:	bfac      	ite	ge
   84cec:	f89d 4067 	ldrbge.w	r4, [sp, #103]	; 0x67
   84cf0:	f88d 4067 	strblt.w	r4, [sp, #103]	; 0x67
   84cf4:	e9cd 2108 	strd	r2, r1, [sp, #32]
   84cf8:	2d47      	cmp	r5, #71	; 0x47
   84cfa:	bfc8      	it	gt
   84cfc:	461e      	movgt	r6, r3
   84cfe:	920c      	str	r2, [sp, #48]	; 0x30
   84d00:	910f      	str	r1, [sp, #60]	; 0x3c
   84d02:	f7fe bfd9 	b.w	83cb8 <_svfprintf_r+0x3e8>
   84d06:	9b14      	ldr	r3, [sp, #80]	; 0x50
   84d08:	3301      	adds	r3, #1
   84d0a:	441a      	add	r2, r3
   84d0c:	ea22 73e2 	bic.w	r3, r2, r2, asr #31
   84d10:	920c      	str	r2, [sp, #48]	; 0x30
   84d12:	9308      	str	r3, [sp, #32]
   84d14:	e664      	b.n	849e0 <_svfprintf_r+0x1110>
   84d16:	4f0a      	ldr	r7, [pc, #40]	; (84d40 <_svfprintf_r+0x1470>)
   84d18:	e5f0      	b.n	848fc <_svfprintf_r+0x102c>
   84d1a:	9b22      	ldr	r3, [sp, #136]	; 0x88
   84d1c:	4f08      	ldr	r7, [pc, #32]	; (84d40 <_svfprintf_r+0x1470>)
   84d1e:	e699      	b.n	84a54 <_svfprintf_r+0x1184>
   84d20:	9a0e      	ldr	r2, [sp, #56]	; 0x38
   84d22:	f899 5001 	ldrb.w	r5, [r9, #1]
   84d26:	4689      	mov	r9, r1
   84d28:	f852 1b04 	ldr.w	r1, [r2], #4
   84d2c:	920e      	str	r2, [sp, #56]	; 0x38
   84d2e:	ea41 72e1 	orr.w	r2, r1, r1, asr #31
   84d32:	9209      	str	r2, [sp, #36]	; 0x24
   84d34:	f7fe be15 	b.w	83962 <_svfprintf_r+0x92>
   84d38:	2302      	movs	r3, #2
   84d3a:	9316      	str	r3, [sp, #88]	; 0x58
   84d3c:	e674      	b.n	84a28 <_svfprintf_r+0x1158>
   84d3e:	bf00      	nop
   84d40:	0008b020 	.word	0x0008b020
   84d44:	66666667 	.word	0x66666667
   84d48:	0008afd4 	.word	0x0008afd4
   84d4c:	0008afd8 	.word	0x0008afd8
   84d50:	f04f 32ff 	mov.w	r2, #4294967295	; 0xffffffff
   84d54:	230c      	movs	r3, #12
   84d56:	920a      	str	r2, [sp, #40]	; 0x28
   84d58:	9a0d      	ldr	r2, [sp, #52]	; 0x34
   84d5a:	6013      	str	r3, [r2, #0]
   84d5c:	f7fe bed9 	b.w	83b12 <_svfprintf_r+0x242>
   84d60:	9b1b      	ldr	r3, [sp, #108]	; 0x6c
   84d62:	930f      	str	r3, [sp, #60]	; 0x3c
   84d64:	e648      	b.n	849f8 <_svfprintf_r+0x1128>
   84d66:	bf00      	nop

00084d68 <__sprint_r.part.0>:
   84d68:	e92d 4ff8 	stmdb	sp!, {r3, r4, r5, r6, r7, r8, r9, sl, fp, lr}
   84d6c:	6e4b      	ldr	r3, [r1, #100]	; 0x64
   84d6e:	4690      	mov	r8, r2
   84d70:	049c      	lsls	r4, r3, #18
   84d72:	d52d      	bpl.n	84dd0 <__sprint_r.part.0+0x68>
   84d74:	6893      	ldr	r3, [r2, #8]
   84d76:	6812      	ldr	r2, [r2, #0]
   84d78:	b343      	cbz	r3, 84dcc <__sprint_r.part.0+0x64>
   84d7a:	468b      	mov	fp, r1
   84d7c:	4606      	mov	r6, r0
   84d7e:	f102 0908 	add.w	r9, r2, #8
   84d82:	e959 5a02 	ldrd	r5, sl, [r9, #-8]
   84d86:	ea5f 079a 	movs.w	r7, sl, lsr #2
   84d8a:	d015      	beq.n	84db8 <__sprint_r.part.0+0x50>
   84d8c:	2400      	movs	r4, #0
   84d8e:	3d04      	subs	r5, #4
   84d90:	e001      	b.n	84d96 <__sprint_r.part.0+0x2e>
   84d92:	42a7      	cmp	r7, r4
   84d94:	d00e      	beq.n	84db4 <__sprint_r.part.0+0x4c>
   84d96:	465a      	mov	r2, fp
   84d98:	4630      	mov	r0, r6
   84d9a:	f855 1f04 	ldr.w	r1, [r5, #4]!
   84d9e:	f002 f953 	bl	87048 <_fputwc_r>
   84da2:	1c43      	adds	r3, r0, #1
   84da4:	f104 0401 	add.w	r4, r4, #1
   84da8:	d1f3      	bne.n	84d92 <__sprint_r.part.0+0x2a>
   84daa:	2300      	movs	r3, #0
   84dac:	e9c8 3301 	strd	r3, r3, [r8, #4]
   84db0:	e8bd 8ff8 	ldmia.w	sp!, {r3, r4, r5, r6, r7, r8, r9, sl, fp, pc}
   84db4:	f8d8 3008 	ldr.w	r3, [r8, #8]
   84db8:	f02a 0a03 	bic.w	sl, sl, #3
   84dbc:	eba3 030a 	sub.w	r3, r3, sl
   84dc0:	f8c8 3008 	str.w	r3, [r8, #8]
   84dc4:	f109 0908 	add.w	r9, r9, #8
   84dc8:	2b00      	cmp	r3, #0
   84dca:	d1da      	bne.n	84d82 <__sprint_r.part.0+0x1a>
   84dcc:	2000      	movs	r0, #0
   84dce:	e7ec      	b.n	84daa <__sprint_r.part.0+0x42>
   84dd0:	f002 fabc 	bl	8734c <__sfvwrite_r>
   84dd4:	2300      	movs	r3, #0
   84dd6:	e9c8 3301 	strd	r3, r3, [r8, #4]
   84dda:	e8bd 8ff8 	ldmia.w	sp!, {r3, r4, r5, r6, r7, r8, r9, sl, fp, pc}
   84dde:	bf00      	nop

00084de0 <__sprint_r>:
   84de0:	b410      	push	{r4}
   84de2:	6894      	ldr	r4, [r2, #8]
   84de4:	b10c      	cbz	r4, 84dea <__sprint_r+0xa>
   84de6:	bc10      	pop	{r4}
   84de8:	e7be      	b.n	84d68 <__sprint_r.part.0>
   84dea:	4620      	mov	r0, r4
   84dec:	6054      	str	r4, [r2, #4]
   84dee:	bc10      	pop	{r4}
   84df0:	4770      	bx	lr
   84df2:	bf00      	nop

00084df4 <_vfiprintf_r>:
   84df4:	e92d 4ff0 	stmdb	sp!, {r4, r5, r6, r7, r8, r9, sl, fp, lr}
   84df8:	b0ab      	sub	sp, #172	; 0xac
   84dfa:	461c      	mov	r4, r3
   84dfc:	4688      	mov	r8, r1
   84dfe:	4617      	mov	r7, r2
   84e00:	4683      	mov	fp, r0
   84e02:	9306      	str	r3, [sp, #24]
   84e04:	b118      	cbz	r0, 84e0e <_vfiprintf_r+0x1a>
   84e06:	6b83      	ldr	r3, [r0, #56]	; 0x38
   84e08:	2b00      	cmp	r3, #0
   84e0a:	f000 8224 	beq.w	85256 <_vfiprintf_r+0x462>
   84e0e:	f9b8 100c 	ldrsh.w	r1, [r8, #12]
   84e12:	0488      	lsls	r0, r1, #18
   84e14:	b28a      	uxth	r2, r1
   84e16:	d40a      	bmi.n	84e2e <_vfiprintf_r+0x3a>
   84e18:	f8d8 3064 	ldr.w	r3, [r8, #100]	; 0x64
   84e1c:	f441 5200 	orr.w	r2, r1, #8192	; 0x2000
   84e20:	f423 5300 	bic.w	r3, r3, #8192	; 0x2000
   84e24:	f8a8 200c 	strh.w	r2, [r8, #12]
   84e28:	f8c8 3064 	str.w	r3, [r8, #100]	; 0x64
   84e2c:	b292      	uxth	r2, r2
   84e2e:	0713      	lsls	r3, r2, #28
   84e30:	f140 80a4 	bpl.w	84f7c <_vfiprintf_r+0x188>
   84e34:	f8d8 3010 	ldr.w	r3, [r8, #16]
   84e38:	2b00      	cmp	r3, #0
   84e3a:	f000 809f 	beq.w	84f7c <_vfiprintf_r+0x188>
   84e3e:	f002 021a 	and.w	r2, r2, #26
   84e42:	2a0a      	cmp	r2, #10
   84e44:	f000 80a8 	beq.w	84f98 <_vfiprintf_r+0x1a4>
   84e48:	ab1a      	add	r3, sp, #104	; 0x68
   84e4a:	930d      	str	r3, [sp, #52]	; 0x34
   84e4c:	2300      	movs	r3, #0
   84e4e:	e9cd 330e 	strd	r3, r3, [sp, #56]	; 0x38
   84e52:	f10d 0968 	add.w	r9, sp, #104	; 0x68
   84e56:	9309      	str	r3, [sp, #36]	; 0x24
   84e58:	9305      	str	r3, [sp, #20]
   84e5a:	783b      	ldrb	r3, [r7, #0]
   84e5c:	2b00      	cmp	r3, #0
   84e5e:	f000 810f 	beq.w	85080 <_vfiprintf_r+0x28c>
   84e62:	463c      	mov	r4, r7
   84e64:	e004      	b.n	84e70 <_vfiprintf_r+0x7c>
   84e66:	f814 3f01 	ldrb.w	r3, [r4, #1]!
   84e6a:	2b00      	cmp	r3, #0
   84e6c:	f000 80ea 	beq.w	85044 <_vfiprintf_r+0x250>
   84e70:	2b25      	cmp	r3, #37	; 0x25
   84e72:	d1f8      	bne.n	84e66 <_vfiprintf_r+0x72>
   84e74:	1be5      	subs	r5, r4, r7
   84e76:	f040 80e7 	bne.w	85048 <_vfiprintf_r+0x254>
   84e7a:	7823      	ldrb	r3, [r4, #0]
   84e7c:	2b00      	cmp	r3, #0
   84e7e:	f000 80ff 	beq.w	85080 <_vfiprintf_r+0x28c>
   84e82:	f04f 0200 	mov.w	r2, #0
   84e86:	2100      	movs	r1, #0
   84e88:	f88d 202f 	strb.w	r2, [sp, #47]	; 0x2f
   84e8c:	f04f 32ff 	mov.w	r2, #4294967295	; 0xffffffff
   84e90:	4608      	mov	r0, r1
   84e92:	468a      	mov	sl, r1
   84e94:	7863      	ldrb	r3, [r4, #1]
   84e96:	1c67      	adds	r7, r4, #1
   84e98:	9202      	str	r2, [sp, #8]
   84e9a:	9104      	str	r1, [sp, #16]
   84e9c:	3701      	adds	r7, #1
   84e9e:	f1a3 0220 	sub.w	r2, r3, #32
   84ea2:	2a58      	cmp	r2, #88	; 0x58
   84ea4:	f200 80f9 	bhi.w	8509a <_vfiprintf_r+0x2a6>
   84ea8:	e8df f012 	tbh	[pc, r2, lsl #1]
   84eac:	00f7022c 	.word	0x00f7022c
   84eb0:	023100f7 	.word	0x023100f7
   84eb4:	00f700f7 	.word	0x00f700f7
   84eb8:	00f700f7 	.word	0x00f700f7
   84ebc:	00f700f7 	.word	0x00f700f7
   84ec0:	022801e3 	.word	0x022801e3
   84ec4:	01ed00f7 	.word	0x01ed00f7
   84ec8:	00f701f1 	.word	0x00f701f1
   84ecc:	00590224 	.word	0x00590224
   84ed0:	00590059 	.word	0x00590059
   84ed4:	00590059 	.word	0x00590059
   84ed8:	00590059 	.word	0x00590059
   84edc:	00590059 	.word	0x00590059
   84ee0:	00f700f7 	.word	0x00f700f7
   84ee4:	00f700f7 	.word	0x00f700f7
   84ee8:	00f700f7 	.word	0x00f700f7
   84eec:	00f700f7 	.word	0x00f700f7
   84ef0:	00f700f7 	.word	0x00f700f7
   84ef4:	00f7020b 	.word	0x00f7020b
   84ef8:	00f700f7 	.word	0x00f700f7
   84efc:	00f700f7 	.word	0x00f700f7
   84f00:	00f700f7 	.word	0x00f700f7
   84f04:	00f700f7 	.word	0x00f700f7
   84f08:	009500f7 	.word	0x009500f7
   84f0c:	00f700f7 	.word	0x00f700f7
   84f10:	00f700f7 	.word	0x00f700f7
   84f14:	008400f7 	.word	0x008400f7
   84f18:	00f700f7 	.word	0x00f700f7
   84f1c:	00f70243 	.word	0x00f70243
   84f20:	00f700f7 	.word	0x00f700f7
   84f24:	00f700f7 	.word	0x00f700f7
   84f28:	00f700f7 	.word	0x00f700f7
   84f2c:	00f700f7 	.word	0x00f700f7
   84f30:	023500f7 	.word	0x023500f7
   84f34:	00f701a6 	.word	0x00f701a6
   84f38:	00f700f7 	.word	0x00f700f7
   84f3c:	01a60284 	.word	0x01a60284
   84f40:	00f700f7 	.word	0x00f700f7
   84f44:	00f7027a 	.word	0x00f7027a
   84f48:	00970264 	.word	0x00970264
   84f4c:	02c002c4 	.word	0x02c002c4
   84f50:	029f00f7 	.word	0x029f00f7
   84f54:	008600f7 	.word	0x008600f7
   84f58:	00f700f7 	.word	0x00f700f7
   84f5c:	0288      	.short	0x0288
   84f5e:	2400      	movs	r4, #0
   84f60:	f1a3 0230 	sub.w	r2, r3, #48	; 0x30
   84f64:	f817 3b01 	ldrb.w	r3, [r7], #1
   84f68:	eb04 0484 	add.w	r4, r4, r4, lsl #2
   84f6c:	eb02 0444 	add.w	r4, r2, r4, lsl #1
   84f70:	f1a3 0230 	sub.w	r2, r3, #48	; 0x30
   84f74:	2a09      	cmp	r2, #9
   84f76:	d9f5      	bls.n	84f64 <_vfiprintf_r+0x170>
   84f78:	9404      	str	r4, [sp, #16]
   84f7a:	e790      	b.n	84e9e <_vfiprintf_r+0xaa>
   84f7c:	4641      	mov	r1, r8
   84f7e:	4658      	mov	r0, fp
   84f80:	f000 fd96 	bl	85ab0 <__swsetup_r>
   84f84:	2800      	cmp	r0, #0
   84f86:	f040 8537 	bne.w	859f8 <_vfiprintf_r+0xc04>
   84f8a:	f8b8 200c 	ldrh.w	r2, [r8, #12]
   84f8e:	f002 021a 	and.w	r2, r2, #26
   84f92:	2a0a      	cmp	r2, #10
   84f94:	f47f af58 	bne.w	84e48 <_vfiprintf_r+0x54>
   84f98:	f9b8 300e 	ldrsh.w	r3, [r8, #14]
   84f9c:	2b00      	cmp	r3, #0
   84f9e:	f6ff af53 	blt.w	84e48 <_vfiprintf_r+0x54>
   84fa2:	4623      	mov	r3, r4
   84fa4:	463a      	mov	r2, r7
   84fa6:	4641      	mov	r1, r8
   84fa8:	4658      	mov	r0, fp
   84faa:	b02b      	add	sp, #172	; 0xac
   84fac:	e8bd 4ff0 	ldmia.w	sp!, {r4, r5, r6, r7, r8, r9, sl, fp, lr}
   84fb0:	f000 bd48 	b.w	85a44 <__sbprintf>
   84fb4:	f04a 0a10 	orr.w	sl, sl, #16
   84fb8:	f01a 0120 	ands.w	r1, sl, #32
   84fbc:	f000 810e 	beq.w	851dc <_vfiprintf_r+0x3e8>
   84fc0:	9b06      	ldr	r3, [sp, #24]
   84fc2:	3307      	adds	r3, #7
   84fc4:	f023 0307 	bic.w	r3, r3, #7
   84fc8:	461a      	mov	r2, r3
   84fca:	f852 0b08 	ldr.w	r0, [r2], #8
   84fce:	6859      	ldr	r1, [r3, #4]
   84fd0:	9206      	str	r2, [sp, #24]
   84fd2:	2301      	movs	r3, #1
   84fd4:	e00f      	b.n	84ff6 <_vfiprintf_r+0x202>
   84fd6:	f04a 0a10 	orr.w	sl, sl, #16
   84fda:	f01a 0120 	ands.w	r1, sl, #32
   84fde:	f000 80f0 	beq.w	851c2 <_vfiprintf_r+0x3ce>
   84fe2:	9b06      	ldr	r3, [sp, #24]
   84fe4:	3307      	adds	r3, #7
   84fe6:	f023 0307 	bic.w	r3, r3, #7
   84fea:	461a      	mov	r2, r3
   84fec:	6859      	ldr	r1, [r3, #4]
   84fee:	2300      	movs	r3, #0
   84ff0:	f852 0b08 	ldr.w	r0, [r2], #8
   84ff4:	9206      	str	r2, [sp, #24]
   84ff6:	f04f 0200 	mov.w	r2, #0
   84ffa:	f88d 202f 	strb.w	r2, [sp, #47]	; 0x2f
   84ffe:	2200      	movs	r2, #0
   85000:	9207      	str	r2, [sp, #28]
   85002:	9a02      	ldr	r2, [sp, #8]
   85004:	1c54      	adds	r4, r2, #1
   85006:	f000 8228 	beq.w	8545a <_vfiprintf_r+0x666>
   8500a:	f02a 0480 	bic.w	r4, sl, #128	; 0x80
   8500e:	9401      	str	r4, [sp, #4]
   85010:	ea50 0401 	orrs.w	r4, r0, r1
   85014:	f040 821f 	bne.w	85456 <_vfiprintf_r+0x662>
   85018:	2a00      	cmp	r2, #0
   8501a:	f040 848f 	bne.w	8593c <_vfiprintf_r+0xb48>
   8501e:	2b00      	cmp	r3, #0
   85020:	f040 840b 	bne.w	8583a <_vfiprintf_r+0xa46>
   85024:	f01a 0301 	ands.w	r3, sl, #1
   85028:	9303      	str	r3, [sp, #12]
   8502a:	f040 8433 	bne.w	85894 <_vfiprintf_r+0xaa0>
   8502e:	ac1a      	add	r4, sp, #104	; 0x68
   85030:	e9dd 6302 	ldrd	r6, r3, [sp, #8]
   85034:	429e      	cmp	r6, r3
   85036:	bfb8      	it	lt
   85038:	461e      	movlt	r6, r3
   8503a:	9b07      	ldr	r3, [sp, #28]
   8503c:	2b00      	cmp	r3, #0
   8503e:	d03e      	beq.n	850be <_vfiprintf_r+0x2ca>
   85040:	3601      	adds	r6, #1
   85042:	e03c      	b.n	850be <_vfiprintf_r+0x2ca>
   85044:	1be5      	subs	r5, r4, r7
   85046:	d01b      	beq.n	85080 <_vfiprintf_r+0x28c>
   85048:	9b0e      	ldr	r3, [sp, #56]	; 0x38
   8504a:	9a0f      	ldr	r2, [sp, #60]	; 0x3c
   8504c:	3301      	adds	r3, #1
   8504e:	442a      	add	r2, r5
   85050:	2b07      	cmp	r3, #7
   85052:	e9c9 7500 	strd	r7, r5, [r9]
   85056:	920f      	str	r2, [sp, #60]	; 0x3c
   85058:	930e      	str	r3, [sp, #56]	; 0x38
   8505a:	dc05      	bgt.n	85068 <_vfiprintf_r+0x274>
   8505c:	f109 0908 	add.w	r9, r9, #8
   85060:	9b05      	ldr	r3, [sp, #20]
   85062:	442b      	add	r3, r5
   85064:	9305      	str	r3, [sp, #20]
   85066:	e708      	b.n	84e7a <_vfiprintf_r+0x86>
   85068:	2a00      	cmp	r2, #0
   8506a:	f000 83cd 	beq.w	85808 <_vfiprintf_r+0xa14>
   8506e:	4641      	mov	r1, r8
   85070:	4658      	mov	r0, fp
   85072:	aa0d      	add	r2, sp, #52	; 0x34
   85074:	f7ff fe78 	bl	84d68 <__sprint_r.part.0>
   85078:	b930      	cbnz	r0, 85088 <_vfiprintf_r+0x294>
   8507a:	f10d 0968 	add.w	r9, sp, #104	; 0x68
   8507e:	e7ef      	b.n	85060 <_vfiprintf_r+0x26c>
   85080:	9b0f      	ldr	r3, [sp, #60]	; 0x3c
   85082:	2b00      	cmp	r3, #0
   85084:	f040 8482 	bne.w	8598c <_vfiprintf_r+0xb98>
   85088:	f8b8 300c 	ldrh.w	r3, [r8, #12]
   8508c:	065b      	lsls	r3, r3, #25
   8508e:	f100 84b3 	bmi.w	859f8 <_vfiprintf_r+0xc04>
   85092:	9805      	ldr	r0, [sp, #20]
   85094:	b02b      	add	sp, #172	; 0xac
   85096:	e8bd 8ff0 	ldmia.w	sp!, {r4, r5, r6, r7, r8, r9, sl, fp, pc}
   8509a:	2900      	cmp	r1, #0
   8509c:	f040 8472 	bne.w	85984 <_vfiprintf_r+0xb90>
   850a0:	2b00      	cmp	r3, #0
   850a2:	d0ed      	beq.n	85080 <_vfiprintf_r+0x28c>
   850a4:	2601      	movs	r6, #1
   850a6:	f88d 3040 	strb.w	r3, [sp, #64]	; 0x40
   850aa:	f04f 0300 	mov.w	r3, #0
   850ae:	ac10      	add	r4, sp, #64	; 0x40
   850b0:	f88d 302f 	strb.w	r3, [sp, #47]	; 0x2f
   850b4:	9603      	str	r6, [sp, #12]
   850b6:	2300      	movs	r3, #0
   850b8:	f8cd a004 	str.w	sl, [sp, #4]
   850bc:	9302      	str	r3, [sp, #8]
   850be:	9b01      	ldr	r3, [sp, #4]
   850c0:	f013 0302 	ands.w	r3, r3, #2
   850c4:	9307      	str	r3, [sp, #28]
   850c6:	9b01      	ldr	r3, [sp, #4]
   850c8:	bf18      	it	ne
   850ca:	3602      	addne	r6, #2
   850cc:	f013 0384 	ands.w	r3, r3, #132	; 0x84
   850d0:	9308      	str	r3, [sp, #32]
   850d2:	d104      	bne.n	850de <_vfiprintf_r+0x2ea>
   850d4:	9b04      	ldr	r3, [sp, #16]
   850d6:	1b9d      	subs	r5, r3, r6
   850d8:	2d00      	cmp	r5, #0
   850da:	f300 82d7 	bgt.w	8568c <_vfiprintf_r+0x898>
   850de:	e9dd 020e 	ldrd	r0, r2, [sp, #56]	; 0x38
   850e2:	f100 0c01 	add.w	ip, r0, #1
   850e6:	f89d 302f 	ldrb.w	r3, [sp, #47]	; 0x2f
   850ea:	b183      	cbz	r3, 8510e <_vfiprintf_r+0x31a>
   850ec:	2001      	movs	r0, #1
   850ee:	3201      	adds	r2, #1
   850f0:	f10d 032f 	add.w	r3, sp, #47	; 0x2f
   850f4:	f1bc 0f07 	cmp.w	ip, #7
   850f8:	e9cd c20e 	strd	ip, r2, [sp, #56]	; 0x38
   850fc:	e9c9 3000 	strd	r3, r0, [r9]
   85100:	f300 82a4 	bgt.w	8564c <_vfiprintf_r+0x858>
   85104:	4660      	mov	r0, ip
   85106:	f109 0908 	add.w	r9, r9, #8
   8510a:	f10c 0c01 	add.w	ip, ip, #1
   8510e:	9b07      	ldr	r3, [sp, #28]
   85110:	b1e3      	cbz	r3, 8514c <_vfiprintf_r+0x358>
   85112:	2302      	movs	r3, #2
   85114:	3202      	adds	r2, #2
   85116:	f8c9 3004 	str.w	r3, [r9, #4]
   8511a:	f1bc 0f07 	cmp.w	ip, #7
   8511e:	ab0c      	add	r3, sp, #48	; 0x30
   85120:	e9cd c20e 	strd	ip, r2, [sp, #56]	; 0x38
   85124:	f8c9 3000 	str.w	r3, [r9]
   85128:	f340 82aa 	ble.w	85680 <_vfiprintf_r+0x88c>
   8512c:	2a00      	cmp	r2, #0
   8512e:	f000 8365 	beq.w	857fc <_vfiprintf_r+0xa08>
   85132:	4641      	mov	r1, r8
   85134:	4658      	mov	r0, fp
   85136:	aa0d      	add	r2, sp, #52	; 0x34
   85138:	f7ff fe16 	bl	84d68 <__sprint_r.part.0>
   8513c:	2800      	cmp	r0, #0
   8513e:	d1a3      	bne.n	85088 <_vfiprintf_r+0x294>
   85140:	e9dd 020e 	ldrd	r0, r2, [sp, #56]	; 0x38
   85144:	f10d 0968 	add.w	r9, sp, #104	; 0x68
   85148:	f100 0c01 	add.w	ip, r0, #1
   8514c:	9b08      	ldr	r3, [sp, #32]
   8514e:	2b80      	cmp	r3, #128	; 0x80
   85150:	f000 81c4 	beq.w	854dc <_vfiprintf_r+0x6e8>
   85154:	e9dd 3102 	ldrd	r3, r1, [sp, #8]
   85158:	1a5d      	subs	r5, r3, r1
   8515a:	2d00      	cmp	r5, #0
   8515c:	f300 8219 	bgt.w	85592 <_vfiprintf_r+0x79e>
   85160:	9b03      	ldr	r3, [sp, #12]
   85162:	f1bc 0f07 	cmp.w	ip, #7
   85166:	441a      	add	r2, r3
   85168:	e9cd c20e 	strd	ip, r2, [sp, #56]	; 0x38
   8516c:	f8c9 4000 	str.w	r4, [r9]
   85170:	f8c9 3004 	str.w	r3, [r9, #4]
   85174:	f340 81af 	ble.w	854d6 <_vfiprintf_r+0x6e2>
   85178:	2a00      	cmp	r2, #0
   8517a:	f000 82d1 	beq.w	85720 <_vfiprintf_r+0x92c>
   8517e:	4641      	mov	r1, r8
   85180:	4658      	mov	r0, fp
   85182:	aa0d      	add	r2, sp, #52	; 0x34
   85184:	f7ff fdf0 	bl	84d68 <__sprint_r.part.0>
   85188:	2800      	cmp	r0, #0
   8518a:	f47f af7d 	bne.w	85088 <_vfiprintf_r+0x294>
   8518e:	9a0f      	ldr	r2, [sp, #60]	; 0x3c
   85190:	f10d 0968 	add.w	r9, sp, #104	; 0x68
   85194:	9b01      	ldr	r3, [sp, #4]
   85196:	0759      	lsls	r1, r3, #29
   85198:	d504      	bpl.n	851a4 <_vfiprintf_r+0x3b0>
   8519a:	9b04      	ldr	r3, [sp, #16]
   8519c:	1b9c      	subs	r4, r3, r6
   8519e:	2c00      	cmp	r4, #0
   851a0:	f300 82c8 	bgt.w	85734 <_vfiprintf_r+0x940>
   851a4:	e9dd 1304 	ldrd	r1, r3, [sp, #16]
   851a8:	42b1      	cmp	r1, r6
   851aa:	bfac      	ite	ge
   851ac:	185b      	addge	r3, r3, r1
   851ae:	199b      	addlt	r3, r3, r6
   851b0:	9305      	str	r3, [sp, #20]
   851b2:	2a00      	cmp	r2, #0
   851b4:	f040 8235 	bne.w	85622 <_vfiprintf_r+0x82e>
   851b8:	2300      	movs	r3, #0
   851ba:	f10d 0968 	add.w	r9, sp, #104	; 0x68
   851be:	930e      	str	r3, [sp, #56]	; 0x38
   851c0:	e64b      	b.n	84e5a <_vfiprintf_r+0x66>
   851c2:	f01a 0310 	ands.w	r3, sl, #16
   851c6:	d149      	bne.n	8525c <_vfiprintf_r+0x468>
   851c8:	f01a 0140 	ands.w	r1, sl, #64	; 0x40
   851cc:	d046      	beq.n	8525c <_vfiprintf_r+0x468>
   851ce:	9a06      	ldr	r2, [sp, #24]
   851d0:	4619      	mov	r1, r3
   851d2:	f852 0b04 	ldr.w	r0, [r2], #4
   851d6:	9206      	str	r2, [sp, #24]
   851d8:	b280      	uxth	r0, r0
   851da:	e70c      	b.n	84ff6 <_vfiprintf_r+0x202>
   851dc:	f01a 0310 	ands.w	r3, sl, #16
   851e0:	9a06      	ldr	r2, [sp, #24]
   851e2:	d141      	bne.n	85268 <_vfiprintf_r+0x474>
   851e4:	f01a 0140 	ands.w	r1, sl, #64	; 0x40
   851e8:	d03e      	beq.n	85268 <_vfiprintf_r+0x474>
   851ea:	f852 0b04 	ldr.w	r0, [r2], #4
   851ee:	4619      	mov	r1, r3
   851f0:	9206      	str	r2, [sp, #24]
   851f2:	2301      	movs	r3, #1
   851f4:	b280      	uxth	r0, r0
   851f6:	e6fe      	b.n	84ff6 <_vfiprintf_r+0x202>
   851f8:	2900      	cmp	r1, #0
   851fa:	f040 83ef 	bne.w	859dc <_vfiprintf_r+0xbe8>
   851fe:	f01a 0f20 	tst.w	sl, #32
   85202:	9b06      	ldr	r3, [sp, #24]
   85204:	d066      	beq.n	852d4 <_vfiprintf_r+0x4e0>
   85206:	3307      	adds	r3, #7
   85208:	f023 0307 	bic.w	r3, r3, #7
   8520c:	461a      	mov	r2, r3
   8520e:	685b      	ldr	r3, [r3, #4]
   85210:	f852 0b08 	ldr.w	r0, [r2], #8
   85214:	4619      	mov	r1, r3
   85216:	9206      	str	r2, [sp, #24]
   85218:	2b00      	cmp	r3, #0
   8521a:	f2c0 8303 	blt.w	85824 <_vfiprintf_r+0xa30>
   8521e:	9b02      	ldr	r3, [sp, #8]
   85220:	3301      	adds	r3, #1
   85222:	f000 8387 	beq.w	85934 <_vfiprintf_r+0xb40>
   85226:	f89d 302f 	ldrb.w	r3, [sp, #47]	; 0x2f
   8522a:	f02a 0a80 	bic.w	sl, sl, #128	; 0x80
   8522e:	9307      	str	r3, [sp, #28]
   85230:	ea50 0301 	orrs.w	r3, r0, r1
   85234:	f000 8351 	beq.w	858da <_vfiprintf_r+0xae6>
   85238:	280a      	cmp	r0, #10
   8523a:	f171 0300 	sbcs.w	r3, r1, #0
   8523e:	f080 830e 	bcs.w	8585e <_vfiprintf_r+0xa6a>
   85242:	2301      	movs	r3, #1
   85244:	3030      	adds	r0, #48	; 0x30
   85246:	f88d 0067 	strb.w	r0, [sp, #103]	; 0x67
   8524a:	f8cd a004 	str.w	sl, [sp, #4]
   8524e:	9303      	str	r3, [sp, #12]
   85250:	f10d 0467 	add.w	r4, sp, #103	; 0x67
   85254:	e6ec      	b.n	85030 <_vfiprintf_r+0x23c>
   85256:	f001 fe87 	bl	86f68 <__sinit>
   8525a:	e5d8      	b.n	84e0e <_vfiprintf_r+0x1a>
   8525c:	9b06      	ldr	r3, [sp, #24]
   8525e:	f853 0b04 	ldr.w	r0, [r3], #4
   85262:	9306      	str	r3, [sp, #24]
   85264:	460b      	mov	r3, r1
   85266:	e6c6      	b.n	84ff6 <_vfiprintf_r+0x202>
   85268:	f852 0b04 	ldr.w	r0, [r2], #4
   8526c:	2301      	movs	r3, #1
   8526e:	9206      	str	r2, [sp, #24]
   85270:	e6c1      	b.n	84ff6 <_vfiprintf_r+0x202>
   85272:	9b06      	ldr	r3, [sp, #24]
   85274:	f853 2b04 	ldr.w	r2, [r3], #4
   85278:	2a00      	cmp	r2, #0
   8527a:	9204      	str	r2, [sp, #16]
   8527c:	9306      	str	r3, [sp, #24]
   8527e:	da44      	bge.n	8530a <_vfiprintf_r+0x516>
   85280:	9b04      	ldr	r3, [sp, #16]
   85282:	425b      	negs	r3, r3
   85284:	9304      	str	r3, [sp, #16]
   85286:	783b      	ldrb	r3, [r7, #0]
   85288:	f04a 0a04 	orr.w	sl, sl, #4
   8528c:	e606      	b.n	84e9c <_vfiprintf_r+0xa8>
   8528e:	463c      	mov	r4, r7
   85290:	f814 3b01 	ldrb.w	r3, [r4], #1
   85294:	2b2a      	cmp	r3, #42	; 0x2a
   85296:	f000 83b7 	beq.w	85a08 <_vfiprintf_r+0xc14>
   8529a:	f1a3 0230 	sub.w	r2, r3, #48	; 0x30
   8529e:	2a09      	cmp	r2, #9
   852a0:	4627      	mov	r7, r4
   852a2:	bf98      	it	ls
   852a4:	2400      	movls	r4, #0
   852a6:	f200 8389 	bhi.w	859bc <_vfiprintf_r+0xbc8>
   852aa:	f817 3b01 	ldrb.w	r3, [r7], #1
   852ae:	eb04 0484 	add.w	r4, r4, r4, lsl #2
   852b2:	eb02 0444 	add.w	r4, r2, r4, lsl #1
   852b6:	f1a3 0230 	sub.w	r2, r3, #48	; 0x30
   852ba:	2a09      	cmp	r2, #9
   852bc:	d9f5      	bls.n	852aa <_vfiprintf_r+0x4b6>
   852be:	9402      	str	r4, [sp, #8]
   852c0:	e5ed      	b.n	84e9e <_vfiprintf_r+0xaa>
   852c2:	2900      	cmp	r1, #0
   852c4:	f040 8384 	bne.w	859d0 <_vfiprintf_r+0xbdc>
   852c8:	f04a 0a10 	orr.w	sl, sl, #16
   852cc:	f01a 0f20 	tst.w	sl, #32
   852d0:	9b06      	ldr	r3, [sp, #24]
   852d2:	d198      	bne.n	85206 <_vfiprintf_r+0x412>
   852d4:	f853 0b04 	ldr.w	r0, [r3], #4
   852d8:	f01a 0f10 	tst.w	sl, #16
   852dc:	9306      	str	r3, [sp, #24]
   852de:	f040 829c 	bne.w	8581a <_vfiprintf_r+0xa26>
   852e2:	f01a 0f40 	tst.w	sl, #64	; 0x40
   852e6:	f000 8298 	beq.w	8581a <_vfiprintf_r+0xa26>
   852ea:	f340 31c0 	sbfx	r1, r0, #15, #1
   852ee:	460b      	mov	r3, r1
   852f0:	b200      	sxth	r0, r0
   852f2:	e791      	b.n	85218 <_vfiprintf_r+0x424>
   852f4:	783b      	ldrb	r3, [r7, #0]
   852f6:	f04a 0a80 	orr.w	sl, sl, #128	; 0x80
   852fa:	e5cf      	b.n	84e9c <_vfiprintf_r+0xa8>
   852fc:	2101      	movs	r1, #1
   852fe:	202b      	movs	r0, #43	; 0x2b
   85300:	783b      	ldrb	r3, [r7, #0]
   85302:	e5cb      	b.n	84e9c <_vfiprintf_r+0xa8>
   85304:	2800      	cmp	r0, #0
   85306:	f000 82dc 	beq.w	858c2 <_vfiprintf_r+0xace>
   8530a:	783b      	ldrb	r3, [r7, #0]
   8530c:	e5c6      	b.n	84e9c <_vfiprintf_r+0xa8>
   8530e:	783b      	ldrb	r3, [r7, #0]
   85310:	f04a 0a01 	orr.w	sl, sl, #1
   85314:	e5c2      	b.n	84e9c <_vfiprintf_r+0xa8>
   85316:	f04f 0200 	mov.w	r2, #0
   8531a:	2601      	movs	r6, #1
   8531c:	9b06      	ldr	r3, [sp, #24]
   8531e:	f88d 202f 	strb.w	r2, [sp, #47]	; 0x2f
   85322:	f853 2b04 	ldr.w	r2, [r3], #4
   85326:	ac10      	add	r4, sp, #64	; 0x40
   85328:	f88d 2040 	strb.w	r2, [sp, #64]	; 0x40
   8532c:	9306      	str	r3, [sp, #24]
   8532e:	9603      	str	r6, [sp, #12]
   85330:	e6c1      	b.n	850b6 <_vfiprintf_r+0x2c2>
   85332:	2900      	cmp	r1, #0
   85334:	f040 8349 	bne.w	859ca <_vfiprintf_r+0xbd6>
   85338:	4abe      	ldr	r2, [pc, #760]	; (85634 <_vfiprintf_r+0x840>)
   8533a:	f01a 0120 	ands.w	r1, sl, #32
   8533e:	9209      	str	r2, [sp, #36]	; 0x24
   85340:	d044      	beq.n	853cc <_vfiprintf_r+0x5d8>
   85342:	9a06      	ldr	r2, [sp, #24]
   85344:	3207      	adds	r2, #7
   85346:	f022 0207 	bic.w	r2, r2, #7
   8534a:	6851      	ldr	r1, [r2, #4]
   8534c:	f852 0b08 	ldr.w	r0, [r2], #8
   85350:	9206      	str	r2, [sp, #24]
   85352:	f01a 0f01 	tst.w	sl, #1
   85356:	d00b      	beq.n	85370 <_vfiprintf_r+0x57c>
   85358:	ea50 0201 	orrs.w	r2, r0, r1
   8535c:	d008      	beq.n	85370 <_vfiprintf_r+0x57c>
   8535e:	f88d 3031 	strb.w	r3, [sp, #49]	; 0x31
   85362:	2330      	movs	r3, #48	; 0x30
   85364:	f04a 0a02 	orr.w	sl, sl, #2
   85368:	f88d 3030 	strb.w	r3, [sp, #48]	; 0x30
   8536c:	2302      	movs	r3, #2
   8536e:	e642      	b.n	84ff6 <_vfiprintf_r+0x202>
   85370:	2302      	movs	r3, #2
   85372:	e640      	b.n	84ff6 <_vfiprintf_r+0x202>
   85374:	2900      	cmp	r1, #0
   85376:	f040 832e 	bne.w	859d6 <_vfiprintf_r+0xbe2>
   8537a:	f01a 0f20 	tst.w	sl, #32
   8537e:	f040 8296 	bne.w	858ae <_vfiprintf_r+0xaba>
   85382:	f01a 0f10 	tst.w	sl, #16
   85386:	f040 82cd 	bne.w	85924 <_vfiprintf_r+0xb30>
   8538a:	f01a 0f40 	tst.w	sl, #64	; 0x40
   8538e:	f000 82c9 	beq.w	85924 <_vfiprintf_r+0xb30>
   85392:	9b06      	ldr	r3, [sp, #24]
   85394:	9905      	ldr	r1, [sp, #20]
   85396:	f853 2b04 	ldr.w	r2, [r3], #4
   8539a:	8011      	strh	r1, [r2, #0]
   8539c:	9306      	str	r3, [sp, #24]
   8539e:	e55c      	b.n	84e5a <_vfiprintf_r+0x66>
   853a0:	783b      	ldrb	r3, [r7, #0]
   853a2:	2b6c      	cmp	r3, #108	; 0x6c
   853a4:	bf03      	ittte	eq
   853a6:	787b      	ldrbeq	r3, [r7, #1]
   853a8:	f04a 0a20 	orreq.w	sl, sl, #32
   853ac:	3701      	addeq	r7, #1
   853ae:	f04a 0a10 	orrne.w	sl, sl, #16
   853b2:	e573      	b.n	84e9c <_vfiprintf_r+0xa8>
   853b4:	783b      	ldrb	r3, [r7, #0]
   853b6:	f04a 0a40 	orr.w	sl, sl, #64	; 0x40
   853ba:	e56f      	b.n	84e9c <_vfiprintf_r+0xa8>
   853bc:	2900      	cmp	r1, #0
   853be:	f040 8301 	bne.w	859c4 <_vfiprintf_r+0xbd0>
   853c2:	4a9d      	ldr	r2, [pc, #628]	; (85638 <_vfiprintf_r+0x844>)
   853c4:	f01a 0120 	ands.w	r1, sl, #32
   853c8:	9209      	str	r2, [sp, #36]	; 0x24
   853ca:	d1ba      	bne.n	85342 <_vfiprintf_r+0x54e>
   853cc:	f01a 0210 	ands.w	r2, sl, #16
   853d0:	f040 821e 	bne.w	85810 <_vfiprintf_r+0xa1c>
   853d4:	f01a 0140 	ands.w	r1, sl, #64	; 0x40
   853d8:	f000 821a 	beq.w	85810 <_vfiprintf_r+0xa1c>
   853dc:	9c06      	ldr	r4, [sp, #24]
   853de:	4611      	mov	r1, r2
   853e0:	f854 0b04 	ldr.w	r0, [r4], #4
   853e4:	9406      	str	r4, [sp, #24]
   853e6:	b280      	uxth	r0, r0
   853e8:	e7b3      	b.n	85352 <_vfiprintf_r+0x55e>
   853ea:	f04f 0300 	mov.w	r3, #0
   853ee:	9d06      	ldr	r5, [sp, #24]
   853f0:	f88d 302f 	strb.w	r3, [sp, #47]	; 0x2f
   853f4:	f855 4b04 	ldr.w	r4, [r5], #4
   853f8:	2c00      	cmp	r4, #0
   853fa:	f000 82a5 	beq.w	85948 <_vfiprintf_r+0xb54>
   853fe:	9b02      	ldr	r3, [sp, #8]
   85400:	1c5e      	adds	r6, r3, #1
   85402:	f000 8273 	beq.w	858ec <_vfiprintf_r+0xaf8>
   85406:	461a      	mov	r2, r3
   85408:	2100      	movs	r1, #0
   8540a:	4620      	mov	r0, r4
   8540c:	f002 fd20 	bl	87e50 <memchr>
   85410:	2800      	cmp	r0, #0
   85412:	f000 82c9 	beq.w	859a8 <_vfiprintf_r+0xbb4>
   85416:	1b03      	subs	r3, r0, r4
   85418:	9303      	str	r3, [sp, #12]
   8541a:	2300      	movs	r3, #0
   8541c:	9302      	str	r3, [sp, #8]
   8541e:	f89d 302f 	ldrb.w	r3, [sp, #47]	; 0x2f
   85422:	9506      	str	r5, [sp, #24]
   85424:	f8cd a004 	str.w	sl, [sp, #4]
   85428:	9307      	str	r3, [sp, #28]
   8542a:	e601      	b.n	85030 <_vfiprintf_r+0x23c>
   8542c:	783b      	ldrb	r3, [r7, #0]
   8542e:	f04a 0a20 	orr.w	sl, sl, #32
   85432:	e533      	b.n	84e9c <_vfiprintf_r+0xa8>
   85434:	2230      	movs	r2, #48	; 0x30
   85436:	f88d 2030 	strb.w	r2, [sp, #48]	; 0x30
   8543a:	2278      	movs	r2, #120	; 0x78
   8543c:	9b06      	ldr	r3, [sp, #24]
   8543e:	f88d 2031 	strb.w	r2, [sp, #49]	; 0x31
   85442:	f853 0b04 	ldr.w	r0, [r3], #4
   85446:	4a7c      	ldr	r2, [pc, #496]	; (85638 <_vfiprintf_r+0x844>)
   85448:	9306      	str	r3, [sp, #24]
   8544a:	2100      	movs	r1, #0
   8544c:	2302      	movs	r3, #2
   8544e:	f04a 0a02 	orr.w	sl, sl, #2
   85452:	9209      	str	r2, [sp, #36]	; 0x24
   85454:	e5cf      	b.n	84ff6 <_vfiprintf_r+0x202>
   85456:	f8dd a004 	ldr.w	sl, [sp, #4]
   8545a:	2b01      	cmp	r3, #1
   8545c:	f43f aeec 	beq.w	85238 <_vfiprintf_r+0x444>
   85460:	2b02      	cmp	r3, #2
   85462:	ac1a      	add	r4, sp, #104	; 0x68
   85464:	d112      	bne.n	8548c <_vfiprintf_r+0x698>
   85466:	9a09      	ldr	r2, [sp, #36]	; 0x24
   85468:	f000 030f 	and.w	r3, r0, #15
   8546c:	5cd3      	ldrb	r3, [r2, r3]
   8546e:	0900      	lsrs	r0, r0, #4
   85470:	ea40 7001 	orr.w	r0, r0, r1, lsl #28
   85474:	0909      	lsrs	r1, r1, #4
   85476:	f804 3d01 	strb.w	r3, [r4, #-1]!
   8547a:	ea50 0301 	orrs.w	r3, r0, r1
   8547e:	d1f3      	bne.n	85468 <_vfiprintf_r+0x674>
   85480:	ab1a      	add	r3, sp, #104	; 0x68
   85482:	1b1b      	subs	r3, r3, r4
   85484:	f8cd a004 	str.w	sl, [sp, #4]
   85488:	9303      	str	r3, [sp, #12]
   8548a:	e5d1      	b.n	85030 <_vfiprintf_r+0x23c>
   8548c:	f000 0307 	and.w	r3, r0, #7
   85490:	08c0      	lsrs	r0, r0, #3
   85492:	ea40 7041 	orr.w	r0, r0, r1, lsl #29
   85496:	08c9      	lsrs	r1, r1, #3
   85498:	3330      	adds	r3, #48	; 0x30
   8549a:	ea50 0501 	orrs.w	r5, r0, r1
   8549e:	4622      	mov	r2, r4
   854a0:	f804 3d01 	strb.w	r3, [r4, #-1]!
   854a4:	d1f2      	bne.n	8548c <_vfiprintf_r+0x698>
   854a6:	f01a 0f01 	tst.w	sl, #1
   854aa:	d0e9      	beq.n	85480 <_vfiprintf_r+0x68c>
   854ac:	2b30      	cmp	r3, #48	; 0x30
   854ae:	d0e7      	beq.n	85480 <_vfiprintf_r+0x68c>
   854b0:	2330      	movs	r3, #48	; 0x30
   854b2:	3a02      	subs	r2, #2
   854b4:	f804 3c01 	strb.w	r3, [r4, #-1]
   854b8:	ab1a      	add	r3, sp, #104	; 0x68
   854ba:	1a9b      	subs	r3, r3, r2
   854bc:	4614      	mov	r4, r2
   854be:	f8cd a004 	str.w	sl, [sp, #4]
   854c2:	9303      	str	r3, [sp, #12]
   854c4:	e5b4      	b.n	85030 <_vfiprintf_r+0x23c>
   854c6:	2301      	movs	r3, #1
   854c8:	9a03      	ldr	r2, [sp, #12]
   854ca:	941a      	str	r4, [sp, #104]	; 0x68
   854cc:	930e      	str	r3, [sp, #56]	; 0x38
   854ce:	921b      	str	r2, [sp, #108]	; 0x6c
   854d0:	920f      	str	r2, [sp, #60]	; 0x3c
   854d2:	f10d 0968 	add.w	r9, sp, #104	; 0x68
   854d6:	f109 0908 	add.w	r9, r9, #8
   854da:	e65b      	b.n	85194 <_vfiprintf_r+0x3a0>
   854dc:	9b04      	ldr	r3, [sp, #16]
   854de:	1b9d      	subs	r5, r3, r6
   854e0:	2d00      	cmp	r5, #0
   854e2:	f77f ae37 	ble.w	85154 <_vfiprintf_r+0x360>
   854e6:	2d10      	cmp	r5, #16
   854e8:	f340 828b 	ble.w	85a02 <_vfiprintf_r+0xc0e>
   854ec:	f8df a14c 	ldr.w	sl, [pc, #332]	; 8563c <_vfiprintf_r+0x848>
   854f0:	4601      	mov	r1, r0
   854f2:	4650      	mov	r0, sl
   854f4:	2310      	movs	r3, #16
   854f6:	46a2      	mov	sl, r4
   854f8:	4604      	mov	r4, r0
   854fa:	e007      	b.n	8550c <_vfiprintf_r+0x718>
   854fc:	f101 0c02 	add.w	ip, r1, #2
   85500:	4601      	mov	r1, r0
   85502:	f109 0908 	add.w	r9, r9, #8
   85506:	3d10      	subs	r5, #16
   85508:	2d10      	cmp	r5, #16
   8550a:	dd1d      	ble.n	85548 <_vfiprintf_r+0x754>
   8550c:	1c48      	adds	r0, r1, #1
   8550e:	3210      	adds	r2, #16
   85510:	2807      	cmp	r0, #7
   85512:	e9c9 4300 	strd	r4, r3, [r9]
   85516:	e9cd 020e 	strd	r0, r2, [sp, #56]	; 0x38
   8551a:	ddef      	ble.n	854fc <_vfiprintf_r+0x708>
   8551c:	2a00      	cmp	r2, #0
   8551e:	f000 808f 	beq.w	85640 <_vfiprintf_r+0x84c>
   85522:	4641      	mov	r1, r8
   85524:	4658      	mov	r0, fp
   85526:	aa0d      	add	r2, sp, #52	; 0x34
   85528:	f7ff fc1e 	bl	84d68 <__sprint_r.part.0>
   8552c:	2800      	cmp	r0, #0
   8552e:	f47f adab 	bne.w	85088 <_vfiprintf_r+0x294>
   85532:	e9dd 120e 	ldrd	r1, r2, [sp, #56]	; 0x38
   85536:	3d10      	subs	r5, #16
   85538:	2d10      	cmp	r5, #16
   8553a:	f04f 0310 	mov.w	r3, #16
   8553e:	f10d 0968 	add.w	r9, sp, #104	; 0x68
   85542:	f101 0c01 	add.w	ip, r1, #1
   85546:	dce1      	bgt.n	8550c <_vfiprintf_r+0x718>
   85548:	4623      	mov	r3, r4
   8554a:	4654      	mov	r4, sl
   8554c:	469a      	mov	sl, r3
   8554e:	442a      	add	r2, r5
   85550:	f1bc 0f07 	cmp.w	ip, #7
   85554:	e9cd c20e 	strd	ip, r2, [sp, #56]	; 0x38
   85558:	f8c9 a000 	str.w	sl, [r9]
   8555c:	f8c9 5004 	str.w	r5, [r9, #4]
   85560:	f340 819f 	ble.w	858a2 <_vfiprintf_r+0xaae>
   85564:	2a00      	cmp	r2, #0
   85566:	f000 81fb 	beq.w	85960 <_vfiprintf_r+0xb6c>
   8556a:	4641      	mov	r1, r8
   8556c:	4658      	mov	r0, fp
   8556e:	aa0d      	add	r2, sp, #52	; 0x34
   85570:	f7ff fbfa 	bl	84d68 <__sprint_r.part.0>
   85574:	2800      	cmp	r0, #0
   85576:	f47f ad87 	bne.w	85088 <_vfiprintf_r+0x294>
   8557a:	e9dd 3102 	ldrd	r3, r1, [sp, #8]
   8557e:	e9dd 020e 	ldrd	r0, r2, [sp, #56]	; 0x38
   85582:	1a5d      	subs	r5, r3, r1
   85584:	2d00      	cmp	r5, #0
   85586:	f10d 0968 	add.w	r9, sp, #104	; 0x68
   8558a:	f100 0c01 	add.w	ip, r0, #1
   8558e:	f77f ade7 	ble.w	85160 <_vfiprintf_r+0x36c>
   85592:	2d10      	cmp	r5, #16
   85594:	f340 81e1 	ble.w	8595a <_vfiprintf_r+0xb66>
   85598:	f8df a0a0 	ldr.w	sl, [pc, #160]	; 8563c <_vfiprintf_r+0x848>
   8559c:	4601      	mov	r1, r0
   8559e:	4650      	mov	r0, sl
   855a0:	2310      	movs	r3, #16
   855a2:	46a2      	mov	sl, r4
   855a4:	4604      	mov	r4, r0
   855a6:	e007      	b.n	855b8 <_vfiprintf_r+0x7c4>
   855a8:	f101 0c02 	add.w	ip, r1, #2
   855ac:	4601      	mov	r1, r0
   855ae:	f109 0908 	add.w	r9, r9, #8
   855b2:	3d10      	subs	r5, #16
   855b4:	2d10      	cmp	r5, #16
   855b6:	dd1b      	ble.n	855f0 <_vfiprintf_r+0x7fc>
   855b8:	1c48      	adds	r0, r1, #1
   855ba:	3210      	adds	r2, #16
   855bc:	2807      	cmp	r0, #7
   855be:	e9c9 4300 	strd	r4, r3, [r9]
   855c2:	e9cd 020e 	strd	r0, r2, [sp, #56]	; 0x38
   855c6:	ddef      	ble.n	855a8 <_vfiprintf_r+0x7b4>
   855c8:	b32a      	cbz	r2, 85616 <_vfiprintf_r+0x822>
   855ca:	4641      	mov	r1, r8
   855cc:	4658      	mov	r0, fp
   855ce:	aa0d      	add	r2, sp, #52	; 0x34
   855d0:	f7ff fbca 	bl	84d68 <__sprint_r.part.0>
   855d4:	2800      	cmp	r0, #0
   855d6:	f47f ad57 	bne.w	85088 <_vfiprintf_r+0x294>
   855da:	e9dd 120e 	ldrd	r1, r2, [sp, #56]	; 0x38
   855de:	3d10      	subs	r5, #16
   855e0:	2d10      	cmp	r5, #16
   855e2:	f04f 0310 	mov.w	r3, #16
   855e6:	f10d 0968 	add.w	r9, sp, #104	; 0x68
   855ea:	f101 0c01 	add.w	ip, r1, #1
   855ee:	dce3      	bgt.n	855b8 <_vfiprintf_r+0x7c4>
   855f0:	4623      	mov	r3, r4
   855f2:	4654      	mov	r4, sl
   855f4:	469a      	mov	sl, r3
   855f6:	442a      	add	r2, r5
   855f8:	f1bc 0f07 	cmp.w	ip, #7
   855fc:	e9cd c20e 	strd	ip, r2, [sp, #56]	; 0x38
   85600:	f8c9 a000 	str.w	sl, [r9]
   85604:	f8c9 5004 	str.w	r5, [r9, #4]
   85608:	f300 80e3 	bgt.w	857d2 <_vfiprintf_r+0x9de>
   8560c:	f109 0908 	add.w	r9, r9, #8
   85610:	f10c 0c01 	add.w	ip, ip, #1
   85614:	e5a4      	b.n	85160 <_vfiprintf_r+0x36c>
   85616:	f04f 0c01 	mov.w	ip, #1
   8561a:	4611      	mov	r1, r2
   8561c:	f10d 0968 	add.w	r9, sp, #104	; 0x68
   85620:	e7c7      	b.n	855b2 <_vfiprintf_r+0x7be>
   85622:	4641      	mov	r1, r8
   85624:	4658      	mov	r0, fp
   85626:	aa0d      	add	r2, sp, #52	; 0x34
   85628:	f7ff fb9e 	bl	84d68 <__sprint_r.part.0>
   8562c:	2800      	cmp	r0, #0
   8562e:	f43f adc3 	beq.w	851b8 <_vfiprintf_r+0x3c4>
   85632:	e529      	b.n	85088 <_vfiprintf_r+0x294>
   85634:	0008aff0 	.word	0x0008aff0
   85638:	0008afdc 	.word	0x0008afdc
   8563c:	0008b040 	.word	0x0008b040
   85640:	f04f 0c01 	mov.w	ip, #1
   85644:	4611      	mov	r1, r2
   85646:	f10d 0968 	add.w	r9, sp, #104	; 0x68
   8564a:	e75c      	b.n	85506 <_vfiprintf_r+0x712>
   8564c:	2a00      	cmp	r2, #0
   8564e:	f000 80d2 	beq.w	857f6 <_vfiprintf_r+0xa02>
   85652:	4641      	mov	r1, r8
   85654:	4658      	mov	r0, fp
   85656:	aa0d      	add	r2, sp, #52	; 0x34
   85658:	f7ff fb86 	bl	84d68 <__sprint_r.part.0>
   8565c:	2800      	cmp	r0, #0
   8565e:	f47f ad13 	bne.w	85088 <_vfiprintf_r+0x294>
   85662:	e9dd 020e 	ldrd	r0, r2, [sp, #56]	; 0x38
   85666:	f10d 0968 	add.w	r9, sp, #104	; 0x68
   8566a:	f100 0c01 	add.w	ip, r0, #1
   8566e:	e54e      	b.n	8510e <_vfiprintf_r+0x31a>
   85670:	2202      	movs	r2, #2
   85672:	f04f 0c01 	mov.w	ip, #1
   85676:	ab0c      	add	r3, sp, #48	; 0x30
   85678:	931a      	str	r3, [sp, #104]	; 0x68
   8567a:	f10d 0968 	add.w	r9, sp, #104	; 0x68
   8567e:	921b      	str	r2, [sp, #108]	; 0x6c
   85680:	4660      	mov	r0, ip
   85682:	f109 0908 	add.w	r9, r9, #8
   85686:	f100 0c01 	add.w	ip, r0, #1
   8568a:	e55f      	b.n	8514c <_vfiprintf_r+0x358>
   8568c:	2d10      	cmp	r5, #16
   8568e:	f340 81a8 	ble.w	859e2 <_vfiprintf_r+0xbee>
   85692:	e9dd c20e 	ldrd	ip, r2, [sp, #56]	; 0x38
   85696:	f8df a304 	ldr.w	sl, [pc, #772]	; 8599c <_vfiprintf_r+0xba8>
   8569a:	2310      	movs	r3, #16
   8569c:	4650      	mov	r0, sl
   8569e:	4661      	mov	r1, ip
   856a0:	46a2      	mov	sl, r4
   856a2:	4604      	mov	r4, r0
   856a4:	e007      	b.n	856b6 <_vfiprintf_r+0x8c2>
   856a6:	f101 0c02 	add.w	ip, r1, #2
   856aa:	4601      	mov	r1, r0
   856ac:	f109 0908 	add.w	r9, r9, #8
   856b0:	3d10      	subs	r5, #16
   856b2:	2d10      	cmp	r5, #16
   856b4:	dd1b      	ble.n	856ee <_vfiprintf_r+0x8fa>
   856b6:	1c48      	adds	r0, r1, #1
   856b8:	3210      	adds	r2, #16
   856ba:	2807      	cmp	r0, #7
   856bc:	e9c9 4300 	strd	r4, r3, [r9]
   856c0:	e9cd 020e 	strd	r0, r2, [sp, #56]	; 0x38
   856c4:	ddef      	ble.n	856a6 <_vfiprintf_r+0x8b2>
   856c6:	b32a      	cbz	r2, 85714 <_vfiprintf_r+0x920>
   856c8:	4641      	mov	r1, r8
   856ca:	4658      	mov	r0, fp
   856cc:	aa0d      	add	r2, sp, #52	; 0x34
   856ce:	f7ff fb4b 	bl	84d68 <__sprint_r.part.0>
   856d2:	2800      	cmp	r0, #0
   856d4:	f47f acd8 	bne.w	85088 <_vfiprintf_r+0x294>
   856d8:	e9dd 120e 	ldrd	r1, r2, [sp, #56]	; 0x38
   856dc:	3d10      	subs	r5, #16
   856de:	2d10      	cmp	r5, #16
   856e0:	f04f 0310 	mov.w	r3, #16
   856e4:	f10d 0968 	add.w	r9, sp, #104	; 0x68
   856e8:	f101 0c01 	add.w	ip, r1, #1
   856ec:	dce3      	bgt.n	856b6 <_vfiprintf_r+0x8c2>
   856ee:	4623      	mov	r3, r4
   856f0:	4660      	mov	r0, ip
   856f2:	4654      	mov	r4, sl
   856f4:	469a      	mov	sl, r3
   856f6:	442a      	add	r2, r5
   856f8:	2807      	cmp	r0, #7
   856fa:	e9cd 020e 	strd	r0, r2, [sp, #56]	; 0x38
   856fe:	f8c9 a000 	str.w	sl, [r9]
   85702:	f8c9 5004 	str.w	r5, [r9, #4]
   85706:	f300 809d 	bgt.w	85844 <_vfiprintf_r+0xa50>
   8570a:	f109 0908 	add.w	r9, r9, #8
   8570e:	f100 0c01 	add.w	ip, r0, #1
   85712:	e4e8      	b.n	850e6 <_vfiprintf_r+0x2f2>
   85714:	4611      	mov	r1, r2
   85716:	f04f 0c01 	mov.w	ip, #1
   8571a:	f10d 0968 	add.w	r9, sp, #104	; 0x68
   8571e:	e7c7      	b.n	856b0 <_vfiprintf_r+0x8bc>
   85720:	9b01      	ldr	r3, [sp, #4]
   85722:	920e      	str	r2, [sp, #56]	; 0x38
   85724:	0758      	lsls	r0, r3, #29
   85726:	d54c      	bpl.n	857c2 <_vfiprintf_r+0x9ce>
   85728:	9b04      	ldr	r3, [sp, #16]
   8572a:	1b9c      	subs	r4, r3, r6
   8572c:	2c00      	cmp	r4, #0
   8572e:	dd48      	ble.n	857c2 <_vfiprintf_r+0x9ce>
   85730:	f10d 0968 	add.w	r9, sp, #104	; 0x68
   85734:	2c10      	cmp	r4, #16
   85736:	f340 815a 	ble.w	859ee <_vfiprintf_r+0xbfa>
   8573a:	f8df a260 	ldr.w	sl, [pc, #608]	; 8599c <_vfiprintf_r+0xba8>
   8573e:	2510      	movs	r5, #16
   85740:	4653      	mov	r3, sl
   85742:	990e      	ldr	r1, [sp, #56]	; 0x38
   85744:	46b2      	mov	sl, r6
   85746:	461e      	mov	r6, r3
   85748:	e006      	b.n	85758 <_vfiprintf_r+0x964>
   8574a:	1c88      	adds	r0, r1, #2
   8574c:	4619      	mov	r1, r3
   8574e:	f109 0908 	add.w	r9, r9, #8
   85752:	3c10      	subs	r4, #16
   85754:	2c10      	cmp	r4, #16
   85756:	dd19      	ble.n	8578c <_vfiprintf_r+0x998>
   85758:	1c4b      	adds	r3, r1, #1
   8575a:	3210      	adds	r2, #16
   8575c:	2b07      	cmp	r3, #7
   8575e:	e9c9 6500 	strd	r6, r5, [r9]
   85762:	e9cd 320e 	strd	r3, r2, [sp, #56]	; 0x38
   85766:	ddf0      	ble.n	8574a <_vfiprintf_r+0x956>
   85768:	b332      	cbz	r2, 857b8 <_vfiprintf_r+0x9c4>
   8576a:	4641      	mov	r1, r8
   8576c:	4658      	mov	r0, fp
   8576e:	aa0d      	add	r2, sp, #52	; 0x34
   85770:	f7ff fafa 	bl	84d68 <__sprint_r.part.0>
   85774:	2800      	cmp	r0, #0
   85776:	f47f ac87 	bne.w	85088 <_vfiprintf_r+0x294>
   8577a:	e9dd 120e 	ldrd	r1, r2, [sp, #56]	; 0x38
   8577e:	3c10      	subs	r4, #16
   85780:	2c10      	cmp	r4, #16
   85782:	f10d 0968 	add.w	r9, sp, #104	; 0x68
   85786:	f101 0001 	add.w	r0, r1, #1
   8578a:	dce5      	bgt.n	85758 <_vfiprintf_r+0x964>
   8578c:	4633      	mov	r3, r6
   8578e:	4656      	mov	r6, sl
   85790:	469a      	mov	sl, r3
   85792:	4422      	add	r2, r4
   85794:	2807      	cmp	r0, #7
   85796:	e9c9 a400 	strd	sl, r4, [r9]
   8579a:	e9cd 020e 	strd	r0, r2, [sp, #56]	; 0x38
   8579e:	f77f ad01 	ble.w	851a4 <_vfiprintf_r+0x3b0>
   857a2:	b172      	cbz	r2, 857c2 <_vfiprintf_r+0x9ce>
   857a4:	4641      	mov	r1, r8
   857a6:	4658      	mov	r0, fp
   857a8:	aa0d      	add	r2, sp, #52	; 0x34
   857aa:	f7ff fadd 	bl	84d68 <__sprint_r.part.0>
   857ae:	2800      	cmp	r0, #0
   857b0:	f47f ac6a 	bne.w	85088 <_vfiprintf_r+0x294>
   857b4:	9a0f      	ldr	r2, [sp, #60]	; 0x3c
   857b6:	e4f5      	b.n	851a4 <_vfiprintf_r+0x3b0>
   857b8:	2001      	movs	r0, #1
   857ba:	4611      	mov	r1, r2
   857bc:	f10d 0968 	add.w	r9, sp, #104	; 0x68
   857c0:	e7c7      	b.n	85752 <_vfiprintf_r+0x95e>
   857c2:	e9dd 2304 	ldrd	r2, r3, [sp, #16]
   857c6:	42b2      	cmp	r2, r6
   857c8:	bfac      	ite	ge
   857ca:	189b      	addge	r3, r3, r2
   857cc:	199b      	addlt	r3, r3, r6
   857ce:	9305      	str	r3, [sp, #20]
   857d0:	e4f2      	b.n	851b8 <_vfiprintf_r+0x3c4>
   857d2:	2a00      	cmp	r2, #0
   857d4:	f43f ae77 	beq.w	854c6 <_vfiprintf_r+0x6d2>
   857d8:	4641      	mov	r1, r8
   857da:	4658      	mov	r0, fp
   857dc:	aa0d      	add	r2, sp, #52	; 0x34
   857de:	f7ff fac3 	bl	84d68 <__sprint_r.part.0>
   857e2:	2800      	cmp	r0, #0
   857e4:	f47f ac50 	bne.w	85088 <_vfiprintf_r+0x294>
   857e8:	9b0e      	ldr	r3, [sp, #56]	; 0x38
   857ea:	9a0f      	ldr	r2, [sp, #60]	; 0x3c
   857ec:	f10d 0968 	add.w	r9, sp, #104	; 0x68
   857f0:	f103 0c01 	add.w	ip, r3, #1
   857f4:	e4b4      	b.n	85160 <_vfiprintf_r+0x36c>
   857f6:	9b07      	ldr	r3, [sp, #28]
   857f8:	2b00      	cmp	r3, #0
   857fa:	d167      	bne.n	858cc <_vfiprintf_r+0xad8>
   857fc:	f04f 0c01 	mov.w	ip, #1
   85800:	4610      	mov	r0, r2
   85802:	f10d 0968 	add.w	r9, sp, #104	; 0x68
   85806:	e4a1      	b.n	8514c <_vfiprintf_r+0x358>
   85808:	920e      	str	r2, [sp, #56]	; 0x38
   8580a:	f10d 0968 	add.w	r9, sp, #104	; 0x68
   8580e:	e427      	b.n	85060 <_vfiprintf_r+0x26c>
   85810:	9a06      	ldr	r2, [sp, #24]
   85812:	f852 0b04 	ldr.w	r0, [r2], #4
   85816:	9206      	str	r2, [sp, #24]
   85818:	e59b      	b.n	85352 <_vfiprintf_r+0x55e>
   8581a:	17c1      	asrs	r1, r0, #31
   8581c:	460b      	mov	r3, r1
   8581e:	2b00      	cmp	r3, #0
   85820:	f6bf acfd 	bge.w	8521e <_vfiprintf_r+0x42a>
   85824:	222d      	movs	r2, #45	; 0x2d
   85826:	4240      	negs	r0, r0
   85828:	f04f 0301 	mov.w	r3, #1
   8582c:	eb61 0141 	sbc.w	r1, r1, r1, lsl #1
   85830:	f88d 202f 	strb.w	r2, [sp, #47]	; 0x2f
   85834:	9207      	str	r2, [sp, #28]
   85836:	f7ff bbe4 	b.w	85002 <_vfiprintf_r+0x20e>
   8583a:	9b02      	ldr	r3, [sp, #8]
   8583c:	ac1a      	add	r4, sp, #104	; 0x68
   8583e:	9303      	str	r3, [sp, #12]
   85840:	f7ff bbf6 	b.w	85030 <_vfiprintf_r+0x23c>
   85844:	2a00      	cmp	r2, #0
   85846:	d05f      	beq.n	85908 <_vfiprintf_r+0xb14>
   85848:	4641      	mov	r1, r8
   8584a:	4658      	mov	r0, fp
   8584c:	aa0d      	add	r2, sp, #52	; 0x34
   8584e:	f7ff fa8b 	bl	84d68 <__sprint_r.part.0>
   85852:	2800      	cmp	r0, #0
   85854:	f47f ac18 	bne.w	85088 <_vfiprintf_r+0x294>
   85858:	f10d 0968 	add.w	r9, sp, #104	; 0x68
   8585c:	e43f      	b.n	850de <_vfiprintf_r+0x2ea>
   8585e:	ac1a      	add	r4, sp, #104	; 0x68
   85860:	220a      	movs	r2, #10
   85862:	2300      	movs	r3, #0
   85864:	4606      	mov	r6, r0
   85866:	460d      	mov	r5, r1
   85868:	f005 f9e4 	bl	8ac34 <__aeabi_uldivmod>
   8586c:	3230      	adds	r2, #48	; 0x30
   8586e:	2300      	movs	r3, #0
   85870:	f804 2d01 	strb.w	r2, [r4, #-1]!
   85874:	4630      	mov	r0, r6
   85876:	4629      	mov	r1, r5
   85878:	220a      	movs	r2, #10
   8587a:	f005 f9db 	bl	8ac34 <__aeabi_uldivmod>
   8587e:	2e0a      	cmp	r6, #10
   85880:	f175 0300 	sbcs.w	r3, r5, #0
   85884:	d2ec      	bcs.n	85860 <_vfiprintf_r+0xa6c>
   85886:	ab1a      	add	r3, sp, #104	; 0x68
   85888:	1b1b      	subs	r3, r3, r4
   8588a:	f8cd a004 	str.w	sl, [sp, #4]
   8588e:	9303      	str	r3, [sp, #12]
   85890:	f7ff bbce 	b.w	85030 <_vfiprintf_r+0x23c>
   85894:	2330      	movs	r3, #48	; 0x30
   85896:	f10d 0467 	add.w	r4, sp, #103	; 0x67
   8589a:	f88d 3067 	strb.w	r3, [sp, #103]	; 0x67
   8589e:	f7ff bbc7 	b.w	85030 <_vfiprintf_r+0x23c>
   858a2:	4660      	mov	r0, ip
   858a4:	f109 0908 	add.w	r9, r9, #8
   858a8:	f10c 0c01 	add.w	ip, ip, #1
   858ac:	e452      	b.n	85154 <_vfiprintf_r+0x360>
   858ae:	e9dd 0305 	ldrd	r0, r3, [sp, #20]
   858b2:	f853 1b04 	ldr.w	r1, [r3], #4
   858b6:	17c2      	asrs	r2, r0, #31
   858b8:	e9c1 0200 	strd	r0, r2, [r1]
   858bc:	9306      	str	r3, [sp, #24]
   858be:	f7ff bacc 	b.w	84e5a <_vfiprintf_r+0x66>
   858c2:	2101      	movs	r1, #1
   858c4:	2020      	movs	r0, #32
   858c6:	783b      	ldrb	r3, [r7, #0]
   858c8:	f7ff bae8 	b.w	84e9c <_vfiprintf_r+0xa8>
   858cc:	2202      	movs	r2, #2
   858ce:	ab0c      	add	r3, sp, #48	; 0x30
   858d0:	931a      	str	r3, [sp, #104]	; 0x68
   858d2:	f10d 0968 	add.w	r9, sp, #104	; 0x68
   858d6:	921b      	str	r2, [sp, #108]	; 0x6c
   858d8:	e6d3      	b.n	85682 <_vfiprintf_r+0x88e>
   858da:	9b02      	ldr	r3, [sp, #8]
   858dc:	2b00      	cmp	r3, #0
   858de:	f47f acb0 	bne.w	85242 <_vfiprintf_r+0x44e>
   858e2:	f8cd a004 	str.w	sl, [sp, #4]
   858e6:	9303      	str	r3, [sp, #12]
   858e8:	f7ff bba1 	b.w	8502e <_vfiprintf_r+0x23a>
   858ec:	4620      	mov	r0, r4
   858ee:	9506      	str	r5, [sp, #24]
   858f0:	f8cd a004 	str.w	sl, [sp, #4]
   858f4:	f7fd ff8a 	bl	8380c <strlen>
   858f8:	2300      	movs	r3, #0
   858fa:	9302      	str	r3, [sp, #8]
   858fc:	f89d 302f 	ldrb.w	r3, [sp, #47]	; 0x2f
   85900:	9003      	str	r0, [sp, #12]
   85902:	9307      	str	r3, [sp, #28]
   85904:	f7ff bb94 	b.w	85030 <_vfiprintf_r+0x23c>
   85908:	f89d 302f 	ldrb.w	r3, [sp, #47]	; 0x2f
   8590c:	b37b      	cbz	r3, 8596e <_vfiprintf_r+0xb7a>
   8590e:	2301      	movs	r3, #1
   85910:	f10d 022f 	add.w	r2, sp, #47	; 0x2f
   85914:	921a      	str	r2, [sp, #104]	; 0x68
   85916:	469c      	mov	ip, r3
   85918:	461a      	mov	r2, r3
   8591a:	f10d 0968 	add.w	r9, sp, #104	; 0x68
   8591e:	931b      	str	r3, [sp, #108]	; 0x6c
   85920:	f7ff bbf0 	b.w	85104 <_vfiprintf_r+0x310>
   85924:	9b06      	ldr	r3, [sp, #24]
   85926:	9905      	ldr	r1, [sp, #20]
   85928:	f853 2b04 	ldr.w	r2, [r3], #4
   8592c:	6011      	str	r1, [r2, #0]
   8592e:	9306      	str	r3, [sp, #24]
   85930:	f7ff ba93 	b.w	84e5a <_vfiprintf_r+0x66>
   85934:	f89d 302f 	ldrb.w	r3, [sp, #47]	; 0x2f
   85938:	9307      	str	r3, [sp, #28]
   8593a:	e47d      	b.n	85238 <_vfiprintf_r+0x444>
   8593c:	2b01      	cmp	r3, #1
   8593e:	f8dd a004 	ldr.w	sl, [sp, #4]
   85942:	f47f ad8d 	bne.w	85460 <_vfiprintf_r+0x66c>
   85946:	e47c      	b.n	85242 <_vfiprintf_r+0x44e>
   85948:	9e02      	ldr	r6, [sp, #8]
   8594a:	4c15      	ldr	r4, [pc, #84]	; (859a0 <_vfiprintf_r+0xbac>)
   8594c:	2e06      	cmp	r6, #6
   8594e:	bf28      	it	cs
   85950:	2606      	movcs	r6, #6
   85952:	9506      	str	r5, [sp, #24]
   85954:	9603      	str	r6, [sp, #12]
   85956:	f7ff bbae 	b.w	850b6 <_vfiprintf_r+0x2c2>
   8595a:	f8df a048 	ldr.w	sl, [pc, #72]	; 859a4 <_vfiprintf_r+0xbb0>
   8595e:	e64a      	b.n	855f6 <_vfiprintf_r+0x802>
   85960:	f04f 0c01 	mov.w	ip, #1
   85964:	4610      	mov	r0, r2
   85966:	f10d 0968 	add.w	r9, sp, #104	; 0x68
   8596a:	f7ff bbf3 	b.w	85154 <_vfiprintf_r+0x360>
   8596e:	9b07      	ldr	r3, [sp, #28]
   85970:	2b00      	cmp	r3, #0
   85972:	f47f ae7d 	bne.w	85670 <_vfiprintf_r+0x87c>
   85976:	4610      	mov	r0, r2
   85978:	f04f 0c01 	mov.w	ip, #1
   8597c:	f10d 0968 	add.w	r9, sp, #104	; 0x68
   85980:	f7ff bbe8 	b.w	85154 <_vfiprintf_r+0x360>
   85984:	f88d 002f 	strb.w	r0, [sp, #47]	; 0x2f
   85988:	f7ff bb8a 	b.w	850a0 <_vfiprintf_r+0x2ac>
   8598c:	4641      	mov	r1, r8
   8598e:	4658      	mov	r0, fp
   85990:	aa0d      	add	r2, sp, #52	; 0x34
   85992:	f7ff f9e9 	bl	84d68 <__sprint_r.part.0>
   85996:	f7ff bb77 	b.w	85088 <_vfiprintf_r+0x294>
   8599a:	bf00      	nop
   8599c:	0008b030 	.word	0x0008b030
   859a0:	0008b004 	.word	0x0008b004
   859a4:	0008b040 	.word	0x0008b040
   859a8:	9b02      	ldr	r3, [sp, #8]
   859aa:	9506      	str	r5, [sp, #24]
   859ac:	9303      	str	r3, [sp, #12]
   859ae:	f89d 302f 	ldrb.w	r3, [sp, #47]	; 0x2f
   859b2:	e9cd a001 	strd	sl, r0, [sp, #4]
   859b6:	9307      	str	r3, [sp, #28]
   859b8:	f7ff bb3a 	b.w	85030 <_vfiprintf_r+0x23c>
   859bc:	2200      	movs	r2, #0
   859be:	9202      	str	r2, [sp, #8]
   859c0:	f7ff ba6d 	b.w	84e9e <_vfiprintf_r+0xaa>
   859c4:	f88d 002f 	strb.w	r0, [sp, #47]	; 0x2f
   859c8:	e4fb      	b.n	853c2 <_vfiprintf_r+0x5ce>
   859ca:	f88d 002f 	strb.w	r0, [sp, #47]	; 0x2f
   859ce:	e4b3      	b.n	85338 <_vfiprintf_r+0x544>
   859d0:	f88d 002f 	strb.w	r0, [sp, #47]	; 0x2f
   859d4:	e478      	b.n	852c8 <_vfiprintf_r+0x4d4>
   859d6:	f88d 002f 	strb.w	r0, [sp, #47]	; 0x2f
   859da:	e4ce      	b.n	8537a <_vfiprintf_r+0x586>
   859dc:	f88d 002f 	strb.w	r0, [sp, #47]	; 0x2f
   859e0:	e40d      	b.n	851fe <_vfiprintf_r+0x40a>
   859e2:	980e      	ldr	r0, [sp, #56]	; 0x38
   859e4:	9a0f      	ldr	r2, [sp, #60]	; 0x3c
   859e6:	f8df a038 	ldr.w	sl, [pc, #56]	; 85a20 <_vfiprintf_r+0xc2c>
   859ea:	3001      	adds	r0, #1
   859ec:	e683      	b.n	856f6 <_vfiprintf_r+0x902>
   859ee:	980e      	ldr	r0, [sp, #56]	; 0x38
   859f0:	f8df a02c 	ldr.w	sl, [pc, #44]	; 85a20 <_vfiprintf_r+0xc2c>
   859f4:	3001      	adds	r0, #1
   859f6:	e6cc      	b.n	85792 <_vfiprintf_r+0x99e>
   859f8:	f04f 33ff 	mov.w	r3, #4294967295	; 0xffffffff
   859fc:	9305      	str	r3, [sp, #20]
   859fe:	f7ff bb48 	b.w	85092 <_vfiprintf_r+0x29e>
   85a02:	f8df a020 	ldr.w	sl, [pc, #32]	; 85a24 <_vfiprintf_r+0xc30>
   85a06:	e5a2      	b.n	8554e <_vfiprintf_r+0x75a>
   85a08:	9a06      	ldr	r2, [sp, #24]
   85a0a:	787b      	ldrb	r3, [r7, #1]
   85a0c:	4627      	mov	r7, r4
   85a0e:	f852 4b04 	ldr.w	r4, [r2], #4
   85a12:	9206      	str	r2, [sp, #24]
   85a14:	ea44 72e4 	orr.w	r2, r4, r4, asr #31
   85a18:	9202      	str	r2, [sp, #8]
   85a1a:	f7ff ba3f 	b.w	84e9c <_vfiprintf_r+0xa8>
   85a1e:	bf00      	nop
   85a20:	0008b030 	.word	0x0008b030
   85a24:	0008b040 	.word	0x0008b040

00085a28 <vfiprintf>:
   85a28:	468c      	mov	ip, r1
   85a2a:	b500      	push	{lr}
   85a2c:	4686      	mov	lr, r0
   85a2e:	4613      	mov	r3, r2
   85a30:	4a03      	ldr	r2, [pc, #12]	; (85a40 <vfiprintf+0x18>)
   85a32:	4671      	mov	r1, lr
   85a34:	6810      	ldr	r0, [r2, #0]
   85a36:	f85d eb04 	ldr.w	lr, [sp], #4
   85a3a:	4662      	mov	r2, ip
   85a3c:	f7ff b9da 	b.w	84df4 <_vfiprintf_r>
   85a40:	200003b0 	.word	0x200003b0

00085a44 <__sbprintf>:
   85a44:	b570      	push	{r4, r5, r6, lr}
   85a46:	2400      	movs	r4, #0
   85a48:	f5ad 6d8d 	sub.w	sp, sp, #1128	; 0x468
   85a4c:	f44f 6580 	mov.w	r5, #1024	; 0x400
   85a50:	9406      	str	r4, [sp, #24]
   85a52:	460c      	mov	r4, r1
   85a54:	9502      	str	r5, [sp, #8]
   85a56:	9505      	str	r5, [sp, #20]
   85a58:	89a5      	ldrh	r5, [r4, #12]
   85a5a:	a91a      	add	r1, sp, #104	; 0x68
   85a5c:	f025 0502 	bic.w	r5, r5, #2
   85a60:	f8ad 500c 	strh.w	r5, [sp, #12]
   85a64:	6e65      	ldr	r5, [r4, #100]	; 0x64
   85a66:	9100      	str	r1, [sp, #0]
   85a68:	9519      	str	r5, [sp, #100]	; 0x64
   85a6a:	89e5      	ldrh	r5, [r4, #14]
   85a6c:	9104      	str	r1, [sp, #16]
   85a6e:	f8ad 500e 	strh.w	r5, [sp, #14]
   85a72:	69e5      	ldr	r5, [r4, #28]
   85a74:	4669      	mov	r1, sp
   85a76:	9507      	str	r5, [sp, #28]
   85a78:	6a65      	ldr	r5, [r4, #36]	; 0x24
   85a7a:	4606      	mov	r6, r0
   85a7c:	9509      	str	r5, [sp, #36]	; 0x24
   85a7e:	f7ff f9b9 	bl	84df4 <_vfiprintf_r>
   85a82:	1e05      	subs	r5, r0, #0
   85a84:	db07      	blt.n	85a96 <__sbprintf+0x52>
   85a86:	4669      	mov	r1, sp
   85a88:	4630      	mov	r0, r6
   85a8a:	f001 f945 	bl	86d18 <_fflush_r>
   85a8e:	2800      	cmp	r0, #0
   85a90:	bf18      	it	ne
   85a92:	f04f 35ff 	movne.w	r5, #4294967295	; 0xffffffff
   85a96:	f8bd 300c 	ldrh.w	r3, [sp, #12]
   85a9a:	065b      	lsls	r3, r3, #25
   85a9c:	d503      	bpl.n	85aa6 <__sbprintf+0x62>
   85a9e:	89a3      	ldrh	r3, [r4, #12]
   85aa0:	f043 0340 	orr.w	r3, r3, #64	; 0x40
   85aa4:	81a3      	strh	r3, [r4, #12]
   85aa6:	4628      	mov	r0, r5
   85aa8:	f50d 6d8d 	add.w	sp, sp, #1128	; 0x468
   85aac:	bd70      	pop	{r4, r5, r6, pc}
   85aae:	bf00      	nop

00085ab0 <__swsetup_r>:
   85ab0:	b538      	push	{r3, r4, r5, lr}
   85ab2:	4b33      	ldr	r3, [pc, #204]	; (85b80 <__swsetup_r+0xd0>)
   85ab4:	4605      	mov	r5, r0
   85ab6:	681b      	ldr	r3, [r3, #0]
   85ab8:	460c      	mov	r4, r1
   85aba:	b10b      	cbz	r3, 85ac0 <__swsetup_r+0x10>
   85abc:	6b9a      	ldr	r2, [r3, #56]	; 0x38
   85abe:	b312      	cbz	r2, 85b06 <__swsetup_r+0x56>
   85ac0:	f9b4 300c 	ldrsh.w	r3, [r4, #12]
   85ac4:	0718      	lsls	r0, r3, #28
   85ac6:	b29a      	uxth	r2, r3
   85ac8:	d525      	bpl.n	85b16 <__swsetup_r+0x66>
   85aca:	6921      	ldr	r1, [r4, #16]
   85acc:	2900      	cmp	r1, #0
   85ace:	d02d      	beq.n	85b2c <__swsetup_r+0x7c>
   85ad0:	f012 0001 	ands.w	r0, r2, #1
   85ad4:	d007      	beq.n	85ae6 <__swsetup_r+0x36>
   85ad6:	2500      	movs	r5, #0
   85ad8:	6960      	ldr	r0, [r4, #20]
   85ada:	60a5      	str	r5, [r4, #8]
   85adc:	4240      	negs	r0, r0
   85ade:	61a0      	str	r0, [r4, #24]
   85ae0:	b139      	cbz	r1, 85af2 <__swsetup_r+0x42>
   85ae2:	2000      	movs	r0, #0
   85ae4:	bd38      	pop	{r3, r4, r5, pc}
   85ae6:	0795      	lsls	r5, r2, #30
   85ae8:	bf58      	it	pl
   85aea:	6960      	ldrpl	r0, [r4, #20]
   85aec:	60a0      	str	r0, [r4, #8]
   85aee:	2900      	cmp	r1, #0
   85af0:	d1f7      	bne.n	85ae2 <__swsetup_r+0x32>
   85af2:	0612      	lsls	r2, r2, #24
   85af4:	bf58      	it	pl
   85af6:	4608      	movpl	r0, r1
   85af8:	d5f4      	bpl.n	85ae4 <__swsetup_r+0x34>
   85afa:	f043 0340 	orr.w	r3, r3, #64	; 0x40
   85afe:	f04f 30ff 	mov.w	r0, #4294967295	; 0xffffffff
   85b02:	81a3      	strh	r3, [r4, #12]
   85b04:	bd38      	pop	{r3, r4, r5, pc}
   85b06:	4618      	mov	r0, r3
   85b08:	f001 fa2e 	bl	86f68 <__sinit>
   85b0c:	f9b4 300c 	ldrsh.w	r3, [r4, #12]
   85b10:	0718      	lsls	r0, r3, #28
   85b12:	b29a      	uxth	r2, r3
   85b14:	d4d9      	bmi.n	85aca <__swsetup_r+0x1a>
   85b16:	06d1      	lsls	r1, r2, #27
   85b18:	d52a      	bpl.n	85b70 <__swsetup_r+0xc0>
   85b1a:	0752      	lsls	r2, r2, #29
   85b1c:	d414      	bmi.n	85b48 <__swsetup_r+0x98>
   85b1e:	6921      	ldr	r1, [r4, #16]
   85b20:	f043 0308 	orr.w	r3, r3, #8
   85b24:	81a3      	strh	r3, [r4, #12]
   85b26:	b29a      	uxth	r2, r3
   85b28:	2900      	cmp	r1, #0
   85b2a:	d1d1      	bne.n	85ad0 <__swsetup_r+0x20>
   85b2c:	f402 7020 	and.w	r0, r2, #640	; 0x280
   85b30:	f5b0 7f00 	cmp.w	r0, #512	; 0x200
   85b34:	d0cc      	beq.n	85ad0 <__swsetup_r+0x20>
   85b36:	4621      	mov	r1, r4
   85b38:	4628      	mov	r0, r5
   85b3a:	f001 fe13 	bl	87764 <__smakebuf_r>
   85b3e:	f9b4 300c 	ldrsh.w	r3, [r4, #12]
   85b42:	6921      	ldr	r1, [r4, #16]
   85b44:	b29a      	uxth	r2, r3
   85b46:	e7c3      	b.n	85ad0 <__swsetup_r+0x20>
   85b48:	6b21      	ldr	r1, [r4, #48]	; 0x30
   85b4a:	b151      	cbz	r1, 85b62 <__swsetup_r+0xb2>
   85b4c:	f104 0240 	add.w	r2, r4, #64	; 0x40
   85b50:	4291      	cmp	r1, r2
   85b52:	d004      	beq.n	85b5e <__swsetup_r+0xae>
   85b54:	4628      	mov	r0, r5
   85b56:	f001 faf9 	bl	8714c <_free_r>
   85b5a:	f9b4 300c 	ldrsh.w	r3, [r4, #12]
   85b5e:	2200      	movs	r2, #0
   85b60:	6322      	str	r2, [r4, #48]	; 0x30
   85b62:	2200      	movs	r2, #0
   85b64:	6921      	ldr	r1, [r4, #16]
   85b66:	f023 0324 	bic.w	r3, r3, #36	; 0x24
   85b6a:	e9c4 1200 	strd	r1, r2, [r4]
   85b6e:	e7d7      	b.n	85b20 <__swsetup_r+0x70>
   85b70:	2209      	movs	r2, #9
   85b72:	f043 0340 	orr.w	r3, r3, #64	; 0x40
   85b76:	602a      	str	r2, [r5, #0]
   85b78:	f04f 30ff 	mov.w	r0, #4294967295	; 0xffffffff
   85b7c:	81a3      	strh	r3, [r4, #12]
   85b7e:	bd38      	pop	{r3, r4, r5, pc}
   85b80:	200003b0 	.word	0x200003b0

00085b84 <__register_exitproc>:
   85b84:	b570      	push	{r4, r5, r6, lr}
   85b86:	4c17      	ldr	r4, [pc, #92]	; (85be4 <__register_exitproc+0x60>)
   85b88:	6825      	ldr	r5, [r4, #0]
   85b8a:	f8d5 4148 	ldr.w	r4, [r5, #328]	; 0x148
   85b8e:	b1dc      	cbz	r4, 85bc8 <__register_exitproc+0x44>
   85b90:	6865      	ldr	r5, [r4, #4]
   85b92:	2d1f      	cmp	r5, #31
   85b94:	dc23      	bgt.n	85bde <__register_exitproc+0x5a>
   85b96:	b180      	cbz	r0, 85bba <__register_exitproc+0x36>
   85b98:	f04f 0c01 	mov.w	ip, #1
   85b9c:	eb04 0e85 	add.w	lr, r4, r5, lsl #2
   85ba0:	f8ce 2088 	str.w	r2, [lr, #136]	; 0x88
   85ba4:	f8d4 6188 	ldr.w	r6, [r4, #392]	; 0x188
   85ba8:	fa0c f205 	lsl.w	r2, ip, r5
   85bac:	4316      	orrs	r6, r2
   85bae:	2802      	cmp	r0, #2
   85bb0:	f8c4 6188 	str.w	r6, [r4, #392]	; 0x188
   85bb4:	f8ce 3108 	str.w	r3, [lr, #264]	; 0x108
   85bb8:	d00b      	beq.n	85bd2 <__register_exitproc+0x4e>
   85bba:	1c6b      	adds	r3, r5, #1
   85bbc:	3502      	adds	r5, #2
   85bbe:	6063      	str	r3, [r4, #4]
   85bc0:	2000      	movs	r0, #0
   85bc2:	f844 1025 	str.w	r1, [r4, r5, lsl #2]
   85bc6:	bd70      	pop	{r4, r5, r6, pc}
   85bc8:	f505 74a6 	add.w	r4, r5, #332	; 0x14c
   85bcc:	f8c5 4148 	str.w	r4, [r5, #328]	; 0x148
   85bd0:	e7de      	b.n	85b90 <__register_exitproc+0xc>
   85bd2:	f8d4 318c 	ldr.w	r3, [r4, #396]	; 0x18c
   85bd6:	4313      	orrs	r3, r2
   85bd8:	f8c4 318c 	str.w	r3, [r4, #396]	; 0x18c
   85bdc:	e7ed      	b.n	85bba <__register_exitproc+0x36>
   85bde:	f04f 30ff 	mov.w	r0, #4294967295	; 0xffffffff
   85be2:	bd70      	pop	{r4, r5, r6, pc}
   85be4:	0008afc8 	.word	0x0008afc8

00085be8 <register_fini>:
   85be8:	4b02      	ldr	r3, [pc, #8]	; (85bf4 <register_fini+0xc>)
   85bea:	b113      	cbz	r3, 85bf2 <register_fini+0xa>
   85bec:	4802      	ldr	r0, [pc, #8]	; (85bf8 <register_fini+0x10>)
   85bee:	f7fd bbe1 	b.w	833b4 <atexit>
   85bf2:	4770      	bx	lr
   85bf4:	00000000 	.word	0x00000000
   85bf8:	000833c1 	.word	0x000833c1
   85bfc:	00000000 	.word	0x00000000

00085c00 <quorem>:
   85c00:	e92d 4ff0 	stmdb	sp!, {r4, r5, r6, r7, r8, r9, sl, fp, lr}
   85c04:	6903      	ldr	r3, [r0, #16]
   85c06:	690c      	ldr	r4, [r1, #16]
   85c08:	b085      	sub	sp, #20
   85c0a:	42a3      	cmp	r3, r4
   85c0c:	f2c0 8089 	blt.w	85d22 <quorem+0x122>
   85c10:	3c01      	subs	r4, #1
   85c12:	f101 0514 	add.w	r5, r1, #20
   85c16:	00a3      	lsls	r3, r4, #2
   85c18:	f100 0814 	add.w	r8, r0, #20
   85c1c:	9301      	str	r3, [sp, #4]
   85c1e:	f855 3024 	ldr.w	r3, [r5, r4, lsl #2]
   85c22:	f858 2024 	ldr.w	r2, [r8, r4, lsl #2]
   85c26:	3301      	adds	r3, #1
   85c28:	468a      	mov	sl, r1
   85c2a:	429a      	cmp	r2, r3
   85c2c:	eb08 0184 	add.w	r1, r8, r4, lsl #2
   85c30:	4681      	mov	r9, r0
   85c32:	fbb2 f6f3 	udiv	r6, r2, r3
   85c36:	eb05 0784 	add.w	r7, r5, r4, lsl #2
   85c3a:	9102      	str	r1, [sp, #8]
   85c3c:	d33a      	bcc.n	85cb4 <quorem+0xb4>
   85c3e:	2100      	movs	r1, #0
   85c40:	46ae      	mov	lr, r5
   85c42:	4640      	mov	r0, r8
   85c44:	460a      	mov	r2, r1
   85c46:	46a3      	mov	fp, r4
   85c48:	9503      	str	r5, [sp, #12]
   85c4a:	f85e 5b04 	ldr.w	r5, [lr], #4
   85c4e:	6804      	ldr	r4, [r0, #0]
   85c50:	b2ab      	uxth	r3, r5
   85c52:	fb06 1303 	mla	r3, r6, r3, r1
   85c56:	0c2d      	lsrs	r5, r5, #16
   85c58:	0c19      	lsrs	r1, r3, #16
   85c5a:	fb06 1105 	mla	r1, r6, r5, r1
   85c5e:	b29b      	uxth	r3, r3
   85c60:	1ad2      	subs	r2, r2, r3
   85c62:	fa1f fc84 	uxth.w	ip, r4
   85c66:	4494      	add	ip, r2
   85c68:	b28a      	uxth	r2, r1
   85c6a:	ebc2 4214 	rsb	r2, r2, r4, lsr #16
   85c6e:	eb02 422c 	add.w	r2, r2, ip, asr #16
   85c72:	fa1f fc8c 	uxth.w	ip, ip
   85c76:	ea4c 4302 	orr.w	r3, ip, r2, lsl #16
   85c7a:	4577      	cmp	r7, lr
   85c7c:	f840 3b04 	str.w	r3, [r0], #4
   85c80:	ea4f 4111 	mov.w	r1, r1, lsr #16
   85c84:	ea4f 4222 	mov.w	r2, r2, asr #16
   85c88:	d2df      	bcs.n	85c4a <quorem+0x4a>
   85c8a:	9b01      	ldr	r3, [sp, #4]
   85c8c:	465c      	mov	r4, fp
   85c8e:	f858 3003 	ldr.w	r3, [r8, r3]
   85c92:	9d03      	ldr	r5, [sp, #12]
   85c94:	b973      	cbnz	r3, 85cb4 <quorem+0xb4>
   85c96:	9b02      	ldr	r3, [sp, #8]
   85c98:	3b04      	subs	r3, #4
   85c9a:	4598      	cmp	r8, r3
   85c9c:	d304      	bcc.n	85ca8 <quorem+0xa8>
   85c9e:	e007      	b.n	85cb0 <quorem+0xb0>
   85ca0:	4598      	cmp	r8, r3
   85ca2:	f104 34ff 	add.w	r4, r4, #4294967295	; 0xffffffff
   85ca6:	d203      	bcs.n	85cb0 <quorem+0xb0>
   85ca8:	f853 2904 	ldr.w	r2, [r3], #-4
   85cac:	2a00      	cmp	r2, #0
   85cae:	d0f7      	beq.n	85ca0 <quorem+0xa0>
   85cb0:	f8c9 4010 	str.w	r4, [r9, #16]
   85cb4:	4651      	mov	r1, sl
   85cb6:	4648      	mov	r0, r9
   85cb8:	f002 fc68 	bl	8858c <__mcmp>
   85cbc:	2800      	cmp	r0, #0
   85cbe:	db2c      	blt.n	85d1a <quorem+0x11a>
   85cc0:	4640      	mov	r0, r8
   85cc2:	2300      	movs	r3, #0
   85cc4:	3601      	adds	r6, #1
   85cc6:	f855 1b04 	ldr.w	r1, [r5], #4
   85cca:	f8d0 c000 	ldr.w	ip, [r0]
   85cce:	b28a      	uxth	r2, r1
   85cd0:	1a9a      	subs	r2, r3, r2
   85cd2:	fa1f fe8c 	uxth.w	lr, ip
   85cd6:	0c0b      	lsrs	r3, r1, #16
   85cd8:	4472      	add	r2, lr
   85cda:	ebc3 431c 	rsb	r3, r3, ip, lsr #16
   85cde:	eb03 4322 	add.w	r3, r3, r2, asr #16
   85ce2:	b292      	uxth	r2, r2
   85ce4:	ea42 4203 	orr.w	r2, r2, r3, lsl #16
   85ce8:	42af      	cmp	r7, r5
   85cea:	f840 2b04 	str.w	r2, [r0], #4
   85cee:	ea4f 4323 	mov.w	r3, r3, asr #16
   85cf2:	d2e8      	bcs.n	85cc6 <quorem+0xc6>
   85cf4:	f858 2024 	ldr.w	r2, [r8, r4, lsl #2]
   85cf8:	eb08 0384 	add.w	r3, r8, r4, lsl #2
   85cfc:	b96a      	cbnz	r2, 85d1a <quorem+0x11a>
   85cfe:	3b04      	subs	r3, #4
   85d00:	4598      	cmp	r8, r3
   85d02:	d304      	bcc.n	85d0e <quorem+0x10e>
   85d04:	e007      	b.n	85d16 <quorem+0x116>
   85d06:	4598      	cmp	r8, r3
   85d08:	f104 34ff 	add.w	r4, r4, #4294967295	; 0xffffffff
   85d0c:	d203      	bcs.n	85d16 <quorem+0x116>
   85d0e:	f853 2904 	ldr.w	r2, [r3], #-4
   85d12:	2a00      	cmp	r2, #0
   85d14:	d0f7      	beq.n	85d06 <quorem+0x106>
   85d16:	f8c9 4010 	str.w	r4, [r9, #16]
   85d1a:	4630      	mov	r0, r6
   85d1c:	b005      	add	sp, #20
   85d1e:	e8bd 8ff0 	ldmia.w	sp!, {r4, r5, r6, r7, r8, r9, sl, fp, pc}
   85d22:	2000      	movs	r0, #0
   85d24:	b005      	add	sp, #20
   85d26:	e8bd 8ff0 	ldmia.w	sp!, {r4, r5, r6, r7, r8, r9, sl, fp, pc}
   85d2a:	bf00      	nop

00085d2c <_dtoa_r>:
   85d2c:	e92d 4ff0 	stmdb	sp!, {r4, r5, r6, r7, r8, r9, sl, fp, lr}
   85d30:	4690      	mov	r8, r2
   85d32:	4699      	mov	r9, r3
   85d34:	6c01      	ldr	r1, [r0, #64]	; 0x40
   85d36:	b099      	sub	sp, #100	; 0x64
   85d38:	4604      	mov	r4, r0
   85d3a:	e9cd 8904 	strd	r8, r9, [sp, #16]
   85d3e:	9d25      	ldr	r5, [sp, #148]	; 0x94
   85d40:	b141      	cbz	r1, 85d54 <_dtoa_r+0x28>
   85d42:	2301      	movs	r3, #1
   85d44:	6c42      	ldr	r2, [r0, #68]	; 0x44
   85d46:	4093      	lsls	r3, r2
   85d48:	608b      	str	r3, [r1, #8]
   85d4a:	604a      	str	r2, [r1, #4]
   85d4c:	f002 f96e 	bl	8802c <_Bfree>
   85d50:	2300      	movs	r3, #0
   85d52:	6423      	str	r3, [r4, #64]	; 0x40
   85d54:	f1b9 0a00 	subs.w	sl, r9, #0
   85d58:	bfb4      	ite	lt
   85d5a:	2301      	movlt	r3, #1
   85d5c:	2300      	movge	r3, #0
   85d5e:	602b      	str	r3, [r5, #0]
   85d60:	4b75      	ldr	r3, [pc, #468]	; (85f38 <_dtoa_r+0x20c>)
   85d62:	bfbc      	itt	lt
   85d64:	f02a 4a00 	biclt.w	sl, sl, #2147483648	; 0x80000000
   85d68:	f8cd a014 	strlt.w	sl, [sp, #20]
   85d6c:	ea33 030a 	bics.w	r3, r3, sl
   85d70:	f000 80aa 	beq.w	85ec8 <_dtoa_r+0x19c>
   85d74:	e9dd 2304 	ldrd	r2, r3, [sp, #16]
   85d78:	4610      	mov	r0, r2
   85d7a:	4619      	mov	r1, r3
   85d7c:	2200      	movs	r2, #0
   85d7e:	2300      	movs	r3, #0
   85d80:	e9cd 010a 	strd	r0, r1, [sp, #40]	; 0x28
   85d84:	f004 fee6 	bl	8ab54 <__aeabi_dcmpeq>
   85d88:	4607      	mov	r7, r0
   85d8a:	b170      	cbz	r0, 85daa <_dtoa_r+0x7e>
   85d8c:	2301      	movs	r3, #1
   85d8e:	9a24      	ldr	r2, [sp, #144]	; 0x90
   85d90:	6013      	str	r3, [r2, #0]
   85d92:	9b26      	ldr	r3, [sp, #152]	; 0x98
   85d94:	2b00      	cmp	r3, #0
   85d96:	f000 82e4 	beq.w	86362 <_dtoa_r+0x636>
   85d9a:	4868      	ldr	r0, [pc, #416]	; (85f3c <_dtoa_r+0x210>)
   85d9c:	6018      	str	r0, [r3, #0]
   85d9e:	1e43      	subs	r3, r0, #1
   85da0:	9303      	str	r3, [sp, #12]
   85da2:	9803      	ldr	r0, [sp, #12]
   85da4:	b019      	add	sp, #100	; 0x64
   85da6:	e8bd 8ff0 	ldmia.w	sp!, {r4, r5, r6, r7, r8, r9, sl, fp, pc}
   85daa:	ab16      	add	r3, sp, #88	; 0x58
   85dac:	9301      	str	r3, [sp, #4]
   85dae:	ab17      	add	r3, sp, #92	; 0x5c
   85db0:	9300      	str	r3, [sp, #0]
   85db2:	4620      	mov	r0, r4
   85db4:	e9dd 230a 	ldrd	r2, r3, [sp, #40]	; 0x28
   85db8:	f002 fd38 	bl	8882c <__d2b>
   85dbc:	ea5f 561a 	movs.w	r6, sl, lsr #20
   85dc0:	4605      	mov	r5, r0
   85dc2:	f040 8097 	bne.w	85ef4 <_dtoa_r+0x1c8>
   85dc6:	e9dd 7616 	ldrd	r7, r6, [sp, #88]	; 0x58
   85dca:	443e      	add	r6, r7
   85dcc:	f206 4032 	addw	r0, r6, #1074	; 0x432
   85dd0:	2820      	cmp	r0, #32
   85dd2:	f340 83b5 	ble.w	86540 <_dtoa_r+0x814>
   85dd6:	f1c0 0040 	rsb	r0, r0, #64	; 0x40
   85dda:	fa0a fa00 	lsl.w	sl, sl, r0
   85dde:	f206 4012 	addw	r0, r6, #1042	; 0x412
   85de2:	fa28 f000 	lsr.w	r0, r8, r0
   85de6:	ea4a 0000 	orr.w	r0, sl, r0
   85dea:	f004 fbd1 	bl	8a590 <__aeabi_ui2d>
   85dee:	2301      	movs	r3, #1
   85df0:	3e01      	subs	r6, #1
   85df2:	930f      	str	r3, [sp, #60]	; 0x3c
   85df4:	f1a1 71f8 	sub.w	r1, r1, #32505856	; 0x1f00000
   85df8:	2200      	movs	r2, #0
   85dfa:	4b51      	ldr	r3, [pc, #324]	; (85f40 <_dtoa_r+0x214>)
   85dfc:	f004 fa8a 	bl	8a314 <__aeabi_dsub>
   85e00:	a347      	add	r3, pc, #284	; (adr r3, 85f20 <_dtoa_r+0x1f4>)
   85e02:	e9d3 2300 	ldrd	r2, r3, [r3]
   85e06:	f004 fc3d 	bl	8a684 <__aeabi_dmul>
   85e0a:	a347      	add	r3, pc, #284	; (adr r3, 85f28 <_dtoa_r+0x1fc>)
   85e0c:	e9d3 2300 	ldrd	r2, r3, [r3]
   85e10:	f004 fa82 	bl	8a318 <__adddf3>
   85e14:	4680      	mov	r8, r0
   85e16:	4630      	mov	r0, r6
   85e18:	4689      	mov	r9, r1
   85e1a:	f004 fbc9 	bl	8a5b0 <__aeabi_i2d>
   85e1e:	a344      	add	r3, pc, #272	; (adr r3, 85f30 <_dtoa_r+0x204>)
   85e20:	e9d3 2300 	ldrd	r2, r3, [r3]
   85e24:	f004 fc2e 	bl	8a684 <__aeabi_dmul>
   85e28:	4602      	mov	r2, r0
   85e2a:	460b      	mov	r3, r1
   85e2c:	4640      	mov	r0, r8
   85e2e:	4649      	mov	r1, r9
   85e30:	f004 fa72 	bl	8a318 <__adddf3>
   85e34:	4680      	mov	r8, r0
   85e36:	4689      	mov	r9, r1
   85e38:	f004 fed4 	bl	8abe4 <__aeabi_d2iz>
   85e3c:	2200      	movs	r2, #0
   85e3e:	4683      	mov	fp, r0
   85e40:	2300      	movs	r3, #0
   85e42:	4640      	mov	r0, r8
   85e44:	4649      	mov	r1, r9
   85e46:	f004 fe8f 	bl	8ab68 <__aeabi_dcmplt>
   85e4a:	2800      	cmp	r0, #0
   85e4c:	f040 827c 	bne.w	86348 <_dtoa_r+0x61c>
   85e50:	f1bb 0f16 	cmp.w	fp, #22
   85e54:	f200 826b 	bhi.w	8632e <_dtoa_r+0x602>
   85e58:	e9dd 010a 	ldrd	r0, r1, [sp, #40]	; 0x28
   85e5c:	4b39      	ldr	r3, [pc, #228]	; (85f44 <_dtoa_r+0x218>)
   85e5e:	eb03 03cb 	add.w	r3, r3, fp, lsl #3
   85e62:	e9d3 2300 	ldrd	r2, r3, [r3]
   85e66:	f004 fe7f 	bl	8ab68 <__aeabi_dcmplt>
   85e6a:	2800      	cmp	r0, #0
   85e6c:	d070      	beq.n	85f50 <_dtoa_r+0x224>
   85e6e:	2300      	movs	r3, #0
   85e70:	1bbe      	subs	r6, r7, r6
   85e72:	930e      	str	r3, [sp, #56]	; 0x38
   85e74:	1e73      	subs	r3, r6, #1
   85e76:	f10b 3bff 	add.w	fp, fp, #4294967295	; 0xffffffff
   85e7a:	9306      	str	r3, [sp, #24]
   85e7c:	f100 825e 	bmi.w	8633c <_dtoa_r+0x610>
   85e80:	2300      	movs	r3, #0
   85e82:	9309      	str	r3, [sp, #36]	; 0x24
   85e84:	f1bb 0f00 	cmp.w	fp, #0
   85e88:	da69      	bge.n	85f5e <_dtoa_r+0x232>
   85e8a:	9b09      	ldr	r3, [sp, #36]	; 0x24
   85e8c:	f8cd b01c 	str.w	fp, [sp, #28]
   85e90:	eba3 030b 	sub.w	r3, r3, fp
   85e94:	9309      	str	r3, [sp, #36]	; 0x24
   85e96:	f1cb 0300 	rsb	r3, fp, #0
   85e9a:	930d      	str	r3, [sp, #52]	; 0x34
   85e9c:	9b22      	ldr	r3, [sp, #136]	; 0x88
   85e9e:	f04f 0b00 	mov.w	fp, #0
   85ea2:	2b09      	cmp	r3, #9
   85ea4:	d864      	bhi.n	85f70 <_dtoa_r+0x244>
   85ea6:	2b05      	cmp	r3, #5
   85ea8:	f340 8348 	ble.w	8653c <_dtoa_r+0x810>
   85eac:	2600      	movs	r6, #0
   85eae:	3b04      	subs	r3, #4
   85eb0:	9322      	str	r3, [sp, #136]	; 0x88
   85eb2:	9b22      	ldr	r3, [sp, #136]	; 0x88
   85eb4:	3b02      	subs	r3, #2
   85eb6:	2b03      	cmp	r3, #3
   85eb8:	f200 866a 	bhi.w	86b90 <_dtoa_r+0xe64>
   85ebc:	e8df f013 	tbh	[pc, r3, lsl #1]
   85ec0:	045c045f 	.word	0x045c045f
   85ec4:	04360453 	.word	0x04360453
   85ec8:	f242 730f 	movw	r3, #9999	; 0x270f
   85ecc:	9a24      	ldr	r2, [sp, #144]	; 0x90
   85ece:	f3ca 0a13 	ubfx	sl, sl, #0, #20
   85ed2:	6013      	str	r3, [r2, #0]
   85ed4:	ea5a 0308 	orrs.w	r3, sl, r8
   85ed8:	d11a      	bne.n	85f10 <_dtoa_r+0x1e4>
   85eda:	9b26      	ldr	r3, [sp, #152]	; 0x98
   85edc:	2b00      	cmp	r3, #0
   85ede:	f000 8666 	beq.w	86bae <_dtoa_r+0xe82>
   85ee2:	4b19      	ldr	r3, [pc, #100]	; (85f48 <_dtoa_r+0x21c>)
   85ee4:	9303      	str	r3, [sp, #12]
   85ee6:	3308      	adds	r3, #8
   85ee8:	9a26      	ldr	r2, [sp, #152]	; 0x98
   85eea:	9803      	ldr	r0, [sp, #12]
   85eec:	6013      	str	r3, [r2, #0]
   85eee:	b019      	add	sp, #100	; 0x64
   85ef0:	e8bd 8ff0 	ldmia.w	sp!, {r4, r5, r6, r7, r8, r9, sl, fp, pc}
   85ef4:	e9dd 120a 	ldrd	r1, r2, [sp, #40]	; 0x28
   85ef8:	f3c2 0313 	ubfx	r3, r2, #0, #20
   85efc:	4608      	mov	r0, r1
   85efe:	f043 517f 	orr.w	r1, r3, #1069547520	; 0x3fc00000
   85f02:	970f      	str	r7, [sp, #60]	; 0x3c
   85f04:	f2a6 36ff 	subw	r6, r6, #1023	; 0x3ff
   85f08:	9f16      	ldr	r7, [sp, #88]	; 0x58
   85f0a:	f441 1140 	orr.w	r1, r1, #3145728	; 0x300000
   85f0e:	e773      	b.n	85df8 <_dtoa_r+0xcc>
   85f10:	9b26      	ldr	r3, [sp, #152]	; 0x98
   85f12:	2b00      	cmp	r3, #0
   85f14:	f040 83ed 	bne.w	866f2 <_dtoa_r+0x9c6>
   85f18:	4b0c      	ldr	r3, [pc, #48]	; (85f4c <_dtoa_r+0x220>)
   85f1a:	9303      	str	r3, [sp, #12]
   85f1c:	e741      	b.n	85da2 <_dtoa_r+0x76>
   85f1e:	bf00      	nop
   85f20:	636f4361 	.word	0x636f4361
   85f24:	3fd287a7 	.word	0x3fd287a7
   85f28:	8b60c8b3 	.word	0x8b60c8b3
   85f2c:	3fc68a28 	.word	0x3fc68a28
   85f30:	509f79fb 	.word	0x509f79fb
   85f34:	3fd34413 	.word	0x3fd34413
   85f38:	7ff00000 	.word	0x7ff00000
   85f3c:	0008b00d 	.word	0x0008b00d
   85f40:	3ff80000 	.word	0x3ff80000
   85f44:	0008b100 	.word	0x0008b100
   85f48:	0008b054 	.word	0x0008b054
   85f4c:	0008b050 	.word	0x0008b050
   85f50:	1bbe      	subs	r6, r7, r6
   85f52:	1e73      	subs	r3, r6, #1
   85f54:	9306      	str	r3, [sp, #24]
   85f56:	f100 848a 	bmi.w	8686e <_dtoa_r+0xb42>
   85f5a:	900e      	str	r0, [sp, #56]	; 0x38
   85f5c:	9009      	str	r0, [sp, #36]	; 0x24
   85f5e:	9b06      	ldr	r3, [sp, #24]
   85f60:	445b      	add	r3, fp
   85f62:	e9cd 3b06 	strd	r3, fp, [sp, #24]
   85f66:	2300      	movs	r3, #0
   85f68:	930d      	str	r3, [sp, #52]	; 0x34
   85f6a:	9b22      	ldr	r3, [sp, #136]	; 0x88
   85f6c:	2b09      	cmp	r3, #9
   85f6e:	d99a      	bls.n	85ea6 <_dtoa_r+0x17a>
   85f70:	2300      	movs	r3, #0
   85f72:	9322      	str	r3, [sp, #136]	; 0x88
   85f74:	f04f 33ff 	mov.w	r3, #4294967295	; 0xffffffff
   85f78:	2601      	movs	r6, #1
   85f7a:	9308      	str	r3, [sp, #32]
   85f7c:	2300      	movs	r3, #0
   85f7e:	960c      	str	r6, [sp, #48]	; 0x30
   85f80:	9323      	str	r3, [sp, #140]	; 0x8c
   85f82:	2100      	movs	r1, #0
   85f84:	9b08      	ldr	r3, [sp, #32]
   85f86:	6461      	str	r1, [r4, #68]	; 0x44
   85f88:	9312      	str	r3, [sp, #72]	; 0x48
   85f8a:	4620      	mov	r0, r4
   85f8c:	f002 f828 	bl	87fe0 <_Balloc>
   85f90:	9003      	str	r0, [sp, #12]
   85f92:	2800      	cmp	r0, #0
   85f94:	f000 8604 	beq.w	86ba0 <_dtoa_r+0xe74>
   85f98:	9b03      	ldr	r3, [sp, #12]
   85f9a:	6423      	str	r3, [r4, #64]	; 0x40
   85f9c:	9b08      	ldr	r3, [sp, #32]
   85f9e:	2b0e      	cmp	r3, #14
   85fa0:	f200 8114 	bhi.w	861cc <_dtoa_r+0x4a0>
   85fa4:	2e00      	cmp	r6, #0
   85fa6:	f000 8111 	beq.w	861cc <_dtoa_r+0x4a0>
   85faa:	9907      	ldr	r1, [sp, #28]
   85fac:	2900      	cmp	r1, #0
   85fae:	f340 8460 	ble.w	86872 <_dtoa_r+0xb46>
   85fb2:	4baf      	ldr	r3, [pc, #700]	; (86270 <_dtoa_r+0x544>)
   85fb4:	f001 020f 	and.w	r2, r1, #15
   85fb8:	eb03 03c2 	add.w	r3, r3, r2, lsl #3
   85fbc:	460a      	mov	r2, r1
   85fbe:	e9d3 6700 	ldrd	r6, r7, [r3]
   85fc2:	ea4f 1821 	mov.w	r8, r1, asr #4
   85fc6:	05d1      	lsls	r1, r2, #23
   85fc8:	f140 8417 	bpl.w	867fa <_dtoa_r+0xace>
   85fcc:	e9dd 010a 	ldrd	r0, r1, [sp, #40]	; 0x28
   85fd0:	4ba8      	ldr	r3, [pc, #672]	; (86274 <_dtoa_r+0x548>)
   85fd2:	f04f 0a03 	mov.w	sl, #3
   85fd6:	e9d3 2308 	ldrd	r2, r3, [r3, #32]
   85fda:	f004 fc7d 	bl	8a8d8 <__aeabi_ddiv>
   85fde:	e9cd 0110 	strd	r0, r1, [sp, #64]	; 0x40
   85fe2:	f008 080f 	and.w	r8, r8, #15
   85fe6:	f1b8 0f00 	cmp.w	r8, #0
   85fea:	d013      	beq.n	86014 <_dtoa_r+0x2e8>
   85fec:	f8df 9284 	ldr.w	r9, [pc, #644]	; 86274 <_dtoa_r+0x548>
   85ff0:	f018 0f01 	tst.w	r8, #1
   85ff4:	d009      	beq.n	8600a <_dtoa_r+0x2de>
   85ff6:	e9d9 2300 	ldrd	r2, r3, [r9]
   85ffa:	4630      	mov	r0, r6
   85ffc:	4639      	mov	r1, r7
   85ffe:	f004 fb41 	bl	8a684 <__aeabi_dmul>
   86002:	4606      	mov	r6, r0
   86004:	460f      	mov	r7, r1
   86006:	f10a 0a01 	add.w	sl, sl, #1
   8600a:	ea5f 0868 	movs.w	r8, r8, asr #1
   8600e:	f109 0908 	add.w	r9, r9, #8
   86012:	d1ed      	bne.n	85ff0 <_dtoa_r+0x2c4>
   86014:	e9dd 0110 	ldrd	r0, r1, [sp, #64]	; 0x40
   86018:	4632      	mov	r2, r6
   8601a:	463b      	mov	r3, r7
   8601c:	f004 fc5c 	bl	8a8d8 <__aeabi_ddiv>
   86020:	4680      	mov	r8, r0
   86022:	4689      	mov	r9, r1
   86024:	9b0e      	ldr	r3, [sp, #56]	; 0x38
   86026:	b143      	cbz	r3, 8603a <_dtoa_r+0x30e>
   86028:	2200      	movs	r2, #0
   8602a:	4640      	mov	r0, r8
   8602c:	4649      	mov	r1, r9
   8602e:	4b92      	ldr	r3, [pc, #584]	; (86278 <_dtoa_r+0x54c>)
   86030:	f004 fd9a 	bl	8ab68 <__aeabi_dcmplt>
   86034:	2800      	cmp	r0, #0
   86036:	f040 8535 	bne.w	86aa4 <_dtoa_r+0xd78>
   8603a:	4650      	mov	r0, sl
   8603c:	f004 fab8 	bl	8a5b0 <__aeabi_i2d>
   86040:	4642      	mov	r2, r8
   86042:	464b      	mov	r3, r9
   86044:	f004 fb1e 	bl	8a684 <__aeabi_dmul>
   86048:	4b8c      	ldr	r3, [pc, #560]	; (8627c <_dtoa_r+0x550>)
   8604a:	2200      	movs	r2, #0
   8604c:	f004 f964 	bl	8a318 <__adddf3>
   86050:	f1a1 7350 	sub.w	r3, r1, #54525952	; 0x3400000
   86054:	e9cd 0110 	strd	r0, r1, [sp, #64]	; 0x40
   86058:	9311      	str	r3, [sp, #68]	; 0x44
   8605a:	9b08      	ldr	r3, [sp, #32]
   8605c:	2b00      	cmp	r3, #0
   8605e:	f000 8097 	beq.w	86190 <_dtoa_r+0x464>
   86062:	9b07      	ldr	r3, [sp, #28]
   86064:	9314      	str	r3, [sp, #80]	; 0x50
   86066:	9b08      	ldr	r3, [sp, #32]
   86068:	9313      	str	r3, [sp, #76]	; 0x4c
   8606a:	9b0c      	ldr	r3, [sp, #48]	; 0x30
   8606c:	2b00      	cmp	r3, #0
   8606e:	f000 84a9 	beq.w	869c4 <_dtoa_r+0xc98>
   86072:	9a13      	ldr	r2, [sp, #76]	; 0x4c
   86074:	4b7e      	ldr	r3, [pc, #504]	; (86270 <_dtoa_r+0x544>)
   86076:	2000      	movs	r0, #0
   86078:	eb03 03c2 	add.w	r3, r3, r2, lsl #3
   8607c:	e953 2302 	ldrd	r2, r3, [r3, #-8]
   86080:	497f      	ldr	r1, [pc, #508]	; (86280 <_dtoa_r+0x554>)
   86082:	f004 fc29 	bl	8a8d8 <__aeabi_ddiv>
   86086:	e9dd 2310 	ldrd	r2, r3, [sp, #64]	; 0x40
   8608a:	f004 f943 	bl	8a314 <__aeabi_dsub>
   8608e:	e9cd 0110 	strd	r0, r1, [sp, #64]	; 0x40
   86092:	4649      	mov	r1, r9
   86094:	4640      	mov	r0, r8
   86096:	f004 fda5 	bl	8abe4 <__aeabi_d2iz>
   8609a:	4607      	mov	r7, r0
   8609c:	f004 fa88 	bl	8a5b0 <__aeabi_i2d>
   860a0:	4602      	mov	r2, r0
   860a2:	460b      	mov	r3, r1
   860a4:	4640      	mov	r0, r8
   860a6:	4649      	mov	r1, r9
   860a8:	f004 f934 	bl	8a314 <__aeabi_dsub>
   860ac:	e9dd 2310 	ldrd	r2, r3, [sp, #64]	; 0x40
   860b0:	9e03      	ldr	r6, [sp, #12]
   860b2:	3730      	adds	r7, #48	; 0x30
   860b4:	f806 7b01 	strb.w	r7, [r6], #1
   860b8:	4680      	mov	r8, r0
   860ba:	4689      	mov	r9, r1
   860bc:	f004 fd54 	bl	8ab68 <__aeabi_dcmplt>
   860c0:	2800      	cmp	r0, #0
   860c2:	f040 852e 	bne.w	86b22 <_dtoa_r+0xdf6>
   860c6:	f8cd b054 	str.w	fp, [sp, #84]	; 0x54
   860ca:	2700      	movs	r7, #0
   860cc:	e9dd ab10 	ldrd	sl, fp, [sp, #64]	; 0x40
   860d0:	9510      	str	r5, [sp, #64]	; 0x40
   860d2:	9d13      	ldr	r5, [sp, #76]	; 0x4c
   860d4:	9413      	str	r4, [sp, #76]	; 0x4c
   860d6:	e02a      	b.n	8612e <_dtoa_r+0x402>
   860d8:	3701      	adds	r7, #1
   860da:	42af      	cmp	r7, r5
   860dc:	f280 852e 	bge.w	86b3c <_dtoa_r+0xe10>
   860e0:	4650      	mov	r0, sl
   860e2:	4659      	mov	r1, fp
   860e4:	2200      	movs	r2, #0
   860e6:	4b67      	ldr	r3, [pc, #412]	; (86284 <_dtoa_r+0x558>)
   860e8:	f004 facc 	bl	8a684 <__aeabi_dmul>
   860ec:	2200      	movs	r2, #0
   860ee:	4b65      	ldr	r3, [pc, #404]	; (86284 <_dtoa_r+0x558>)
   860f0:	4682      	mov	sl, r0
   860f2:	468b      	mov	fp, r1
   860f4:	4640      	mov	r0, r8
   860f6:	4649      	mov	r1, r9
   860f8:	f004 fac4 	bl	8a684 <__aeabi_dmul>
   860fc:	4689      	mov	r9, r1
   860fe:	4680      	mov	r8, r0
   86100:	f004 fd70 	bl	8abe4 <__aeabi_d2iz>
   86104:	4604      	mov	r4, r0
   86106:	f004 fa53 	bl	8a5b0 <__aeabi_i2d>
   8610a:	4602      	mov	r2, r0
   8610c:	460b      	mov	r3, r1
   8610e:	4640      	mov	r0, r8
   86110:	4649      	mov	r1, r9
   86112:	f004 f8ff 	bl	8a314 <__aeabi_dsub>
   86116:	3430      	adds	r4, #48	; 0x30
   86118:	4652      	mov	r2, sl
   8611a:	465b      	mov	r3, fp
   8611c:	f806 4b01 	strb.w	r4, [r6], #1
   86120:	4680      	mov	r8, r0
   86122:	4689      	mov	r9, r1
   86124:	f004 fd20 	bl	8ab68 <__aeabi_dcmplt>
   86128:	2800      	cmp	r0, #0
   8612a:	f040 84f8 	bne.w	86b1e <_dtoa_r+0xdf2>
   8612e:	4642      	mov	r2, r8
   86130:	464b      	mov	r3, r9
   86132:	2000      	movs	r0, #0
   86134:	4950      	ldr	r1, [pc, #320]	; (86278 <_dtoa_r+0x54c>)
   86136:	f004 f8ed 	bl	8a314 <__aeabi_dsub>
   8613a:	4652      	mov	r2, sl
   8613c:	465b      	mov	r3, fp
   8613e:	f004 fd13 	bl	8ab68 <__aeabi_dcmplt>
   86142:	2800      	cmp	r0, #0
   86144:	d0c8      	beq.n	860d8 <_dtoa_r+0x3ac>
   86146:	e9dd 4313 	ldrd	r4, r3, [sp, #76]	; 0x4c
   8614a:	9d10      	ldr	r5, [sp, #64]	; 0x40
   8614c:	9a03      	ldr	r2, [sp, #12]
   8614e:	9307      	str	r3, [sp, #28]
   86150:	e002      	b.n	86158 <_dtoa_r+0x42c>
   86152:	4296      	cmp	r6, r2
   86154:	f000 84cd 	beq.w	86af2 <_dtoa_r+0xdc6>
   86158:	46b2      	mov	sl, r6
   8615a:	f816 3d01 	ldrb.w	r3, [r6, #-1]!
   8615e:	2b39      	cmp	r3, #57	; 0x39
   86160:	d0f7      	beq.n	86152 <_dtoa_r+0x426>
   86162:	3301      	adds	r3, #1
   86164:	b2db      	uxtb	r3, r3
   86166:	7033      	strb	r3, [r6, #0]
   86168:	9b07      	ldr	r3, [sp, #28]
   8616a:	3301      	adds	r3, #1
   8616c:	9307      	str	r3, [sp, #28]
   8616e:	e1c8      	b.n	86502 <_dtoa_r+0x7d6>
   86170:	4650      	mov	r0, sl
   86172:	f004 fa1d 	bl	8a5b0 <__aeabi_i2d>
   86176:	4642      	mov	r2, r8
   86178:	464b      	mov	r3, r9
   8617a:	f004 fa83 	bl	8a684 <__aeabi_dmul>
   8617e:	4b3f      	ldr	r3, [pc, #252]	; (8627c <_dtoa_r+0x550>)
   86180:	2200      	movs	r2, #0
   86182:	f004 f8c9 	bl	8a318 <__adddf3>
   86186:	f1a1 7350 	sub.w	r3, r1, #54525952	; 0x3400000
   8618a:	e9cd 0110 	strd	r0, r1, [sp, #64]	; 0x40
   8618e:	9311      	str	r3, [sp, #68]	; 0x44
   86190:	4640      	mov	r0, r8
   86192:	4649      	mov	r1, r9
   86194:	2200      	movs	r2, #0
   86196:	4b3c      	ldr	r3, [pc, #240]	; (86288 <_dtoa_r+0x55c>)
   86198:	f004 f8bc 	bl	8a314 <__aeabi_dsub>
   8619c:	e9dd 8910 	ldrd	r8, r9, [sp, #64]	; 0x40
   861a0:	464b      	mov	r3, r9
   861a2:	4642      	mov	r2, r8
   861a4:	4606      	mov	r6, r0
   861a6:	460f      	mov	r7, r1
   861a8:	f004 fcfc 	bl	8aba4 <__aeabi_dcmpgt>
   861ac:	4681      	mov	r9, r0
   861ae:	2800      	cmp	r0, #0
   861b0:	f040 84af 	bne.w	86b12 <_dtoa_r+0xde6>
   861b4:	e9dd 0110 	ldrd	r0, r1, [sp, #64]	; 0x40
   861b8:	4602      	mov	r2, r0
   861ba:	f101 4300 	add.w	r3, r1, #2147483648	; 0x80000000
   861be:	4630      	mov	r0, r6
   861c0:	4639      	mov	r1, r7
   861c2:	f004 fcd1 	bl	8ab68 <__aeabi_dcmplt>
   861c6:	2800      	cmp	r0, #0
   861c8:	f040 8348 	bne.w	8685c <_dtoa_r+0xb30>
   861cc:	9b17      	ldr	r3, [sp, #92]	; 0x5c
   861ce:	2b00      	cmp	r3, #0
   861d0:	f2c0 808c 	blt.w	862ec <_dtoa_r+0x5c0>
   861d4:	9a07      	ldr	r2, [sp, #28]
   861d6:	2a0e      	cmp	r2, #14
   861d8:	f300 8088 	bgt.w	862ec <_dtoa_r+0x5c0>
   861dc:	4b24      	ldr	r3, [pc, #144]	; (86270 <_dtoa_r+0x544>)
   861de:	eb03 03c2 	add.w	r3, r3, r2, lsl #3
   861e2:	e9d3 ab00 	ldrd	sl, fp, [r3]
   861e6:	9b23      	ldr	r3, [sp, #140]	; 0x8c
   861e8:	2b00      	cmp	r3, #0
   861ea:	da1b      	bge.n	86224 <_dtoa_r+0x4f8>
   861ec:	9b08      	ldr	r3, [sp, #32]
   861ee:	2b00      	cmp	r3, #0
   861f0:	dc18      	bgt.n	86224 <_dtoa_r+0x4f8>
   861f2:	f040 8331 	bne.w	86858 <_dtoa_r+0xb2c>
   861f6:	2200      	movs	r2, #0
   861f8:	4b23      	ldr	r3, [pc, #140]	; (86288 <_dtoa_r+0x55c>)
   861fa:	4650      	mov	r0, sl
   861fc:	4659      	mov	r1, fp
   861fe:	f004 fa41 	bl	8a684 <__aeabi_dmul>
   86202:	4602      	mov	r2, r0
   86204:	460b      	mov	r3, r1
   86206:	e9dd 010a 	ldrd	r0, r1, [sp, #40]	; 0x28
   8620a:	f004 fcb7 	bl	8ab7c <__aeabi_dcmple>
   8620e:	f8dd 9020 	ldr.w	r9, [sp, #32]
   86212:	464e      	mov	r6, r9
   86214:	2800      	cmp	r0, #0
   86216:	f000 82ca 	beq.w	867ae <_dtoa_r+0xa82>
   8621a:	9b23      	ldr	r3, [sp, #140]	; 0x8c
   8621c:	f8dd 800c 	ldr.w	r8, [sp, #12]
   86220:	43df      	mvns	r7, r3
   86222:	e2cc      	b.n	867be <_dtoa_r+0xa92>
   86224:	4652      	mov	r2, sl
   86226:	e9dd 780a 	ldrd	r7, r8, [sp, #40]	; 0x28
   8622a:	465b      	mov	r3, fp
   8622c:	4638      	mov	r0, r7
   8622e:	4641      	mov	r1, r8
   86230:	f004 fb52 	bl	8a8d8 <__aeabi_ddiv>
   86234:	f004 fcd6 	bl	8abe4 <__aeabi_d2iz>
   86238:	4681      	mov	r9, r0
   8623a:	9009      	str	r0, [sp, #36]	; 0x24
   8623c:	f004 f9b8 	bl	8a5b0 <__aeabi_i2d>
   86240:	4652      	mov	r2, sl
   86242:	465b      	mov	r3, fp
   86244:	f004 fa1e 	bl	8a684 <__aeabi_dmul>
   86248:	9e03      	ldr	r6, [sp, #12]
   8624a:	460b      	mov	r3, r1
   8624c:	4602      	mov	r2, r0
   8624e:	4641      	mov	r1, r8
   86250:	4638      	mov	r0, r7
   86252:	f004 f85f 	bl	8a314 <__aeabi_dsub>
   86256:	f109 0330 	add.w	r3, r9, #48	; 0x30
   8625a:	f806 3b01 	strb.w	r3, [r6], #1
   8625e:	9b08      	ldr	r3, [sp, #32]
   86260:	2b01      	cmp	r3, #1
   86262:	f000 835f 	beq.w	86924 <_dtoa_r+0xbf8>
   86266:	9406      	str	r4, [sp, #24]
   86268:	2701      	movs	r7, #1
   8626a:	461c      	mov	r4, r3
   8626c:	9504      	str	r5, [sp, #16]
   8626e:	e02a      	b.n	862c6 <_dtoa_r+0x59a>
   86270:	0008b100 	.word	0x0008b100
   86274:	0008b1f0 	.word	0x0008b1f0
   86278:	3ff00000 	.word	0x3ff00000
   8627c:	401c0000 	.word	0x401c0000
   86280:	3fe00000 	.word	0x3fe00000
   86284:	40240000 	.word	0x40240000
   86288:	40140000 	.word	0x40140000
   8628c:	4652      	mov	r2, sl
   8628e:	465b      	mov	r3, fp
   86290:	4640      	mov	r0, r8
   86292:	4649      	mov	r1, r9
   86294:	f004 fb20 	bl	8a8d8 <__aeabi_ddiv>
   86298:	f004 fca4 	bl	8abe4 <__aeabi_d2iz>
   8629c:	4605      	mov	r5, r0
   8629e:	f004 f987 	bl	8a5b0 <__aeabi_i2d>
   862a2:	4652      	mov	r2, sl
   862a4:	465b      	mov	r3, fp
   862a6:	f004 f9ed 	bl	8a684 <__aeabi_dmul>
   862aa:	3701      	adds	r7, #1
   862ac:	460b      	mov	r3, r1
   862ae:	4602      	mov	r2, r0
   862b0:	4649      	mov	r1, r9
   862b2:	4640      	mov	r0, r8
   862b4:	f004 f82e 	bl	8a314 <__aeabi_dsub>
   862b8:	f105 0330 	add.w	r3, r5, #48	; 0x30
   862bc:	42a7      	cmp	r7, r4
   862be:	f806 3b01 	strb.w	r3, [r6], #1
   862c2:	f000 832c 	beq.w	8691e <_dtoa_r+0xbf2>
   862c6:	2200      	movs	r2, #0
   862c8:	4bab      	ldr	r3, [pc, #684]	; (86578 <_dtoa_r+0x84c>)
   862ca:	f004 f9db 	bl	8a684 <__aeabi_dmul>
   862ce:	2200      	movs	r2, #0
   862d0:	2300      	movs	r3, #0
   862d2:	4680      	mov	r8, r0
   862d4:	4689      	mov	r9, r1
   862d6:	f004 fc3d 	bl	8ab54 <__aeabi_dcmpeq>
   862da:	2800      	cmp	r0, #0
   862dc:	d0d6      	beq.n	8628c <_dtoa_r+0x560>
   862de:	9d04      	ldr	r5, [sp, #16]
   862e0:	9c06      	ldr	r4, [sp, #24]
   862e2:	9b07      	ldr	r3, [sp, #28]
   862e4:	46b2      	mov	sl, r6
   862e6:	3301      	adds	r3, #1
   862e8:	9307      	str	r3, [sp, #28]
   862ea:	e10a      	b.n	86502 <_dtoa_r+0x7d6>
   862ec:	9a0c      	ldr	r2, [sp, #48]	; 0x30
   862ee:	2a00      	cmp	r2, #0
   862f0:	d03d      	beq.n	8636e <_dtoa_r+0x642>
   862f2:	9a22      	ldr	r2, [sp, #136]	; 0x88
   862f4:	2a01      	cmp	r2, #1
   862f6:	f340 829f 	ble.w	86838 <_dtoa_r+0xb0c>
   862fa:	9b08      	ldr	r3, [sp, #32]
   862fc:	f103 38ff 	add.w	r8, r3, #4294967295	; 0xffffffff
   86300:	9b0d      	ldr	r3, [sp, #52]	; 0x34
   86302:	4543      	cmp	r3, r8
   86304:	f2c0 8270 	blt.w	867e8 <_dtoa_r+0xabc>
   86308:	eba3 0808 	sub.w	r8, r3, r8
   8630c:	9b08      	ldr	r3, [sp, #32]
   8630e:	2b00      	cmp	r3, #0
   86310:	f2c0 8340 	blt.w	86994 <_dtoa_r+0xc68>
   86314:	9a06      	ldr	r2, [sp, #24]
   86316:	441a      	add	r2, r3
   86318:	9206      	str	r2, [sp, #24]
   8631a:	9a09      	ldr	r2, [sp, #36]	; 0x24
   8631c:	4617      	mov	r7, r2
   8631e:	441a      	add	r2, r3
   86320:	9209      	str	r2, [sp, #36]	; 0x24
   86322:	2101      	movs	r1, #1
   86324:	4620      	mov	r0, r4
   86326:	f001 ff83 	bl	88230 <__i2b>
   8632a:	4606      	mov	r6, r0
   8632c:	e023      	b.n	86376 <_dtoa_r+0x64a>
   8632e:	2301      	movs	r3, #1
   86330:	1bbe      	subs	r6, r7, r6
   86332:	930e      	str	r3, [sp, #56]	; 0x38
   86334:	1e73      	subs	r3, r6, #1
   86336:	9306      	str	r3, [sp, #24]
   86338:	f57f ada2 	bpl.w	85e80 <_dtoa_r+0x154>
   8633c:	f1c6 0301 	rsb	r3, r6, #1
   86340:	9309      	str	r3, [sp, #36]	; 0x24
   86342:	2300      	movs	r3, #0
   86344:	9306      	str	r3, [sp, #24]
   86346:	e59d      	b.n	85e84 <_dtoa_r+0x158>
   86348:	4658      	mov	r0, fp
   8634a:	f004 f931 	bl	8a5b0 <__aeabi_i2d>
   8634e:	4642      	mov	r2, r8
   86350:	464b      	mov	r3, r9
   86352:	f004 fbff 	bl	8ab54 <__aeabi_dcmpeq>
   86356:	2800      	cmp	r0, #0
   86358:	f47f ad7a 	bne.w	85e50 <_dtoa_r+0x124>
   8635c:	f10b 3bff 	add.w	fp, fp, #4294967295	; 0xffffffff
   86360:	e576      	b.n	85e50 <_dtoa_r+0x124>
   86362:	4b86      	ldr	r3, [pc, #536]	; (8657c <_dtoa_r+0x850>)
   86364:	9303      	str	r3, [sp, #12]
   86366:	9803      	ldr	r0, [sp, #12]
   86368:	b019      	add	sp, #100	; 0x64
   8636a:	e8bd 8ff0 	ldmia.w	sp!, {r4, r5, r6, r7, r8, r9, sl, fp, pc}
   8636e:	f8dd 8034 	ldr.w	r8, [sp, #52]	; 0x34
   86372:	9f09      	ldr	r7, [sp, #36]	; 0x24
   86374:	9e0c      	ldr	r6, [sp, #48]	; 0x30
   86376:	2f00      	cmp	r7, #0
   86378:	dd0c      	ble.n	86394 <_dtoa_r+0x668>
   8637a:	9906      	ldr	r1, [sp, #24]
   8637c:	2900      	cmp	r1, #0
   8637e:	460b      	mov	r3, r1
   86380:	dd08      	ble.n	86394 <_dtoa_r+0x668>
   86382:	42b9      	cmp	r1, r7
   86384:	bfa8      	it	ge
   86386:	463b      	movge	r3, r7
   86388:	9a09      	ldr	r2, [sp, #36]	; 0x24
   8638a:	1aff      	subs	r7, r7, r3
   8638c:	1ad2      	subs	r2, r2, r3
   8638e:	1acb      	subs	r3, r1, r3
   86390:	9209      	str	r2, [sp, #36]	; 0x24
   86392:	9306      	str	r3, [sp, #24]
   86394:	9b0d      	ldr	r3, [sp, #52]	; 0x34
   86396:	b1e3      	cbz	r3, 863d2 <_dtoa_r+0x6a6>
   86398:	9b0c      	ldr	r3, [sp, #48]	; 0x30
   8639a:	2b00      	cmp	r3, #0
   8639c:	f000 8260 	beq.w	86860 <_dtoa_r+0xb34>
   863a0:	f1b8 0f00 	cmp.w	r8, #0
   863a4:	dd10      	ble.n	863c8 <_dtoa_r+0x69c>
   863a6:	4631      	mov	r1, r6
   863a8:	4642      	mov	r2, r8
   863aa:	4620      	mov	r0, r4
   863ac:	f002 f81c 	bl	883e8 <__pow5mult>
   863b0:	4606      	mov	r6, r0
   863b2:	462a      	mov	r2, r5
   863b4:	4631      	mov	r1, r6
   863b6:	4620      	mov	r0, r4
   863b8:	f001 ff68 	bl	8828c <__multiply>
   863bc:	4603      	mov	r3, r0
   863be:	4629      	mov	r1, r5
   863c0:	4620      	mov	r0, r4
   863c2:	461d      	mov	r5, r3
   863c4:	f001 fe32 	bl	8802c <_Bfree>
   863c8:	9b0d      	ldr	r3, [sp, #52]	; 0x34
   863ca:	ebb3 0208 	subs.w	r2, r3, r8
   863ce:	f040 82db 	bne.w	86988 <_dtoa_r+0xc5c>
   863d2:	2101      	movs	r1, #1
   863d4:	4620      	mov	r0, r4
   863d6:	f001 ff2b 	bl	88230 <__i2b>
   863da:	f1bb 0f00 	cmp.w	fp, #0
   863de:	4681      	mov	r9, r0
   863e0:	f300 80b3 	bgt.w	8654a <_dtoa_r+0x81e>
   863e4:	9b22      	ldr	r3, [sp, #136]	; 0x88
   863e6:	2b01      	cmp	r3, #1
   863e8:	f340 8188 	ble.w	866fc <_dtoa_r+0x9d0>
   863ec:	f04f 0a00 	mov.w	sl, #0
   863f0:	2001      	movs	r0, #1
   863f2:	f1bb 0f00 	cmp.w	fp, #0
   863f6:	f040 80b4 	bne.w	86562 <_dtoa_r+0x836>
   863fa:	9a06      	ldr	r2, [sp, #24]
   863fc:	4410      	add	r0, r2
   863fe:	f010 001f 	ands.w	r0, r0, #31
   86402:	f000 8092 	beq.w	8652a <_dtoa_r+0x7fe>
   86406:	f1c0 0320 	rsb	r3, r0, #32
   8640a:	2b04      	cmp	r3, #4
   8640c:	f340 83d3 	ble.w	86bb6 <_dtoa_r+0xe8a>
   86410:	9b09      	ldr	r3, [sp, #36]	; 0x24
   86412:	f1c0 001c 	rsb	r0, r0, #28
   86416:	4403      	add	r3, r0
   86418:	4402      	add	r2, r0
   8641a:	9309      	str	r3, [sp, #36]	; 0x24
   8641c:	4407      	add	r7, r0
   8641e:	9206      	str	r2, [sp, #24]
   86420:	9b09      	ldr	r3, [sp, #36]	; 0x24
   86422:	2b00      	cmp	r3, #0
   86424:	dd05      	ble.n	86432 <_dtoa_r+0x706>
   86426:	4629      	mov	r1, r5
   86428:	461a      	mov	r2, r3
   8642a:	4620      	mov	r0, r4
   8642c:	f002 f838 	bl	884a0 <__lshift>
   86430:	4605      	mov	r5, r0
   86432:	9b06      	ldr	r3, [sp, #24]
   86434:	2b00      	cmp	r3, #0
   86436:	dd05      	ble.n	86444 <_dtoa_r+0x718>
   86438:	4649      	mov	r1, r9
   8643a:	461a      	mov	r2, r3
   8643c:	4620      	mov	r0, r4
   8643e:	f002 f82f 	bl	884a0 <__lshift>
   86442:	4681      	mov	r9, r0
   86444:	9b0e      	ldr	r3, [sp, #56]	; 0x38
   86446:	2b00      	cmp	r3, #0
   86448:	f040 8138 	bne.w	866bc <_dtoa_r+0x990>
   8644c:	9b08      	ldr	r3, [sp, #32]
   8644e:	2b00      	cmp	r3, #0
   86450:	f340 811e 	ble.w	86690 <_dtoa_r+0x964>
   86454:	9b0c      	ldr	r3, [sp, #48]	; 0x30
   86456:	2b00      	cmp	r3, #0
   86458:	f040 809f 	bne.w	8659a <_dtoa_r+0x86e>
   8645c:	9b07      	ldr	r3, [sp, #28]
   8645e:	3301      	adds	r3, #1
   86460:	9307      	str	r3, [sp, #28]
   86462:	2701      	movs	r7, #1
   86464:	f8dd 800c 	ldr.w	r8, [sp, #12]
   86468:	f8dd a020 	ldr.w	sl, [sp, #32]
   8646c:	e007      	b.n	8647e <_dtoa_r+0x752>
   8646e:	4629      	mov	r1, r5
   86470:	2300      	movs	r3, #0
   86472:	220a      	movs	r2, #10
   86474:	4620      	mov	r0, r4
   86476:	f001 fde3 	bl	88040 <__multadd>
   8647a:	4605      	mov	r5, r0
   8647c:	3701      	adds	r7, #1
   8647e:	4649      	mov	r1, r9
   86480:	4628      	mov	r0, r5
   86482:	f7ff fbbd 	bl	85c00 <quorem>
   86486:	4557      	cmp	r7, sl
   86488:	f100 0330 	add.w	r3, r0, #48	; 0x30
   8648c:	f808 3b01 	strb.w	r3, [r8], #1
   86490:	dbed      	blt.n	8646e <_dtoa_r+0x742>
   86492:	9a08      	ldr	r2, [sp, #32]
   86494:	2700      	movs	r7, #0
   86496:	2a00      	cmp	r2, #0
   86498:	bfcc      	ite	gt
   8649a:	4693      	movgt	fp, r2
   8649c:	f04f 0b01 	movle.w	fp, #1
   864a0:	9a03      	ldr	r2, [sp, #12]
   864a2:	4493      	add	fp, r2
   864a4:	4629      	mov	r1, r5
   864a6:	2201      	movs	r2, #1
   864a8:	4620      	mov	r0, r4
   864aa:	9304      	str	r3, [sp, #16]
   864ac:	f001 fff8 	bl	884a0 <__lshift>
   864b0:	4649      	mov	r1, r9
   864b2:	4605      	mov	r5, r0
   864b4:	f002 f86a 	bl	8858c <__mcmp>
   864b8:	2800      	cmp	r0, #0
   864ba:	f340 81ab 	ble.w	86814 <_dtoa_r+0xae8>
   864be:	f81b 3c01 	ldrb.w	r3, [fp, #-1]
   864c2:	9a03      	ldr	r2, [sp, #12]
   864c4:	f10b 3bff 	add.w	fp, fp, #4294967295	; 0xffffffff
   864c8:	e004      	b.n	864d4 <_dtoa_r+0x7a8>
   864ca:	455a      	cmp	r2, fp
   864cc:	f000 81ad 	beq.w	8682a <_dtoa_r+0xafe>
   864d0:	f81b 3d01 	ldrb.w	r3, [fp, #-1]!
   864d4:	2b39      	cmp	r3, #57	; 0x39
   864d6:	f10b 0a01 	add.w	sl, fp, #1
   864da:	d0f6      	beq.n	864ca <_dtoa_r+0x79e>
   864dc:	3301      	adds	r3, #1
   864de:	f88b 3000 	strb.w	r3, [fp]
   864e2:	4649      	mov	r1, r9
   864e4:	4620      	mov	r0, r4
   864e6:	f001 fda1 	bl	8802c <_Bfree>
   864ea:	b156      	cbz	r6, 86502 <_dtoa_r+0x7d6>
   864ec:	b12f      	cbz	r7, 864fa <_dtoa_r+0x7ce>
   864ee:	42b7      	cmp	r7, r6
   864f0:	d003      	beq.n	864fa <_dtoa_r+0x7ce>
   864f2:	4639      	mov	r1, r7
   864f4:	4620      	mov	r0, r4
   864f6:	f001 fd99 	bl	8802c <_Bfree>
   864fa:	4631      	mov	r1, r6
   864fc:	4620      	mov	r0, r4
   864fe:	f001 fd95 	bl	8802c <_Bfree>
   86502:	4629      	mov	r1, r5
   86504:	4620      	mov	r0, r4
   86506:	f001 fd91 	bl	8802c <_Bfree>
   8650a:	2300      	movs	r3, #0
   8650c:	9a07      	ldr	r2, [sp, #28]
   8650e:	f88a 3000 	strb.w	r3, [sl]
   86512:	9b24      	ldr	r3, [sp, #144]	; 0x90
   86514:	601a      	str	r2, [r3, #0]
   86516:	9b26      	ldr	r3, [sp, #152]	; 0x98
   86518:	2b00      	cmp	r3, #0
   8651a:	f43f ac42 	beq.w	85da2 <_dtoa_r+0x76>
   8651e:	9803      	ldr	r0, [sp, #12]
   86520:	f8c3 a000 	str.w	sl, [r3]
   86524:	b019      	add	sp, #100	; 0x64
   86526:	e8bd 8ff0 	ldmia.w	sp!, {r4, r5, r6, r7, r8, r9, sl, fp, pc}
   8652a:	201c      	movs	r0, #28
   8652c:	9b09      	ldr	r3, [sp, #36]	; 0x24
   8652e:	4407      	add	r7, r0
   86530:	4403      	add	r3, r0
   86532:	9309      	str	r3, [sp, #36]	; 0x24
   86534:	9b06      	ldr	r3, [sp, #24]
   86536:	4403      	add	r3, r0
   86538:	9306      	str	r3, [sp, #24]
   8653a:	e771      	b.n	86420 <_dtoa_r+0x6f4>
   8653c:	2601      	movs	r6, #1
   8653e:	e4b8      	b.n	85eb2 <_dtoa_r+0x186>
   86540:	f1c0 0020 	rsb	r0, r0, #32
   86544:	fa08 f000 	lsl.w	r0, r8, r0
   86548:	e44f      	b.n	85dea <_dtoa_r+0xbe>
   8654a:	4601      	mov	r1, r0
   8654c:	465a      	mov	r2, fp
   8654e:	4620      	mov	r0, r4
   86550:	f001 ff4a 	bl	883e8 <__pow5mult>
   86554:	9b22      	ldr	r3, [sp, #136]	; 0x88
   86556:	4681      	mov	r9, r0
   86558:	2b01      	cmp	r3, #1
   8655a:	f340 81b6 	ble.w	868ca <_dtoa_r+0xb9e>
   8655e:	f04f 0a00 	mov.w	sl, #0
   86562:	f8d9 3010 	ldr.w	r3, [r9, #16]
   86566:	eb09 0383 	add.w	r3, r9, r3, lsl #2
   8656a:	6918      	ldr	r0, [r3, #16]
   8656c:	f001 fe14 	bl	88198 <__hi0bits>
   86570:	f1c0 0020 	rsb	r0, r0, #32
   86574:	e741      	b.n	863fa <_dtoa_r+0x6ce>
   86576:	bf00      	nop
   86578:	40240000 	.word	0x40240000
   8657c:	0008b00c 	.word	0x0008b00c
   86580:	4631      	mov	r1, r6
   86582:	2300      	movs	r3, #0
   86584:	220a      	movs	r2, #10
   86586:	4620      	mov	r0, r4
   86588:	f001 fd5a 	bl	88040 <__multadd>
   8658c:	9b12      	ldr	r3, [sp, #72]	; 0x48
   8658e:	4606      	mov	r6, r0
   86590:	2b00      	cmp	r3, #0
   86592:	f340 82e9 	ble.w	86b68 <_dtoa_r+0xe3c>
   86596:	e9cd 8307 	strd	r8, r3, [sp, #28]
   8659a:	2f00      	cmp	r7, #0
   8659c:	f300 811d 	bgt.w	867da <_dtoa_r+0xaae>
   865a0:	f1ba 0f00 	cmp.w	sl, #0
   865a4:	f040 81d9 	bne.w	8695a <_dtoa_r+0xc2e>
   865a8:	46b0      	mov	r8, r6
   865aa:	9b04      	ldr	r3, [sp, #16]
   865ac:	9908      	ldr	r1, [sp, #32]
   865ae:	f003 0201 	and.w	r2, r3, #1
   865b2:	9b03      	ldr	r3, [sp, #12]
   865b4:	920a      	str	r2, [sp, #40]	; 0x28
   865b6:	461f      	mov	r7, r3
   865b8:	3b01      	subs	r3, #1
   865ba:	4419      	add	r1, r3
   865bc:	9b22      	ldr	r3, [sp, #136]	; 0x88
   865be:	9108      	str	r1, [sp, #32]
   865c0:	4313      	orrs	r3, r2
   865c2:	9309      	str	r3, [sp, #36]	; 0x24
   865c4:	4649      	mov	r1, r9
   865c6:	4628      	mov	r0, r5
   865c8:	f7ff fb1a 	bl	85c00 <quorem>
   865cc:	4631      	mov	r1, r6
   865ce:	4683      	mov	fp, r0
   865d0:	4628      	mov	r0, r5
   865d2:	f001 ffdb 	bl	8858c <__mcmp>
   865d6:	4642      	mov	r2, r8
   865d8:	4649      	mov	r1, r9
   865da:	4682      	mov	sl, r0
   865dc:	4620      	mov	r0, r4
   865de:	f001 fff5 	bl	885cc <__mdiff>
   865e2:	68c2      	ldr	r2, [r0, #12]
   865e4:	4601      	mov	r1, r0
   865e6:	f10b 0330 	add.w	r3, fp, #48	; 0x30
   865ea:	2a00      	cmp	r2, #0
   865ec:	d143      	bne.n	86676 <_dtoa_r+0x94a>
   865ee:	9004      	str	r0, [sp, #16]
   865f0:	4628      	mov	r0, r5
   865f2:	9306      	str	r3, [sp, #24]
   865f4:	f001 ffca 	bl	8858c <__mcmp>
   865f8:	4602      	mov	r2, r0
   865fa:	9904      	ldr	r1, [sp, #16]
   865fc:	4620      	mov	r0, r4
   865fe:	9204      	str	r2, [sp, #16]
   86600:	f001 fd14 	bl	8802c <_Bfree>
   86604:	9a04      	ldr	r2, [sp, #16]
   86606:	9b06      	ldr	r3, [sp, #24]
   86608:	b91a      	cbnz	r2, 86612 <_dtoa_r+0x8e6>
   8660a:	9909      	ldr	r1, [sp, #36]	; 0x24
   8660c:	2900      	cmp	r1, #0
   8660e:	f000 829b 	beq.w	86b48 <_dtoa_r+0xe1c>
   86612:	f1ba 0f00 	cmp.w	sl, #0
   86616:	f2c0 8164 	blt.w	868e2 <_dtoa_r+0xbb6>
   8661a:	9922      	ldr	r1, [sp, #136]	; 0x88
   8661c:	ea4a 0a01 	orr.w	sl, sl, r1
   86620:	990a      	ldr	r1, [sp, #40]	; 0x28
   86622:	ea51 010a 	orrs.w	r1, r1, sl
   86626:	f000 815c 	beq.w	868e2 <_dtoa_r+0xbb6>
   8662a:	2a00      	cmp	r2, #0
   8662c:	f300 81b6 	bgt.w	8699c <_dtoa_r+0xc70>
   86630:	9a08      	ldr	r2, [sp, #32]
   86632:	f107 0a01 	add.w	sl, r7, #1
   86636:	4297      	cmp	r7, r2
   86638:	46d3      	mov	fp, sl
   8663a:	703b      	strb	r3, [r7, #0]
   8663c:	f000 81b4 	beq.w	869a8 <_dtoa_r+0xc7c>
   86640:	4629      	mov	r1, r5
   86642:	2300      	movs	r3, #0
   86644:	220a      	movs	r2, #10
   86646:	4620      	mov	r0, r4
   86648:	f001 fcfa 	bl	88040 <__multadd>
   8664c:	4546      	cmp	r6, r8
   8664e:	4605      	mov	r5, r0
   86650:	4631      	mov	r1, r6
   86652:	f04f 0300 	mov.w	r3, #0
   86656:	f04f 020a 	mov.w	r2, #10
   8665a:	4620      	mov	r0, r4
   8665c:	d012      	beq.n	86684 <_dtoa_r+0x958>
   8665e:	f001 fcef 	bl	88040 <__multadd>
   86662:	4641      	mov	r1, r8
   86664:	4606      	mov	r6, r0
   86666:	2300      	movs	r3, #0
   86668:	220a      	movs	r2, #10
   8666a:	4620      	mov	r0, r4
   8666c:	f001 fce8 	bl	88040 <__multadd>
   86670:	4657      	mov	r7, sl
   86672:	4680      	mov	r8, r0
   86674:	e7a6      	b.n	865c4 <_dtoa_r+0x898>
   86676:	4620      	mov	r0, r4
   86678:	9304      	str	r3, [sp, #16]
   8667a:	f001 fcd7 	bl	8802c <_Bfree>
   8667e:	2201      	movs	r2, #1
   86680:	9b04      	ldr	r3, [sp, #16]
   86682:	e7c6      	b.n	86612 <_dtoa_r+0x8e6>
   86684:	f001 fcdc 	bl	88040 <__multadd>
   86688:	4657      	mov	r7, sl
   8668a:	4606      	mov	r6, r0
   8668c:	4680      	mov	r8, r0
   8668e:	e799      	b.n	865c4 <_dtoa_r+0x898>
   86690:	9b22      	ldr	r3, [sp, #136]	; 0x88
   86692:	2b02      	cmp	r3, #2
   86694:	dc7a      	bgt.n	8678c <_dtoa_r+0xa60>
   86696:	9b0c      	ldr	r3, [sp, #48]	; 0x30
   86698:	2b00      	cmp	r3, #0
   8669a:	f47f af7e 	bne.w	8659a <_dtoa_r+0x86e>
   8669e:	9b07      	ldr	r3, [sp, #28]
   866a0:	4649      	mov	r1, r9
   866a2:	3301      	adds	r3, #1
   866a4:	4628      	mov	r0, r5
   866a6:	9307      	str	r3, [sp, #28]
   866a8:	f7ff faaa 	bl	85c00 <quorem>
   866ac:	f8dd b00c 	ldr.w	fp, [sp, #12]
   866b0:	f100 0330 	add.w	r3, r0, #48	; 0x30
   866b4:	2700      	movs	r7, #0
   866b6:	f80b 3b01 	strb.w	r3, [fp], #1
   866ba:	e6f3      	b.n	864a4 <_dtoa_r+0x778>
   866bc:	4649      	mov	r1, r9
   866be:	4628      	mov	r0, r5
   866c0:	f001 ff64 	bl	8858c <__mcmp>
   866c4:	2800      	cmp	r0, #0
   866c6:	f6bf aec1 	bge.w	8644c <_dtoa_r+0x720>
   866ca:	4629      	mov	r1, r5
   866cc:	2300      	movs	r3, #0
   866ce:	220a      	movs	r2, #10
   866d0:	4620      	mov	r0, r4
   866d2:	f001 fcb5 	bl	88040 <__multadd>
   866d6:	9b07      	ldr	r3, [sp, #28]
   866d8:	4605      	mov	r5, r0
   866da:	f103 38ff 	add.w	r8, r3, #4294967295	; 0xffffffff
   866de:	9b0c      	ldr	r3, [sp, #48]	; 0x30
   866e0:	2b00      	cmp	r3, #0
   866e2:	f47f af4d 	bne.w	86580 <_dtoa_r+0x854>
   866e6:	9b12      	ldr	r3, [sp, #72]	; 0x48
   866e8:	2b00      	cmp	r3, #0
   866ea:	f340 8234 	ble.w	86b56 <_dtoa_r+0xe2a>
   866ee:	9308      	str	r3, [sp, #32]
   866f0:	e6b7      	b.n	86462 <_dtoa_r+0x736>
   866f2:	4bb0      	ldr	r3, [pc, #704]	; (869b4 <_dtoa_r+0xc88>)
   866f4:	9303      	str	r3, [sp, #12]
   866f6:	3303      	adds	r3, #3
   866f8:	f7ff bbf6 	b.w	85ee8 <_dtoa_r+0x1bc>
   866fc:	e9dd 1204 	ldrd	r1, r2, [sp, #16]
   86700:	2900      	cmp	r1, #0
   86702:	f47f ae73 	bne.w	863ec <_dtoa_r+0x6c0>
   86706:	f3c2 0313 	ubfx	r3, r2, #0, #20
   8670a:	2b00      	cmp	r3, #0
   8670c:	f47f ae6e 	bne.w	863ec <_dtoa_r+0x6c0>
   86710:	4ba9      	ldr	r3, [pc, #676]	; (869b8 <_dtoa_r+0xc8c>)
   86712:	4013      	ands	r3, r2
   86714:	2b00      	cmp	r3, #0
   86716:	f000 8200 	beq.w	86b1a <_dtoa_r+0xdee>
   8671a:	9b09      	ldr	r3, [sp, #36]	; 0x24
   8671c:	f04f 0a01 	mov.w	sl, #1
   86720:	3301      	adds	r3, #1
   86722:	9309      	str	r3, [sp, #36]	; 0x24
   86724:	9b06      	ldr	r3, [sp, #24]
   86726:	3301      	adds	r3, #1
   86728:	9306      	str	r3, [sp, #24]
   8672a:	e661      	b.n	863f0 <_dtoa_r+0x6c4>
   8672c:	2301      	movs	r3, #1
   8672e:	930c      	str	r3, [sp, #48]	; 0x30
   86730:	9b23      	ldr	r3, [sp, #140]	; 0x8c
   86732:	9a07      	ldr	r2, [sp, #28]
   86734:	4413      	add	r3, r2
   86736:	9312      	str	r3, [sp, #72]	; 0x48
   86738:	3301      	adds	r3, #1
   8673a:	2b01      	cmp	r3, #1
   8673c:	461f      	mov	r7, r3
   8673e:	bfb8      	it	lt
   86740:	2701      	movlt	r7, #1
   86742:	9308      	str	r3, [sp, #32]
   86744:	2100      	movs	r1, #0
   86746:	2f17      	cmp	r7, #23
   86748:	6461      	str	r1, [r4, #68]	; 0x44
   8674a:	f77f ac1e 	ble.w	85f8a <_dtoa_r+0x25e>
   8674e:	2201      	movs	r2, #1
   86750:	2304      	movs	r3, #4
   86752:	005b      	lsls	r3, r3, #1
   86754:	f103 0014 	add.w	r0, r3, #20
   86758:	42b8      	cmp	r0, r7
   8675a:	4611      	mov	r1, r2
   8675c:	f102 0201 	add.w	r2, r2, #1
   86760:	d9f7      	bls.n	86752 <_dtoa_r+0xa26>
   86762:	6461      	str	r1, [r4, #68]	; 0x44
   86764:	e411      	b.n	85f8a <_dtoa_r+0x25e>
   86766:	2301      	movs	r3, #1
   86768:	930c      	str	r3, [sp, #48]	; 0x30
   8676a:	9b23      	ldr	r3, [sp, #140]	; 0x8c
   8676c:	2b00      	cmp	r3, #0
   8676e:	dd4c      	ble.n	8680a <_dtoa_r+0xade>
   86770:	461f      	mov	r7, r3
   86772:	9312      	str	r3, [sp, #72]	; 0x48
   86774:	9308      	str	r3, [sp, #32]
   86776:	e7e5      	b.n	86744 <_dtoa_r+0xa18>
   86778:	2300      	movs	r3, #0
   8677a:	930c      	str	r3, [sp, #48]	; 0x30
   8677c:	e7d8      	b.n	86730 <_dtoa_r+0xa04>
   8677e:	2300      	movs	r3, #0
   86780:	930c      	str	r3, [sp, #48]	; 0x30
   86782:	e7f2      	b.n	8676a <_dtoa_r+0xa3e>
   86784:	9b12      	ldr	r3, [sp, #72]	; 0x48
   86786:	f8cd 801c 	str.w	r8, [sp, #28]
   8678a:	9308      	str	r3, [sp, #32]
   8678c:	9b08      	ldr	r3, [sp, #32]
   8678e:	2b00      	cmp	r3, #0
   86790:	f47f ad43 	bne.w	8621a <_dtoa_r+0x4ee>
   86794:	4649      	mov	r1, r9
   86796:	2205      	movs	r2, #5
   86798:	4620      	mov	r0, r4
   8679a:	f001 fc51 	bl	88040 <__multadd>
   8679e:	4681      	mov	r9, r0
   867a0:	4628      	mov	r0, r5
   867a2:	4649      	mov	r1, r9
   867a4:	f001 fef2 	bl	8858c <__mcmp>
   867a8:	2800      	cmp	r0, #0
   867aa:	f77f ad36 	ble.w	8621a <_dtoa_r+0x4ee>
   867ae:	2331      	movs	r3, #49	; 0x31
   867b0:	9803      	ldr	r0, [sp, #12]
   867b2:	9f07      	ldr	r7, [sp, #28]
   867b4:	4680      	mov	r8, r0
   867b6:	f800 3b01 	strb.w	r3, [r0], #1
   867ba:	3701      	adds	r7, #1
   867bc:	9003      	str	r0, [sp, #12]
   867be:	4649      	mov	r1, r9
   867c0:	4620      	mov	r0, r4
   867c2:	f001 fc33 	bl	8802c <_Bfree>
   867c6:	1c7b      	adds	r3, r7, #1
   867c8:	f8dd a00c 	ldr.w	sl, [sp, #12]
   867cc:	9307      	str	r3, [sp, #28]
   867ce:	f8cd 800c 	str.w	r8, [sp, #12]
   867d2:	2e00      	cmp	r6, #0
   867d4:	f47f ae91 	bne.w	864fa <_dtoa_r+0x7ce>
   867d8:	e693      	b.n	86502 <_dtoa_r+0x7d6>
   867da:	4631      	mov	r1, r6
   867dc:	463a      	mov	r2, r7
   867de:	4620      	mov	r0, r4
   867e0:	f001 fe5e 	bl	884a0 <__lshift>
   867e4:	4606      	mov	r6, r0
   867e6:	e6db      	b.n	865a0 <_dtoa_r+0x874>
   867e8:	9b0d      	ldr	r3, [sp, #52]	; 0x34
   867ea:	f8cd 8034 	str.w	r8, [sp, #52]	; 0x34
   867ee:	eba8 0303 	sub.w	r3, r8, r3
   867f2:	449b      	add	fp, r3
   867f4:	f04f 0800 	mov.w	r8, #0
   867f8:	e588      	b.n	8630c <_dtoa_r+0x5e0>
   867fa:	e9dd 230a 	ldrd	r2, r3, [sp, #40]	; 0x28
   867fe:	f04f 0a02 	mov.w	sl, #2
   86802:	e9cd 2310 	strd	r2, r3, [sp, #64]	; 0x40
   86806:	f7ff bbee 	b.w	85fe6 <_dtoa_r+0x2ba>
   8680a:	2301      	movs	r3, #1
   8680c:	9323      	str	r3, [sp, #140]	; 0x8c
   8680e:	9308      	str	r3, [sp, #32]
   86810:	f7ff bbb7 	b.w	85f82 <_dtoa_r+0x256>
   86814:	d103      	bne.n	8681e <_dtoa_r+0xaf2>
   86816:	9b04      	ldr	r3, [sp, #16]
   86818:	07d8      	lsls	r0, r3, #31
   8681a:	f53f ae50 	bmi.w	864be <_dtoa_r+0x792>
   8681e:	46da      	mov	sl, fp
   86820:	f81b 3d01 	ldrb.w	r3, [fp, #-1]!
   86824:	2b30      	cmp	r3, #48	; 0x30
   86826:	d0fa      	beq.n	8681e <_dtoa_r+0xaf2>
   86828:	e65b      	b.n	864e2 <_dtoa_r+0x7b6>
   8682a:	9b07      	ldr	r3, [sp, #28]
   8682c:	9a03      	ldr	r2, [sp, #12]
   8682e:	3301      	adds	r3, #1
   86830:	9307      	str	r3, [sp, #28]
   86832:	2331      	movs	r3, #49	; 0x31
   86834:	7013      	strb	r3, [r2, #0]
   86836:	e654      	b.n	864e2 <_dtoa_r+0x7b6>
   86838:	9a0f      	ldr	r2, [sp, #60]	; 0x3c
   8683a:	2a00      	cmp	r2, #0
   8683c:	f000 8128 	beq.w	86a90 <_dtoa_r+0xd64>
   86840:	f203 4333 	addw	r3, r3, #1075	; 0x433
   86844:	9a06      	ldr	r2, [sp, #24]
   86846:	f8dd 8034 	ldr.w	r8, [sp, #52]	; 0x34
   8684a:	441a      	add	r2, r3
   8684c:	9206      	str	r2, [sp, #24]
   8684e:	9a09      	ldr	r2, [sp, #36]	; 0x24
   86850:	4617      	mov	r7, r2
   86852:	441a      	add	r2, r3
   86854:	9209      	str	r2, [sp, #36]	; 0x24
   86856:	e564      	b.n	86322 <_dtoa_r+0x5f6>
   86858:	f04f 0900 	mov.w	r9, #0
   8685c:	464e      	mov	r6, r9
   8685e:	e4dc      	b.n	8621a <_dtoa_r+0x4ee>
   86860:	4629      	mov	r1, r5
   86862:	4620      	mov	r0, r4
   86864:	9a0d      	ldr	r2, [sp, #52]	; 0x34
   86866:	f001 fdbf 	bl	883e8 <__pow5mult>
   8686a:	4605      	mov	r5, r0
   8686c:	e5b1      	b.n	863d2 <_dtoa_r+0x6a6>
   8686e:	900e      	str	r0, [sp, #56]	; 0x38
   86870:	e564      	b.n	8633c <_dtoa_r+0x610>
   86872:	f000 8111 	beq.w	86a98 <_dtoa_r+0xd6c>
   86876:	e9dd 010a 	ldrd	r0, r1, [sp, #40]	; 0x28
   8687a:	9a07      	ldr	r2, [sp, #28]
   8687c:	4b4f      	ldr	r3, [pc, #316]	; (869bc <_dtoa_r+0xc90>)
   8687e:	4256      	negs	r6, r2
   86880:	f006 020f 	and.w	r2, r6, #15
   86884:	eb03 03c2 	add.w	r3, r3, r2, lsl #3
   86888:	e9d3 2300 	ldrd	r2, r3, [r3]
   8688c:	f003 fefa 	bl	8a684 <__aeabi_dmul>
   86890:	1136      	asrs	r6, r6, #4
   86892:	4680      	mov	r8, r0
   86894:	4689      	mov	r9, r1
   86896:	f000 8170 	beq.w	86b7a <_dtoa_r+0xe4e>
   8689a:	2300      	movs	r3, #0
   8689c:	f04f 0a02 	mov.w	sl, #2
   868a0:	4f47      	ldr	r7, [pc, #284]	; (869c0 <_dtoa_r+0xc94>)
   868a2:	07f2      	lsls	r2, r6, #31
   868a4:	d506      	bpl.n	868b4 <_dtoa_r+0xb88>
   868a6:	e9d7 2300 	ldrd	r2, r3, [r7]
   868aa:	f003 feeb 	bl	8a684 <__aeabi_dmul>
   868ae:	2301      	movs	r3, #1
   868b0:	f10a 0a01 	add.w	sl, sl, #1
   868b4:	1076      	asrs	r6, r6, #1
   868b6:	f107 0708 	add.w	r7, r7, #8
   868ba:	d1f2      	bne.n	868a2 <_dtoa_r+0xb76>
   868bc:	2b00      	cmp	r3, #0
   868be:	f43f abb1 	beq.w	86024 <_dtoa_r+0x2f8>
   868c2:	4680      	mov	r8, r0
   868c4:	4689      	mov	r9, r1
   868c6:	f7ff bbad 	b.w	86024 <_dtoa_r+0x2f8>
   868ca:	9b04      	ldr	r3, [sp, #16]
   868cc:	2b00      	cmp	r3, #0
   868ce:	f47f ae46 	bne.w	8655e <_dtoa_r+0x832>
   868d2:	e9dd 1204 	ldrd	r1, r2, [sp, #16]
   868d6:	f3c2 0313 	ubfx	r3, r2, #0, #20
   868da:	2b00      	cmp	r3, #0
   868dc:	f43f af18 	beq.w	86710 <_dtoa_r+0x9e4>
   868e0:	e63d      	b.n	8655e <_dtoa_r+0x832>
   868e2:	2a00      	cmp	r2, #0
   868e4:	dd12      	ble.n	8690c <_dtoa_r+0xbe0>
   868e6:	4629      	mov	r1, r5
   868e8:	2201      	movs	r2, #1
   868ea:	4620      	mov	r0, r4
   868ec:	9304      	str	r3, [sp, #16]
   868ee:	f001 fdd7 	bl	884a0 <__lshift>
   868f2:	4649      	mov	r1, r9
   868f4:	4605      	mov	r5, r0
   868f6:	f001 fe49 	bl	8858c <__mcmp>
   868fa:	2800      	cmp	r0, #0
   868fc:	9b04      	ldr	r3, [sp, #16]
   868fe:	f340 8117 	ble.w	86b30 <_dtoa_r+0xe04>
   86902:	2b39      	cmp	r3, #57	; 0x39
   86904:	f000 80fb 	beq.w	86afe <_dtoa_r+0xdd2>
   86908:	f10b 0331 	add.w	r3, fp, #49	; 0x31
   8690c:	46ba      	mov	sl, r7
   8690e:	9a07      	ldr	r2, [sp, #28]
   86910:	4637      	mov	r7, r6
   86912:	3201      	adds	r2, #1
   86914:	4646      	mov	r6, r8
   86916:	9207      	str	r2, [sp, #28]
   86918:	f80a 3b01 	strb.w	r3, [sl], #1
   8691c:	e5e1      	b.n	864e2 <_dtoa_r+0x7b6>
   8691e:	9509      	str	r5, [sp, #36]	; 0x24
   86920:	9c06      	ldr	r4, [sp, #24]
   86922:	9d04      	ldr	r5, [sp, #16]
   86924:	4602      	mov	r2, r0
   86926:	460b      	mov	r3, r1
   86928:	f003 fcf6 	bl	8a318 <__adddf3>
   8692c:	4652      	mov	r2, sl
   8692e:	465b      	mov	r3, fp
   86930:	4680      	mov	r8, r0
   86932:	4689      	mov	r9, r1
   86934:	f004 f936 	bl	8aba4 <__aeabi_dcmpgt>
   86938:	b960      	cbnz	r0, 86954 <_dtoa_r+0xc28>
   8693a:	4652      	mov	r2, sl
   8693c:	465b      	mov	r3, fp
   8693e:	4640      	mov	r0, r8
   86940:	4649      	mov	r1, r9
   86942:	f004 f907 	bl	8ab54 <__aeabi_dcmpeq>
   86946:	2800      	cmp	r0, #0
   86948:	f43f accb 	beq.w	862e2 <_dtoa_r+0x5b6>
   8694c:	9b09      	ldr	r3, [sp, #36]	; 0x24
   8694e:	07d9      	lsls	r1, r3, #31
   86950:	f57f acc7 	bpl.w	862e2 <_dtoa_r+0x5b6>
   86954:	9a03      	ldr	r2, [sp, #12]
   86956:	f7ff bbff 	b.w	86158 <_dtoa_r+0x42c>
   8695a:	4620      	mov	r0, r4
   8695c:	6871      	ldr	r1, [r6, #4]
   8695e:	f001 fb3f 	bl	87fe0 <_Balloc>
   86962:	4607      	mov	r7, r0
   86964:	2800      	cmp	r0, #0
   86966:	f000 810c 	beq.w	86b82 <_dtoa_r+0xe56>
   8696a:	6933      	ldr	r3, [r6, #16]
   8696c:	f106 010c 	add.w	r1, r6, #12
   86970:	3302      	adds	r3, #2
   86972:	009a      	lsls	r2, r3, #2
   86974:	300c      	adds	r0, #12
   86976:	f7fc fd81 	bl	8347c <memcpy>
   8697a:	4639      	mov	r1, r7
   8697c:	2201      	movs	r2, #1
   8697e:	4620      	mov	r0, r4
   86980:	f001 fd8e 	bl	884a0 <__lshift>
   86984:	4680      	mov	r8, r0
   86986:	e610      	b.n	865aa <_dtoa_r+0x87e>
   86988:	4629      	mov	r1, r5
   8698a:	4620      	mov	r0, r4
   8698c:	f001 fd2c 	bl	883e8 <__pow5mult>
   86990:	4605      	mov	r5, r0
   86992:	e51e      	b.n	863d2 <_dtoa_r+0x6a6>
   86994:	e9dd 2308 	ldrd	r2, r3, [sp, #32]
   86998:	1a9f      	subs	r7, r3, r2
   8699a:	e4c2      	b.n	86322 <_dtoa_r+0x5f6>
   8699c:	2b39      	cmp	r3, #57	; 0x39
   8699e:	f000 80ae 	beq.w	86afe <_dtoa_r+0xdd2>
   869a2:	46ba      	mov	sl, r7
   869a4:	3301      	adds	r3, #1
   869a6:	e7b2      	b.n	8690e <_dtoa_r+0xbe2>
   869a8:	9a07      	ldr	r2, [sp, #28]
   869aa:	4637      	mov	r7, r6
   869ac:	3201      	adds	r2, #1
   869ae:	4646      	mov	r6, r8
   869b0:	9207      	str	r2, [sp, #28]
   869b2:	e577      	b.n	864a4 <_dtoa_r+0x778>
   869b4:	0008b050 	.word	0x0008b050
   869b8:	7ff00000 	.word	0x7ff00000
   869bc:	0008b100 	.word	0x0008b100
   869c0:	0008b1f0 	.word	0x0008b1f0
   869c4:	f8dd a04c 	ldr.w	sl, [sp, #76]	; 0x4c
   869c8:	4983      	ldr	r1, [pc, #524]	; (86bd8 <_dtoa_r+0xeac>)
   869ca:	e9dd 2310 	ldrd	r2, r3, [sp, #64]	; 0x40
   869ce:	eb01 01ca 	add.w	r1, r1, sl, lsl #3
   869d2:	e951 0102 	ldrd	r0, r1, [r1, #-8]
   869d6:	f003 fe55 	bl	8a684 <__aeabi_dmul>
   869da:	e9cd 0110 	strd	r0, r1, [sp, #64]	; 0x40
   869de:	4649      	mov	r1, r9
   869e0:	4640      	mov	r0, r8
   869e2:	f004 f8ff 	bl	8abe4 <__aeabi_d2iz>
   869e6:	4606      	mov	r6, r0
   869e8:	f003 fde2 	bl	8a5b0 <__aeabi_i2d>
   869ec:	460b      	mov	r3, r1
   869ee:	4602      	mov	r2, r0
   869f0:	4649      	mov	r1, r9
   869f2:	4640      	mov	r0, r8
   869f4:	f003 fc8e 	bl	8a314 <__aeabi_dsub>
   869f8:	4653      	mov	r3, sl
   869fa:	9f03      	ldr	r7, [sp, #12]
   869fc:	3630      	adds	r6, #48	; 0x30
   869fe:	2b01      	cmp	r3, #1
   86a00:	4680      	mov	r8, r0
   86a02:	4689      	mov	r9, r1
   86a04:	f807 6b01 	strb.w	r6, [r7], #1
   86a08:	f000 80ac 	beq.w	86b64 <_dtoa_r+0xe38>
   86a0c:	9e13      	ldr	r6, [sp, #76]	; 0x4c
   86a0e:	9b03      	ldr	r3, [sp, #12]
   86a10:	441e      	add	r6, r3
   86a12:	2200      	movs	r2, #0
   86a14:	4b71      	ldr	r3, [pc, #452]	; (86bdc <_dtoa_r+0xeb0>)
   86a16:	4640      	mov	r0, r8
   86a18:	4649      	mov	r1, r9
   86a1a:	f003 fe33 	bl	8a684 <__aeabi_dmul>
   86a1e:	4689      	mov	r9, r1
   86a20:	4680      	mov	r8, r0
   86a22:	f004 f8df 	bl	8abe4 <__aeabi_d2iz>
   86a26:	4682      	mov	sl, r0
   86a28:	f003 fdc2 	bl	8a5b0 <__aeabi_i2d>
   86a2c:	4602      	mov	r2, r0
   86a2e:	460b      	mov	r3, r1
   86a30:	4640      	mov	r0, r8
   86a32:	4649      	mov	r1, r9
   86a34:	f003 fc6e 	bl	8a314 <__aeabi_dsub>
   86a38:	f10a 0a30 	add.w	sl, sl, #48	; 0x30
   86a3c:	f807 ab01 	strb.w	sl, [r7], #1
   86a40:	42b7      	cmp	r7, r6
   86a42:	4680      	mov	r8, r0
   86a44:	4689      	mov	r9, r1
   86a46:	d1e4      	bne.n	86a12 <_dtoa_r+0xce6>
   86a48:	e9dd 0110 	ldrd	r0, r1, [sp, #64]	; 0x40
   86a4c:	2200      	movs	r2, #0
   86a4e:	4b64      	ldr	r3, [pc, #400]	; (86be0 <_dtoa_r+0xeb4>)
   86a50:	f003 fc62 	bl	8a318 <__adddf3>
   86a54:	4642      	mov	r2, r8
   86a56:	464b      	mov	r3, r9
   86a58:	f004 f886 	bl	8ab68 <__aeabi_dcmplt>
   86a5c:	2800      	cmp	r0, #0
   86a5e:	d162      	bne.n	86b26 <_dtoa_r+0xdfa>
   86a60:	e9dd 2310 	ldrd	r2, r3, [sp, #64]	; 0x40
   86a64:	2000      	movs	r0, #0
   86a66:	495e      	ldr	r1, [pc, #376]	; (86be0 <_dtoa_r+0xeb4>)
   86a68:	f003 fc54 	bl	8a314 <__aeabi_dsub>
   86a6c:	4642      	mov	r2, r8
   86a6e:	464b      	mov	r3, r9
   86a70:	f004 f898 	bl	8aba4 <__aeabi_dcmpgt>
   86a74:	2800      	cmp	r0, #0
   86a76:	f43f aba9 	beq.w	861cc <_dtoa_r+0x4a0>
   86a7a:	f816 3c01 	ldrb.w	r3, [r6, #-1]
   86a7e:	46b2      	mov	sl, r6
   86a80:	2b30      	cmp	r3, #48	; 0x30
   86a82:	f106 36ff 	add.w	r6, r6, #4294967295	; 0xffffffff
   86a86:	d0f8      	beq.n	86a7a <_dtoa_r+0xd4e>
   86a88:	9b14      	ldr	r3, [sp, #80]	; 0x50
   86a8a:	3301      	adds	r3, #1
   86a8c:	9307      	str	r3, [sp, #28]
   86a8e:	e538      	b.n	86502 <_dtoa_r+0x7d6>
   86a90:	9b16      	ldr	r3, [sp, #88]	; 0x58
   86a92:	f1c3 0336 	rsb	r3, r3, #54	; 0x36
   86a96:	e6d5      	b.n	86844 <_dtoa_r+0xb18>
   86a98:	f04f 0a02 	mov.w	sl, #2
   86a9c:	e9dd 890a 	ldrd	r8, r9, [sp, #40]	; 0x28
   86aa0:	f7ff bac0 	b.w	86024 <_dtoa_r+0x2f8>
   86aa4:	9b08      	ldr	r3, [sp, #32]
   86aa6:	2b00      	cmp	r3, #0
   86aa8:	f43f ab62 	beq.w	86170 <_dtoa_r+0x444>
   86aac:	9b12      	ldr	r3, [sp, #72]	; 0x48
   86aae:	2b00      	cmp	r3, #0
   86ab0:	f77f ab8c 	ble.w	861cc <_dtoa_r+0x4a0>
   86ab4:	9313      	str	r3, [sp, #76]	; 0x4c
   86ab6:	9b07      	ldr	r3, [sp, #28]
   86ab8:	2200      	movs	r2, #0
   86aba:	3b01      	subs	r3, #1
   86abc:	4640      	mov	r0, r8
   86abe:	4649      	mov	r1, r9
   86ac0:	9314      	str	r3, [sp, #80]	; 0x50
   86ac2:	4b46      	ldr	r3, [pc, #280]	; (86bdc <_dtoa_r+0xeb0>)
   86ac4:	f003 fdde 	bl	8a684 <__aeabi_dmul>
   86ac8:	4680      	mov	r8, r0
   86aca:	4689      	mov	r9, r1
   86acc:	f10a 0001 	add.w	r0, sl, #1
   86ad0:	f003 fd6e 	bl	8a5b0 <__aeabi_i2d>
   86ad4:	4642      	mov	r2, r8
   86ad6:	464b      	mov	r3, r9
   86ad8:	f003 fdd4 	bl	8a684 <__aeabi_dmul>
   86adc:	4b41      	ldr	r3, [pc, #260]	; (86be4 <_dtoa_r+0xeb8>)
   86ade:	2200      	movs	r2, #0
   86ae0:	f003 fc1a 	bl	8a318 <__adddf3>
   86ae4:	f1a1 7350 	sub.w	r3, r1, #54525952	; 0x3400000
   86ae8:	e9cd 0110 	strd	r0, r1, [sp, #64]	; 0x40
   86aec:	9311      	str	r3, [sp, #68]	; 0x44
   86aee:	f7ff babc 	b.w	8606a <_dtoa_r+0x33e>
   86af2:	9b07      	ldr	r3, [sp, #28]
   86af4:	3301      	adds	r3, #1
   86af6:	9307      	str	r3, [sp, #28]
   86af8:	2331      	movs	r3, #49	; 0x31
   86afa:	f7ff bb34 	b.w	86166 <_dtoa_r+0x43a>
   86afe:	9b07      	ldr	r3, [sp, #28]
   86b00:	46bb      	mov	fp, r7
   86b02:	3301      	adds	r3, #1
   86b04:	9307      	str	r3, [sp, #28]
   86b06:	2339      	movs	r3, #57	; 0x39
   86b08:	4637      	mov	r7, r6
   86b0a:	f80b 3b01 	strb.w	r3, [fp], #1
   86b0e:	4646      	mov	r6, r8
   86b10:	e4d7      	b.n	864c2 <_dtoa_r+0x796>
   86b12:	f04f 0900 	mov.w	r9, #0
   86b16:	464e      	mov	r6, r9
   86b18:	e649      	b.n	867ae <_dtoa_r+0xa82>
   86b1a:	469a      	mov	sl, r3
   86b1c:	e468      	b.n	863f0 <_dtoa_r+0x6c4>
   86b1e:	9d10      	ldr	r5, [sp, #64]	; 0x40
   86b20:	9c13      	ldr	r4, [sp, #76]	; 0x4c
   86b22:	46b2      	mov	sl, r6
   86b24:	e7b0      	b.n	86a88 <_dtoa_r+0xd5c>
   86b26:	9b14      	ldr	r3, [sp, #80]	; 0x50
   86b28:	9a03      	ldr	r2, [sp, #12]
   86b2a:	9307      	str	r3, [sp, #28]
   86b2c:	f7ff bb14 	b.w	86158 <_dtoa_r+0x42c>
   86b30:	f47f aeec 	bne.w	8690c <_dtoa_r+0xbe0>
   86b34:	07da      	lsls	r2, r3, #31
   86b36:	f57f aee9 	bpl.w	8690c <_dtoa_r+0xbe0>
   86b3a:	e6e2      	b.n	86902 <_dtoa_r+0xbd6>
   86b3c:	f8dd b054 	ldr.w	fp, [sp, #84]	; 0x54
   86b40:	9d10      	ldr	r5, [sp, #64]	; 0x40
   86b42:	9c13      	ldr	r4, [sp, #76]	; 0x4c
   86b44:	f7ff bb42 	b.w	861cc <_dtoa_r+0x4a0>
   86b48:	2b39      	cmp	r3, #57	; 0x39
   86b4a:	d0d8      	beq.n	86afe <_dtoa_r+0xdd2>
   86b4c:	f1ba 0f00 	cmp.w	sl, #0
   86b50:	f73f aeda 	bgt.w	86908 <_dtoa_r+0xbdc>
   86b54:	e6da      	b.n	8690c <_dtoa_r+0xbe0>
   86b56:	9b22      	ldr	r3, [sp, #136]	; 0x88
   86b58:	2b02      	cmp	r3, #2
   86b5a:	f73f ae13 	bgt.w	86784 <_dtoa_r+0xa58>
   86b5e:	f8cd 801c 	str.w	r8, [sp, #28]
   86b62:	e59c      	b.n	8669e <_dtoa_r+0x972>
   86b64:	463e      	mov	r6, r7
   86b66:	e76f      	b.n	86a48 <_dtoa_r+0xd1c>
   86b68:	9b22      	ldr	r3, [sp, #136]	; 0x88
   86b6a:	2b02      	cmp	r3, #2
   86b6c:	f73f ae0a 	bgt.w	86784 <_dtoa_r+0xa58>
   86b70:	9b12      	ldr	r3, [sp, #72]	; 0x48
   86b72:	f8cd 801c 	str.w	r8, [sp, #28]
   86b76:	9308      	str	r3, [sp, #32]
   86b78:	e50f      	b.n	8659a <_dtoa_r+0x86e>
   86b7a:	f04f 0a02 	mov.w	sl, #2
   86b7e:	f7ff ba51 	b.w	86024 <_dtoa_r+0x2f8>
   86b82:	4602      	mov	r2, r0
   86b84:	f240 21ea 	movw	r1, #746	; 0x2ea
   86b88:	4b17      	ldr	r3, [pc, #92]	; (86be8 <_dtoa_r+0xebc>)
   86b8a:	4818      	ldr	r0, [pc, #96]	; (86bec <_dtoa_r+0xec0>)
   86b8c:	f003 f914 	bl	89db8 <__assert_func>
   86b90:	2600      	movs	r6, #0
   86b92:	4620      	mov	r0, r4
   86b94:	4631      	mov	r1, r6
   86b96:	6466      	str	r6, [r4, #68]	; 0x44
   86b98:	f001 fa22 	bl	87fe0 <_Balloc>
   86b9c:	9003      	str	r0, [sp, #12]
   86b9e:	b978      	cbnz	r0, 86bc0 <_dtoa_r+0xe94>
   86ba0:	2200      	movs	r2, #0
   86ba2:	f44f 71d5 	mov.w	r1, #426	; 0x1aa
   86ba6:	4b10      	ldr	r3, [pc, #64]	; (86be8 <_dtoa_r+0xebc>)
   86ba8:	4810      	ldr	r0, [pc, #64]	; (86bec <_dtoa_r+0xec0>)
   86baa:	f003 f905 	bl	89db8 <__assert_func>
   86bae:	4b10      	ldr	r3, [pc, #64]	; (86bf0 <_dtoa_r+0xec4>)
   86bb0:	9303      	str	r3, [sp, #12]
   86bb2:	f7ff b8f6 	b.w	85da2 <_dtoa_r+0x76>
   86bb6:	f43f ac33 	beq.w	86420 <_dtoa_r+0x6f4>
   86bba:	f1c0 003c 	rsb	r0, r0, #60	; 0x3c
   86bbe:	e4b5      	b.n	8652c <_dtoa_r+0x800>
   86bc0:	9b03      	ldr	r3, [sp, #12]
   86bc2:	2201      	movs	r2, #1
   86bc4:	6423      	str	r3, [r4, #64]	; 0x40
   86bc6:	f04f 33ff 	mov.w	r3, #4294967295	; 0xffffffff
   86bca:	9623      	str	r6, [sp, #140]	; 0x8c
   86bcc:	9312      	str	r3, [sp, #72]	; 0x48
   86bce:	920c      	str	r2, [sp, #48]	; 0x30
   86bd0:	9308      	str	r3, [sp, #32]
   86bd2:	f7ff bafb 	b.w	861cc <_dtoa_r+0x4a0>
   86bd6:	bf00      	nop
   86bd8:	0008b100 	.word	0x0008b100
   86bdc:	40240000 	.word	0x40240000
   86be0:	3fe00000 	.word	0x3fe00000
   86be4:	401c0000 	.word	0x401c0000
   86be8:	0008b060 	.word	0x0008b060
   86bec:	0008b074 	.word	0x0008b074
   86bf0:	0008b054 	.word	0x0008b054

00086bf4 <__sflush_r>:
   86bf4:	f9b1 200c 	ldrsh.w	r2, [r1, #12]
   86bf8:	b5f8      	push	{r3, r4, r5, r6, r7, lr}
   86bfa:	460c      	mov	r4, r1
   86bfc:	0711      	lsls	r1, r2, #28
   86bfe:	4607      	mov	r7, r0
   86c00:	d443      	bmi.n	86c8a <__sflush_r+0x96>
   86c02:	6863      	ldr	r3, [r4, #4]
   86c04:	f442 6200 	orr.w	r2, r2, #2048	; 0x800
   86c08:	2b00      	cmp	r3, #0
   86c0a:	81a2      	strh	r2, [r4, #12]
   86c0c:	dd5b      	ble.n	86cc6 <__sflush_r+0xd2>
   86c0e:	6aa5      	ldr	r5, [r4, #40]	; 0x28
   86c10:	2d00      	cmp	r5, #0
   86c12:	d056      	beq.n	86cc2 <__sflush_r+0xce>
   86c14:	2300      	movs	r3, #0
   86c16:	683e      	ldr	r6, [r7, #0]
   86c18:	603b      	str	r3, [r7, #0]
   86c1a:	b293      	uxth	r3, r2
   86c1c:	f412 5280 	ands.w	r2, r2, #4096	; 0x1000
   86c20:	d155      	bne.n	86cce <__sflush_r+0xda>
   86c22:	2301      	movs	r3, #1
   86c24:	4638      	mov	r0, r7
   86c26:	69e1      	ldr	r1, [r4, #28]
   86c28:	47a8      	blx	r5
   86c2a:	1c42      	adds	r2, r0, #1
   86c2c:	d065      	beq.n	86cfa <__sflush_r+0x106>
   86c2e:	89a3      	ldrh	r3, [r4, #12]
   86c30:	6aa5      	ldr	r5, [r4, #40]	; 0x28
   86c32:	075b      	lsls	r3, r3, #29
   86c34:	d505      	bpl.n	86c42 <__sflush_r+0x4e>
   86c36:	6863      	ldr	r3, [r4, #4]
   86c38:	1ac0      	subs	r0, r0, r3
   86c3a:	6b23      	ldr	r3, [r4, #48]	; 0x30
   86c3c:	b10b      	cbz	r3, 86c42 <__sflush_r+0x4e>
   86c3e:	6be3      	ldr	r3, [r4, #60]	; 0x3c
   86c40:	1ac0      	subs	r0, r0, r3
   86c42:	4602      	mov	r2, r0
   86c44:	69e1      	ldr	r1, [r4, #28]
   86c46:	2300      	movs	r3, #0
   86c48:	4638      	mov	r0, r7
   86c4a:	47a8      	blx	r5
   86c4c:	1c41      	adds	r1, r0, #1
   86c4e:	d140      	bne.n	86cd2 <__sflush_r+0xde>
   86c50:	683b      	ldr	r3, [r7, #0]
   86c52:	2b00      	cmp	r3, #0
   86c54:	d03d      	beq.n	86cd2 <__sflush_r+0xde>
   86c56:	2b1d      	cmp	r3, #29
   86c58:	d001      	beq.n	86c5e <__sflush_r+0x6a>
   86c5a:	2b16      	cmp	r3, #22
   86c5c:	d154      	bne.n	86d08 <__sflush_r+0x114>
   86c5e:	2200      	movs	r2, #0
   86c60:	89a3      	ldrh	r3, [r4, #12]
   86c62:	f423 6300 	bic.w	r3, r3, #2048	; 0x800
   86c66:	81a3      	strh	r3, [r4, #12]
   86c68:	6923      	ldr	r3, [r4, #16]
   86c6a:	e9c4 3200 	strd	r3, r2, [r4]
   86c6e:	6b21      	ldr	r1, [r4, #48]	; 0x30
   86c70:	603e      	str	r6, [r7, #0]
   86c72:	b331      	cbz	r1, 86cc2 <__sflush_r+0xce>
   86c74:	f104 0340 	add.w	r3, r4, #64	; 0x40
   86c78:	4299      	cmp	r1, r3
   86c7a:	d002      	beq.n	86c82 <__sflush_r+0x8e>
   86c7c:	4638      	mov	r0, r7
   86c7e:	f000 fa65 	bl	8714c <_free_r>
   86c82:	2300      	movs	r3, #0
   86c84:	4618      	mov	r0, r3
   86c86:	6323      	str	r3, [r4, #48]	; 0x30
   86c88:	bdf8      	pop	{r3, r4, r5, r6, r7, pc}
   86c8a:	6926      	ldr	r6, [r4, #16]
   86c8c:	b1ce      	cbz	r6, 86cc2 <__sflush_r+0xce>
   86c8e:	b293      	uxth	r3, r2
   86c90:	079a      	lsls	r2, r3, #30
   86c92:	bf18      	it	ne
   86c94:	2300      	movne	r3, #0
   86c96:	6825      	ldr	r5, [r4, #0]
   86c98:	bf08      	it	eq
   86c9a:	6963      	ldreq	r3, [r4, #20]
   86c9c:	6026      	str	r6, [r4, #0]
   86c9e:	1bad      	subs	r5, r5, r6
   86ca0:	60a3      	str	r3, [r4, #8]
   86ca2:	e00c      	b.n	86cbe <__sflush_r+0xca>
   86ca4:	462b      	mov	r3, r5
   86ca6:	4632      	mov	r2, r6
   86ca8:	f8d4 c024 	ldr.w	ip, [r4, #36]	; 0x24
   86cac:	4638      	mov	r0, r7
   86cae:	69e1      	ldr	r1, [r4, #28]
   86cb0:	47e0      	blx	ip
   86cb2:	f1b0 0c00 	subs.w	ip, r0, #0
   86cb6:	eba5 050c 	sub.w	r5, r5, ip
   86cba:	4466      	add	r6, ip
   86cbc:	dd16      	ble.n	86cec <__sflush_r+0xf8>
   86cbe:	2d00      	cmp	r5, #0
   86cc0:	dcf0      	bgt.n	86ca4 <__sflush_r+0xb0>
   86cc2:	2000      	movs	r0, #0
   86cc4:	bdf8      	pop	{r3, r4, r5, r6, r7, pc}
   86cc6:	6be3      	ldr	r3, [r4, #60]	; 0x3c
   86cc8:	2b00      	cmp	r3, #0
   86cca:	dca0      	bgt.n	86c0e <__sflush_r+0x1a>
   86ccc:	e7f9      	b.n	86cc2 <__sflush_r+0xce>
   86cce:	6d20      	ldr	r0, [r4, #80]	; 0x50
   86cd0:	e7af      	b.n	86c32 <__sflush_r+0x3e>
   86cd2:	2200      	movs	r2, #0
   86cd4:	f9b4 300c 	ldrsh.w	r3, [r4, #12]
   86cd8:	6062      	str	r2, [r4, #4]
   86cda:	f423 6300 	bic.w	r3, r3, #2048	; 0x800
   86cde:	6922      	ldr	r2, [r4, #16]
   86ce0:	81a3      	strh	r3, [r4, #12]
   86ce2:	04db      	lsls	r3, r3, #19
   86ce4:	6022      	str	r2, [r4, #0]
   86ce6:	d5c2      	bpl.n	86c6e <__sflush_r+0x7a>
   86ce8:	6520      	str	r0, [r4, #80]	; 0x50
   86cea:	e7c0      	b.n	86c6e <__sflush_r+0x7a>
   86cec:	89a3      	ldrh	r3, [r4, #12]
   86cee:	f04f 30ff 	mov.w	r0, #4294967295	; 0xffffffff
   86cf2:	f043 0340 	orr.w	r3, r3, #64	; 0x40
   86cf6:	81a3      	strh	r3, [r4, #12]
   86cf8:	bdf8      	pop	{r3, r4, r5, r6, r7, pc}
   86cfa:	683b      	ldr	r3, [r7, #0]
   86cfc:	2b00      	cmp	r3, #0
   86cfe:	d096      	beq.n	86c2e <__sflush_r+0x3a>
   86d00:	2b1d      	cmp	r3, #29
   86d02:	d006      	beq.n	86d12 <__sflush_r+0x11e>
   86d04:	2b16      	cmp	r3, #22
   86d06:	d004      	beq.n	86d12 <__sflush_r+0x11e>
   86d08:	89a3      	ldrh	r3, [r4, #12]
   86d0a:	f043 0340 	orr.w	r3, r3, #64	; 0x40
   86d0e:	81a3      	strh	r3, [r4, #12]
   86d10:	bdf8      	pop	{r3, r4, r5, r6, r7, pc}
   86d12:	2000      	movs	r0, #0
   86d14:	603e      	str	r6, [r7, #0]
   86d16:	bdf8      	pop	{r3, r4, r5, r6, r7, pc}

00086d18 <_fflush_r>:
   86d18:	b538      	push	{r3, r4, r5, lr}
   86d1a:	4604      	mov	r4, r0
   86d1c:	460d      	mov	r5, r1
   86d1e:	b108      	cbz	r0, 86d24 <_fflush_r+0xc>
   86d20:	6b83      	ldr	r3, [r0, #56]	; 0x38
   86d22:	b11b      	cbz	r3, 86d2c <_fflush_r+0x14>
   86d24:	f9b5 000c 	ldrsh.w	r0, [r5, #12]
   86d28:	b930      	cbnz	r0, 86d38 <_fflush_r+0x20>
   86d2a:	bd38      	pop	{r3, r4, r5, pc}
   86d2c:	f000 f91c 	bl	86f68 <__sinit>
   86d30:	f9b5 000c 	ldrsh.w	r0, [r5, #12]
   86d34:	2800      	cmp	r0, #0
   86d36:	d0f8      	beq.n	86d2a <_fflush_r+0x12>
   86d38:	4629      	mov	r1, r5
   86d3a:	4620      	mov	r0, r4
   86d3c:	e8bd 4038 	ldmia.w	sp!, {r3, r4, r5, lr}
   86d40:	f7ff bf58 	b.w	86bf4 <__sflush_r>

00086d44 <fflush>:
   86d44:	b538      	push	{r3, r4, r5, lr}
   86d46:	b1b8      	cbz	r0, 86d78 <fflush+0x34>
   86d48:	4b0f      	ldr	r3, [pc, #60]	; (86d88 <fflush+0x44>)
   86d4a:	4604      	mov	r4, r0
   86d4c:	681d      	ldr	r5, [r3, #0]
   86d4e:	b10d      	cbz	r5, 86d54 <fflush+0x10>
   86d50:	6bab      	ldr	r3, [r5, #56]	; 0x38
   86d52:	b14b      	cbz	r3, 86d68 <fflush+0x24>
   86d54:	f9b4 000c 	ldrsh.w	r0, [r4, #12]
   86d58:	b900      	cbnz	r0, 86d5c <fflush+0x18>
   86d5a:	bd38      	pop	{r3, r4, r5, pc}
   86d5c:	4621      	mov	r1, r4
   86d5e:	4628      	mov	r0, r5
   86d60:	e8bd 4038 	ldmia.w	sp!, {r3, r4, r5, lr}
   86d64:	f7ff bf46 	b.w	86bf4 <__sflush_r>
   86d68:	4628      	mov	r0, r5
   86d6a:	f000 f8fd 	bl	86f68 <__sinit>
   86d6e:	f9b4 000c 	ldrsh.w	r0, [r4, #12]
   86d72:	2800      	cmp	r0, #0
   86d74:	d0f1      	beq.n	86d5a <fflush+0x16>
   86d76:	e7f1      	b.n	86d5c <fflush+0x18>
   86d78:	4b04      	ldr	r3, [pc, #16]	; (86d8c <fflush+0x48>)
   86d7a:	4905      	ldr	r1, [pc, #20]	; (86d90 <fflush+0x4c>)
   86d7c:	6818      	ldr	r0, [r3, #0]
   86d7e:	e8bd 4038 	ldmia.w	sp!, {r3, r4, r5, lr}
   86d82:	f000 bc7b 	b.w	8767c <_fwalk_reent>
   86d86:	bf00      	nop
   86d88:	200003b0 	.word	0x200003b0
   86d8c:	0008afc8 	.word	0x0008afc8
   86d90:	00086d19 	.word	0x00086d19

00086d94 <__fp_lock>:
   86d94:	2000      	movs	r0, #0
   86d96:	4770      	bx	lr

00086d98 <_cleanup_r>:
   86d98:	4901      	ldr	r1, [pc, #4]	; (86da0 <_cleanup_r+0x8>)
   86d9a:	f000 bc6f 	b.w	8767c <_fwalk_reent>
   86d9e:	bf00      	nop
   86da0:	00089eed 	.word	0x00089eed

00086da4 <__fp_unlock>:
   86da4:	2000      	movs	r0, #0
   86da6:	4770      	bx	lr

00086da8 <__sinit.part.0>:
   86da8:	e92d 47f0 	stmdb	sp!, {r4, r5, r6, r7, r8, r9, sl, lr}
   86dac:	2400      	movs	r4, #0
   86dae:	2503      	movs	r5, #3
   86db0:	4682      	mov	sl, r0
   86db2:	2304      	movs	r3, #4
   86db4:	f8df c0a8 	ldr.w	ip, [pc, #168]	; 86e60 <__sinit.part.0+0xb8>
   86db8:	e9c0 45b8 	strd	r4, r5, [r0, #736]	; 0x2e0
   86dbc:	6845      	ldr	r5, [r0, #4]
   86dbe:	f8c0 c03c 	str.w	ip, [r0, #60]	; 0x3c
   86dc2:	f8df 90a0 	ldr.w	r9, [pc, #160]	; 86e64 <__sinit.part.0+0xbc>
   86dc6:	f8df 80a0 	ldr.w	r8, [pc, #160]	; 86e68 <__sinit.part.0+0xc0>
   86dca:	4f28      	ldr	r7, [pc, #160]	; (86e6c <__sinit.part.0+0xc4>)
   86dcc:	4e28      	ldr	r6, [pc, #160]	; (86e70 <__sinit.part.0+0xc8>)
   86dce:	f500 703b 	add.w	r0, r0, #748	; 0x2ec
   86dd2:	f8ca 02e8 	str.w	r0, [sl, #744]	; 0x2e8
   86dd6:	2208      	movs	r2, #8
   86dd8:	60eb      	str	r3, [r5, #12]
   86dda:	4621      	mov	r1, r4
   86ddc:	e9c5 4400 	strd	r4, r4, [r5]
   86de0:	e9c5 4404 	strd	r4, r4, [r5, #16]
   86de4:	666c      	str	r4, [r5, #100]	; 0x64
   86de6:	60ac      	str	r4, [r5, #8]
   86de8:	61ac      	str	r4, [r5, #24]
   86dea:	f105 005c 	add.w	r0, r5, #92	; 0x5c
   86dee:	f7fc fbbb 	bl	83568 <memset>
   86df2:	4b20      	ldr	r3, [pc, #128]	; (86e74 <__sinit.part.0+0xcc>)
   86df4:	e9c5 5907 	strd	r5, r9, [r5, #28]
   86df8:	e9c5 8709 	strd	r8, r7, [r5, #36]	; 0x24
   86dfc:	62ee      	str	r6, [r5, #44]	; 0x2c
   86dfe:	f8da 5008 	ldr.w	r5, [sl, #8]
   86e02:	2208      	movs	r2, #8
   86e04:	60eb      	str	r3, [r5, #12]
   86e06:	4621      	mov	r1, r4
   86e08:	e9c5 4400 	strd	r4, r4, [r5]
   86e0c:	e9c5 4404 	strd	r4, r4, [r5, #16]
   86e10:	666c      	str	r4, [r5, #100]	; 0x64
   86e12:	60ac      	str	r4, [r5, #8]
   86e14:	61ac      	str	r4, [r5, #24]
   86e16:	f105 005c 	add.w	r0, r5, #92	; 0x5c
   86e1a:	f7fc fba5 	bl	83568 <memset>
   86e1e:	4b16      	ldr	r3, [pc, #88]	; (86e78 <__sinit.part.0+0xd0>)
   86e20:	e9c5 5907 	strd	r5, r9, [r5, #28]
   86e24:	e9c5 8709 	strd	r8, r7, [r5, #36]	; 0x24
   86e28:	62ee      	str	r6, [r5, #44]	; 0x2c
   86e2a:	f8da 500c 	ldr.w	r5, [sl, #12]
   86e2e:	4621      	mov	r1, r4
   86e30:	60eb      	str	r3, [r5, #12]
   86e32:	2208      	movs	r2, #8
   86e34:	e9c5 4400 	strd	r4, r4, [r5]
   86e38:	e9c5 4404 	strd	r4, r4, [r5, #16]
   86e3c:	666c      	str	r4, [r5, #100]	; 0x64
   86e3e:	60ac      	str	r4, [r5, #8]
   86e40:	61ac      	str	r4, [r5, #24]
   86e42:	f105 005c 	add.w	r0, r5, #92	; 0x5c
   86e46:	f7fc fb8f 	bl	83568 <memset>
   86e4a:	2301      	movs	r3, #1
   86e4c:	e9c5 5907 	strd	r5, r9, [r5, #28]
   86e50:	e9c5 760a 	strd	r7, r6, [r5, #40]	; 0x28
   86e54:	f8c5 8024 	str.w	r8, [r5, #36]	; 0x24
   86e58:	f8ca 3038 	str.w	r3, [sl, #56]	; 0x38
   86e5c:	e8bd 87f0 	ldmia.w	sp!, {r4, r5, r6, r7, r8, r9, sl, pc}
   86e60:	00086d99 	.word	0x00086d99
   86e64:	00088e49 	.word	0x00088e49
   86e68:	00088e71 	.word	0x00088e71
   86e6c:	00088eb1 	.word	0x00088eb1
   86e70:	00088ed1 	.word	0x00088ed1
   86e74:	00010009 	.word	0x00010009
   86e78:	00020012 	.word	0x00020012

00086e7c <__sfmoreglue>:
   86e7c:	2268      	movs	r2, #104	; 0x68
   86e7e:	b570      	push	{r4, r5, r6, lr}
   86e80:	1e4d      	subs	r5, r1, #1
   86e82:	fb02 f505 	mul.w	r5, r2, r5
   86e86:	460e      	mov	r6, r1
   86e88:	f105 0174 	add.w	r1, r5, #116	; 0x74
   86e8c:	f000 fd1a 	bl	878c4 <_malloc_r>
   86e90:	4604      	mov	r4, r0
   86e92:	b140      	cbz	r0, 86ea6 <__sfmoreglue+0x2a>
   86e94:	2100      	movs	r1, #0
   86e96:	300c      	adds	r0, #12
   86e98:	e9c4 6001 	strd	r6, r0, [r4, #4]
   86e9c:	f105 0268 	add.w	r2, r5, #104	; 0x68
   86ea0:	6021      	str	r1, [r4, #0]
   86ea2:	f7fc fb61 	bl	83568 <memset>
   86ea6:	4620      	mov	r0, r4
   86ea8:	bd70      	pop	{r4, r5, r6, pc}
   86eaa:	bf00      	nop

00086eac <__sfp>:
   86eac:	4b27      	ldr	r3, [pc, #156]	; (86f4c <__sfp+0xa0>)
   86eae:	e92d 41f0 	stmdb	sp!, {r4, r5, r6, r7, r8, lr}
   86eb2:	681e      	ldr	r6, [r3, #0]
   86eb4:	4607      	mov	r7, r0
   86eb6:	6bb3      	ldr	r3, [r6, #56]	; 0x38
   86eb8:	b35b      	cbz	r3, 86f12 <__sfp+0x66>
   86eba:	f04f 0804 	mov.w	r8, #4
   86ebe:	f506 7638 	add.w	r6, r6, #736	; 0x2e0
   86ec2:	e9d6 3401 	ldrd	r3, r4, [r6, #4]
   86ec6:	3b01      	subs	r3, #1
   86ec8:	d504      	bpl.n	86ed4 <__sfp+0x28>
   86eca:	e01e      	b.n	86f0a <__sfp+0x5e>
   86ecc:	1c5a      	adds	r2, r3, #1
   86ece:	f104 0468 	add.w	r4, r4, #104	; 0x68
   86ed2:	d01a      	beq.n	86f0a <__sfp+0x5e>
   86ed4:	f9b4 500c 	ldrsh.w	r5, [r4, #12]
   86ed8:	3b01      	subs	r3, #1
   86eda:	2d00      	cmp	r5, #0
   86edc:	d1f6      	bne.n	86ecc <__sfp+0x20>
   86ede:	4b1c      	ldr	r3, [pc, #112]	; (86f50 <__sfp+0xa4>)
   86ee0:	2208      	movs	r2, #8
   86ee2:	4629      	mov	r1, r5
   86ee4:	e9c4 5500 	strd	r5, r5, [r4]
   86ee8:	e9c4 5302 	strd	r5, r3, [r4, #8]
   86eec:	e9c4 5504 	strd	r5, r5, [r4, #16]
   86ef0:	6665      	str	r5, [r4, #100]	; 0x64
   86ef2:	61a5      	str	r5, [r4, #24]
   86ef4:	f104 005c 	add.w	r0, r4, #92	; 0x5c
   86ef8:	f7fc fb36 	bl	83568 <memset>
   86efc:	e9c4 550c 	strd	r5, r5, [r4, #48]	; 0x30
   86f00:	e9c4 5511 	strd	r5, r5, [r4, #68]	; 0x44
   86f04:	4620      	mov	r0, r4
   86f06:	e8bd 81f0 	ldmia.w	sp!, {r4, r5, r6, r7, r8, pc}
   86f0a:	6835      	ldr	r5, [r6, #0]
   86f0c:	b12d      	cbz	r5, 86f1a <__sfp+0x6e>
   86f0e:	462e      	mov	r6, r5
   86f10:	e7d7      	b.n	86ec2 <__sfp+0x16>
   86f12:	4630      	mov	r0, r6
   86f14:	f7ff ff48 	bl	86da8 <__sinit.part.0>
   86f18:	e7cf      	b.n	86eba <__sfp+0xe>
   86f1a:	f44f 71d6 	mov.w	r1, #428	; 0x1ac
   86f1e:	4638      	mov	r0, r7
   86f20:	f000 fcd0 	bl	878c4 <_malloc_r>
   86f24:	4604      	mov	r4, r0
   86f26:	b168      	cbz	r0, 86f44 <__sfp+0x98>
   86f28:	6005      	str	r5, [r0, #0]
   86f2a:	4629      	mov	r1, r5
   86f2c:	4605      	mov	r5, r0
   86f2e:	f8c0 8004 	str.w	r8, [r0, #4]
   86f32:	300c      	adds	r0, #12
   86f34:	f44f 72d0 	mov.w	r2, #416	; 0x1a0
   86f38:	60a0      	str	r0, [r4, #8]
   86f3a:	f7fc fb15 	bl	83568 <memset>
   86f3e:	6034      	str	r4, [r6, #0]
   86f40:	462e      	mov	r6, r5
   86f42:	e7be      	b.n	86ec2 <__sfp+0x16>
   86f44:	230c      	movs	r3, #12
   86f46:	6030      	str	r0, [r6, #0]
   86f48:	603b      	str	r3, [r7, #0]
   86f4a:	e7db      	b.n	86f04 <__sfp+0x58>
   86f4c:	0008afc8 	.word	0x0008afc8
   86f50:	ffff0001 	.word	0xffff0001

00086f54 <_cleanup>:
   86f54:	4b02      	ldr	r3, [pc, #8]	; (86f60 <_cleanup+0xc>)
   86f56:	4903      	ldr	r1, [pc, #12]	; (86f64 <_cleanup+0x10>)
   86f58:	6818      	ldr	r0, [r3, #0]
   86f5a:	f000 bb8f 	b.w	8767c <_fwalk_reent>
   86f5e:	bf00      	nop
   86f60:	0008afc8 	.word	0x0008afc8
   86f64:	00089eed 	.word	0x00089eed

00086f68 <__sinit>:
   86f68:	6b83      	ldr	r3, [r0, #56]	; 0x38
   86f6a:	b103      	cbz	r3, 86f6e <__sinit+0x6>
   86f6c:	4770      	bx	lr
   86f6e:	e71b      	b.n	86da8 <__sinit.part.0>

00086f70 <__sfp_lock_acquire>:
   86f70:	4770      	bx	lr
   86f72:	bf00      	nop

00086f74 <__sfp_lock_release>:
   86f74:	4770      	bx	lr
   86f76:	bf00      	nop

00086f78 <__sinit_lock_acquire>:
   86f78:	4770      	bx	lr
   86f7a:	bf00      	nop

00086f7c <__sinit_lock_release>:
   86f7c:	4770      	bx	lr
   86f7e:	bf00      	nop

00086f80 <__fp_lock_all>:
   86f80:	4b02      	ldr	r3, [pc, #8]	; (86f8c <__fp_lock_all+0xc>)
   86f82:	4903      	ldr	r1, [pc, #12]	; (86f90 <__fp_lock_all+0x10>)
   86f84:	6818      	ldr	r0, [r3, #0]
   86f86:	f000 bb59 	b.w	8763c <_fwalk>
   86f8a:	bf00      	nop
   86f8c:	200003b0 	.word	0x200003b0
   86f90:	00086d95 	.word	0x00086d95

00086f94 <__fp_unlock_all>:
   86f94:	4b02      	ldr	r3, [pc, #8]	; (86fa0 <__fp_unlock_all+0xc>)
   86f96:	4903      	ldr	r1, [pc, #12]	; (86fa4 <__fp_unlock_all+0x10>)
   86f98:	6818      	ldr	r0, [r3, #0]
   86f9a:	f000 bb4f 	b.w	8763c <_fwalk>
   86f9e:	bf00      	nop
   86fa0:	200003b0 	.word	0x200003b0
   86fa4:	00086da5 	.word	0x00086da5

00086fa8 <__fputwc>:
   86fa8:	e92d 43f0 	stmdb	sp!, {r4, r5, r6, r7, r8, r9, lr}
   86fac:	b083      	sub	sp, #12
   86fae:	4607      	mov	r7, r0
   86fb0:	4688      	mov	r8, r1
   86fb2:	4614      	mov	r4, r2
   86fb4:	f000 fba6 	bl	87704 <__locale_mb_cur_max>
   86fb8:	2801      	cmp	r0, #1
   86fba:	d103      	bne.n	86fc4 <__fputwc+0x1c>
   86fbc:	f108 33ff 	add.w	r3, r8, #4294967295	; 0xffffffff
   86fc0:	2bfe      	cmp	r3, #254	; 0xfe
   86fc2:	d933      	bls.n	8702c <__fputwc+0x84>
   86fc4:	4642      	mov	r2, r8
   86fc6:	4638      	mov	r0, r7
   86fc8:	f104 035c 	add.w	r3, r4, #92	; 0x5c
   86fcc:	a901      	add	r1, sp, #4
   86fce:	f002 fe81 	bl	89cd4 <_wcrtomb_r>
   86fd2:	1c42      	adds	r2, r0, #1
   86fd4:	4606      	mov	r6, r0
   86fd6:	d02f      	beq.n	87038 <__fputwc+0x90>
   86fd8:	b318      	cbz	r0, 87022 <__fputwc+0x7a>
   86fda:	f89d 1004 	ldrb.w	r1, [sp, #4]
   86fde:	2500      	movs	r5, #0
   86fe0:	f10d 0905 	add.w	r9, sp, #5
   86fe4:	e008      	b.n	86ff8 <__fputwc+0x50>
   86fe6:	6823      	ldr	r3, [r4, #0]
   86fe8:	1c5a      	adds	r2, r3, #1
   86fea:	6022      	str	r2, [r4, #0]
   86fec:	7019      	strb	r1, [r3, #0]
   86fee:	3501      	adds	r5, #1
   86ff0:	42b5      	cmp	r5, r6
   86ff2:	d216      	bcs.n	87022 <__fputwc+0x7a>
   86ff4:	f819 1b01 	ldrb.w	r1, [r9], #1
   86ff8:	68a3      	ldr	r3, [r4, #8]
   86ffa:	3b01      	subs	r3, #1
   86ffc:	2b00      	cmp	r3, #0
   86ffe:	60a3      	str	r3, [r4, #8]
   87000:	daf1      	bge.n	86fe6 <__fputwc+0x3e>
   87002:	69a2      	ldr	r2, [r4, #24]
   87004:	4293      	cmp	r3, r2
   87006:	db01      	blt.n	8700c <__fputwc+0x64>
   87008:	290a      	cmp	r1, #10
   8700a:	d1ec      	bne.n	86fe6 <__fputwc+0x3e>
   8700c:	4622      	mov	r2, r4
   8700e:	4638      	mov	r0, r7
   87010:	f002 fdfe 	bl	89c10 <__swbuf_r>
   87014:	1c43      	adds	r3, r0, #1
   87016:	d1ea      	bne.n	86fee <__fputwc+0x46>
   87018:	4606      	mov	r6, r0
   8701a:	4630      	mov	r0, r6
   8701c:	b003      	add	sp, #12
   8701e:	e8bd 83f0 	ldmia.w	sp!, {r4, r5, r6, r7, r8, r9, pc}
   87022:	4646      	mov	r6, r8
   87024:	4630      	mov	r0, r6
   87026:	b003      	add	sp, #12
   87028:	e8bd 83f0 	ldmia.w	sp!, {r4, r5, r6, r7, r8, r9, pc}
   8702c:	fa5f f188 	uxtb.w	r1, r8
   87030:	4606      	mov	r6, r0
   87032:	f88d 1004 	strb.w	r1, [sp, #4]
   87036:	e7d2      	b.n	86fde <__fputwc+0x36>
   87038:	4630      	mov	r0, r6
   8703a:	89a3      	ldrh	r3, [r4, #12]
   8703c:	f043 0340 	orr.w	r3, r3, #64	; 0x40
   87040:	81a3      	strh	r3, [r4, #12]
   87042:	b003      	add	sp, #12
   87044:	e8bd 83f0 	ldmia.w	sp!, {r4, r5, r6, r7, r8, r9, pc}

00087048 <_fputwc_r>:
   87048:	f9b2 300c 	ldrsh.w	r3, [r2, #12]
   8704c:	f413 5f00 	tst.w	r3, #8192	; 0x2000
   87050:	d10a      	bne.n	87068 <_fputwc_r+0x20>
   87052:	b410      	push	{r4}
   87054:	6e54      	ldr	r4, [r2, #100]	; 0x64
   87056:	f443 5300 	orr.w	r3, r3, #8192	; 0x2000
   8705a:	f444 5400 	orr.w	r4, r4, #8192	; 0x2000
   8705e:	6654      	str	r4, [r2, #100]	; 0x64
   87060:	8193      	strh	r3, [r2, #12]
   87062:	bc10      	pop	{r4}
   87064:	f7ff bfa0 	b.w	86fa8 <__fputwc>
   87068:	f7ff bf9e 	b.w	86fa8 <__fputwc>

0008706c <fputwc>:
   8706c:	4b0e      	ldr	r3, [pc, #56]	; (870a8 <fputwc+0x3c>)
   8706e:	b570      	push	{r4, r5, r6, lr}
   87070:	681e      	ldr	r6, [r3, #0]
   87072:	4605      	mov	r5, r0
   87074:	460c      	mov	r4, r1
   87076:	b10e      	cbz	r6, 8707c <fputwc+0x10>
   87078:	6bb3      	ldr	r3, [r6, #56]	; 0x38
   8707a:	b18b      	cbz	r3, 870a0 <fputwc+0x34>
   8707c:	f9b4 300c 	ldrsh.w	r3, [r4, #12]
   87080:	049a      	lsls	r2, r3, #18
   87082:	d406      	bmi.n	87092 <fputwc+0x26>
   87084:	6e62      	ldr	r2, [r4, #100]	; 0x64
   87086:	f443 5300 	orr.w	r3, r3, #8192	; 0x2000
   8708a:	f442 5200 	orr.w	r2, r2, #8192	; 0x2000
   8708e:	81a3      	strh	r3, [r4, #12]
   87090:	6662      	str	r2, [r4, #100]	; 0x64
   87092:	4622      	mov	r2, r4
   87094:	4629      	mov	r1, r5
   87096:	4630      	mov	r0, r6
   87098:	e8bd 4070 	ldmia.w	sp!, {r4, r5, r6, lr}
   8709c:	f7ff bf84 	b.w	86fa8 <__fputwc>
   870a0:	4630      	mov	r0, r6
   870a2:	f7ff ff61 	bl	86f68 <__sinit>
   870a6:	e7e9      	b.n	8707c <fputwc+0x10>
   870a8:	200003b0 	.word	0x200003b0

000870ac <_malloc_trim_r>:
   870ac:	b5f8      	push	{r3, r4, r5, r6, r7, lr}
   870ae:	460c      	mov	r4, r1
   870b0:	4f23      	ldr	r7, [pc, #140]	; (87140 <_malloc_trim_r+0x94>)
   870b2:	4606      	mov	r6, r0
   870b4:	f000 ff90 	bl	87fd8 <__malloc_lock>
   870b8:	68bb      	ldr	r3, [r7, #8]
   870ba:	685d      	ldr	r5, [r3, #4]
   870bc:	f5c4 637e 	rsb	r3, r4, #4064	; 0xfe0
   870c0:	f025 0503 	bic.w	r5, r5, #3
   870c4:	330f      	adds	r3, #15
   870c6:	442b      	add	r3, r5
   870c8:	f423 637f 	bic.w	r3, r3, #4080	; 0xff0
   870cc:	f023 030f 	bic.w	r3, r3, #15
   870d0:	f5a3 5480 	sub.w	r4, r3, #4096	; 0x1000
   870d4:	f5b4 5f80 	cmp.w	r4, #4096	; 0x1000
   870d8:	db07      	blt.n	870ea <_malloc_trim_r+0x3e>
   870da:	2100      	movs	r1, #0
   870dc:	4630      	mov	r0, r6
   870de:	f001 fea1 	bl	88e24 <_sbrk_r>
   870e2:	68bb      	ldr	r3, [r7, #8]
   870e4:	442b      	add	r3, r5
   870e6:	4298      	cmp	r0, r3
   870e8:	d004      	beq.n	870f4 <_malloc_trim_r+0x48>
   870ea:	4630      	mov	r0, r6
   870ec:	f000 ff76 	bl	87fdc <__malloc_unlock>
   870f0:	2000      	movs	r0, #0
   870f2:	bdf8      	pop	{r3, r4, r5, r6, r7, pc}
   870f4:	4630      	mov	r0, r6
   870f6:	4261      	negs	r1, r4
   870f8:	f001 fe94 	bl	88e24 <_sbrk_r>
   870fc:	3001      	adds	r0, #1
   870fe:	d00d      	beq.n	8711c <_malloc_trim_r+0x70>
   87100:	4a10      	ldr	r2, [pc, #64]	; (87144 <_malloc_trim_r+0x98>)
   87102:	68bb      	ldr	r3, [r7, #8]
   87104:	1b2d      	subs	r5, r5, r4
   87106:	f045 0501 	orr.w	r5, r5, #1
   8710a:	605d      	str	r5, [r3, #4]
   8710c:	6813      	ldr	r3, [r2, #0]
   8710e:	4630      	mov	r0, r6
   87110:	1b1b      	subs	r3, r3, r4
   87112:	6013      	str	r3, [r2, #0]
   87114:	f000 ff62 	bl	87fdc <__malloc_unlock>
   87118:	2001      	movs	r0, #1
   8711a:	bdf8      	pop	{r3, r4, r5, r6, r7, pc}
   8711c:	2100      	movs	r1, #0
   8711e:	4630      	mov	r0, r6
   87120:	f001 fe80 	bl	88e24 <_sbrk_r>
   87124:	68ba      	ldr	r2, [r7, #8]
   87126:	1a83      	subs	r3, r0, r2
   87128:	2b0f      	cmp	r3, #15
   8712a:	ddde      	ble.n	870ea <_malloc_trim_r+0x3e>
   8712c:	f043 0301 	orr.w	r3, r3, #1
   87130:	6053      	str	r3, [r2, #4]
   87132:	4b05      	ldr	r3, [pc, #20]	; (87148 <_malloc_trim_r+0x9c>)
   87134:	4903      	ldr	r1, [pc, #12]	; (87144 <_malloc_trim_r+0x98>)
   87136:	681b      	ldr	r3, [r3, #0]
   87138:	1ac0      	subs	r0, r0, r3
   8713a:	6008      	str	r0, [r1, #0]
   8713c:	e7d5      	b.n	870ea <_malloc_trim_r+0x3e>
   8713e:	bf00      	nop
   87140:	2000094c 	.word	0x2000094c
   87144:	200036d4 	.word	0x200036d4
   87148:	20000d54 	.word	0x20000d54

0008714c <_free_r>:
   8714c:	2900      	cmp	r1, #0
   8714e:	d05e      	beq.n	8720e <_free_r+0xc2>
   87150:	b5f8      	push	{r3, r4, r5, r6, r7, lr}
   87152:	460c      	mov	r4, r1
   87154:	4606      	mov	r6, r0
   87156:	f000 ff3f 	bl	87fd8 <__malloc_lock>
   8715a:	f854 2c04 	ldr.w	r2, [r4, #-4]
   8715e:	4f78      	ldr	r7, [pc, #480]	; (87340 <_free_r+0x1f4>)
   87160:	f1a4 0508 	sub.w	r5, r4, #8
   87164:	f022 0101 	bic.w	r1, r2, #1
   87168:	1868      	adds	r0, r5, r1
   8716a:	f8d7 c008 	ldr.w	ip, [r7, #8]
   8716e:	6843      	ldr	r3, [r0, #4]
   87170:	4584      	cmp	ip, r0
   87172:	f023 0303 	bic.w	r3, r3, #3
   87176:	f000 8087 	beq.w	87288 <_free_r+0x13c>
   8717a:	07d2      	lsls	r2, r2, #31
   8717c:	6043      	str	r3, [r0, #4]
   8717e:	d434      	bmi.n	871ea <_free_r+0x9e>
   87180:	f854 2c08 	ldr.w	r2, [r4, #-8]
   87184:	f107 0408 	add.w	r4, r7, #8
   87188:	1aad      	subs	r5, r5, r2
   8718a:	4411      	add	r1, r2
   8718c:	68aa      	ldr	r2, [r5, #8]
   8718e:	42a2      	cmp	r2, r4
   87190:	d068      	beq.n	87264 <_free_r+0x118>
   87192:	eb00 0c03 	add.w	ip, r0, r3
   87196:	f8dc e004 	ldr.w	lr, [ip, #4]
   8719a:	f8d5 c00c 	ldr.w	ip, [r5, #12]
   8719e:	f01e 0f01 	tst.w	lr, #1
   871a2:	f8c2 c00c 	str.w	ip, [r2, #12]
   871a6:	f8cc 2008 	str.w	r2, [ip, #8]
   871aa:	f000 8091 	beq.w	872d0 <_free_r+0x184>
   871ae:	f041 0301 	orr.w	r3, r1, #1
   871b2:	606b      	str	r3, [r5, #4]
   871b4:	6001      	str	r1, [r0, #0]
   871b6:	f5b1 7f00 	cmp.w	r1, #512	; 0x200
   871ba:	d231      	bcs.n	87220 <_free_r+0xd4>
   871bc:	094a      	lsrs	r2, r1, #5
   871be:	08cb      	lsrs	r3, r1, #3
   871c0:	2101      	movs	r1, #1
   871c2:	4091      	lsls	r1, r2
   871c4:	687a      	ldr	r2, [r7, #4]
   871c6:	3301      	adds	r3, #1
   871c8:	4311      	orrs	r1, r2
   871ca:	6079      	str	r1, [r7, #4]
   871cc:	eb07 02c3 	add.w	r2, r7, r3, lsl #3
   871d0:	f857 1033 	ldr.w	r1, [r7, r3, lsl #3]
   871d4:	3a08      	subs	r2, #8
   871d6:	e9c5 1202 	strd	r1, r2, [r5, #8]
   871da:	f847 5033 	str.w	r5, [r7, r3, lsl #3]
   871de:	60cd      	str	r5, [r1, #12]
   871e0:	4630      	mov	r0, r6
   871e2:	e8bd 40f8 	ldmia.w	sp!, {r3, r4, r5, r6, r7, lr}
   871e6:	f000 bef9 	b.w	87fdc <__malloc_unlock>
   871ea:	18c2      	adds	r2, r0, r3
   871ec:	6852      	ldr	r2, [r2, #4]
   871ee:	07d2      	lsls	r2, r2, #31
   871f0:	d40e      	bmi.n	87210 <_free_r+0xc4>
   871f2:	4419      	add	r1, r3
   871f4:	f107 0408 	add.w	r4, r7, #8
   871f8:	6883      	ldr	r3, [r0, #8]
   871fa:	42a3      	cmp	r3, r4
   871fc:	d070      	beq.n	872e0 <_free_r+0x194>
   871fe:	68c2      	ldr	r2, [r0, #12]
   87200:	60da      	str	r2, [r3, #12]
   87202:	6093      	str	r3, [r2, #8]
   87204:	f041 0301 	orr.w	r3, r1, #1
   87208:	606b      	str	r3, [r5, #4]
   8720a:	5069      	str	r1, [r5, r1]
   8720c:	e7d3      	b.n	871b6 <_free_r+0x6a>
   8720e:	4770      	bx	lr
   87210:	f041 0301 	orr.w	r3, r1, #1
   87214:	f5b1 7f00 	cmp.w	r1, #512	; 0x200
   87218:	f844 3c04 	str.w	r3, [r4, #-4]
   8721c:	6001      	str	r1, [r0, #0]
   8721e:	d3cd      	bcc.n	871bc <_free_r+0x70>
   87220:	f5b1 6f20 	cmp.w	r1, #2560	; 0xa00
   87224:	ea4f 2351 	mov.w	r3, r1, lsr #9
   87228:	d247      	bcs.n	872ba <_free_r+0x16e>
   8722a:	098b      	lsrs	r3, r1, #6
   8722c:	f103 0039 	add.w	r0, r3, #57	; 0x39
   87230:	f103 0238 	add.w	r2, r3, #56	; 0x38
   87234:	00c3      	lsls	r3, r0, #3
   87236:	18f8      	adds	r0, r7, r3
   87238:	58fb      	ldr	r3, [r7, r3]
   8723a:	3808      	subs	r0, #8
   8723c:	4298      	cmp	r0, r3
   8723e:	d058      	beq.n	872f2 <_free_r+0x1a6>
   87240:	685a      	ldr	r2, [r3, #4]
   87242:	f022 0203 	bic.w	r2, r2, #3
   87246:	428a      	cmp	r2, r1
   87248:	d902      	bls.n	87250 <_free_r+0x104>
   8724a:	689b      	ldr	r3, [r3, #8]
   8724c:	4298      	cmp	r0, r3
   8724e:	d1f7      	bne.n	87240 <_free_r+0xf4>
   87250:	68d8      	ldr	r0, [r3, #12]
   87252:	e9c5 3002 	strd	r3, r0, [r5, #8]
   87256:	6085      	str	r5, [r0, #8]
   87258:	4630      	mov	r0, r6
   8725a:	60dd      	str	r5, [r3, #12]
   8725c:	e8bd 40f8 	ldmia.w	sp!, {r3, r4, r5, r6, r7, lr}
   87260:	f000 bebc 	b.w	87fdc <__malloc_unlock>
   87264:	18c2      	adds	r2, r0, r3
   87266:	6852      	ldr	r2, [r2, #4]
   87268:	07d2      	lsls	r2, r2, #31
   8726a:	d463      	bmi.n	87334 <_free_r+0x1e8>
   8726c:	440b      	add	r3, r1
   8726e:	e9d0 1202 	ldrd	r1, r2, [r0, #8]
   87272:	60ca      	str	r2, [r1, #12]
   87274:	6091      	str	r1, [r2, #8]
   87276:	f043 0201 	orr.w	r2, r3, #1
   8727a:	606a      	str	r2, [r5, #4]
   8727c:	4630      	mov	r0, r6
   8727e:	50eb      	str	r3, [r5, r3]
   87280:	e8bd 40f8 	ldmia.w	sp!, {r3, r4, r5, r6, r7, lr}
   87284:	f000 beaa 	b.w	87fdc <__malloc_unlock>
   87288:	440b      	add	r3, r1
   8728a:	07d1      	lsls	r1, r2, #31
   8728c:	d407      	bmi.n	8729e <_free_r+0x152>
   8728e:	f854 2c08 	ldr.w	r2, [r4, #-8]
   87292:	1aad      	subs	r5, r5, r2
   87294:	4413      	add	r3, r2
   87296:	e9d5 1202 	ldrd	r1, r2, [r5, #8]
   8729a:	60ca      	str	r2, [r1, #12]
   8729c:	6091      	str	r1, [r2, #8]
   8729e:	f043 0201 	orr.w	r2, r3, #1
   872a2:	606a      	str	r2, [r5, #4]
   872a4:	4a27      	ldr	r2, [pc, #156]	; (87344 <_free_r+0x1f8>)
   872a6:	60bd      	str	r5, [r7, #8]
   872a8:	6812      	ldr	r2, [r2, #0]
   872aa:	429a      	cmp	r2, r3
   872ac:	d898      	bhi.n	871e0 <_free_r+0x94>
   872ae:	4b26      	ldr	r3, [pc, #152]	; (87348 <_free_r+0x1fc>)
   872b0:	4630      	mov	r0, r6
   872b2:	6819      	ldr	r1, [r3, #0]
   872b4:	f7ff fefa 	bl	870ac <_malloc_trim_r>
   872b8:	e792      	b.n	871e0 <_free_r+0x94>
   872ba:	2b14      	cmp	r3, #20
   872bc:	d90a      	bls.n	872d4 <_free_r+0x188>
   872be:	2b54      	cmp	r3, #84	; 0x54
   872c0:	d81f      	bhi.n	87302 <_free_r+0x1b6>
   872c2:	0b0b      	lsrs	r3, r1, #12
   872c4:	f103 006f 	add.w	r0, r3, #111	; 0x6f
   872c8:	f103 026e 	add.w	r2, r3, #110	; 0x6e
   872cc:	00c3      	lsls	r3, r0, #3
   872ce:	e7b2      	b.n	87236 <_free_r+0xea>
   872d0:	4419      	add	r1, r3
   872d2:	e791      	b.n	871f8 <_free_r+0xac>
   872d4:	f103 005c 	add.w	r0, r3, #92	; 0x5c
   872d8:	f103 025b 	add.w	r2, r3, #91	; 0x5b
   872dc:	00c3      	lsls	r3, r0, #3
   872de:	e7aa      	b.n	87236 <_free_r+0xea>
   872e0:	f041 0301 	orr.w	r3, r1, #1
   872e4:	e9c7 5504 	strd	r5, r5, [r7, #16]
   872e8:	e9c5 4402 	strd	r4, r4, [r5, #8]
   872ec:	606b      	str	r3, [r5, #4]
   872ee:	5069      	str	r1, [r5, r1]
   872f0:	e776      	b.n	871e0 <_free_r+0x94>
   872f2:	2101      	movs	r1, #1
   872f4:	1092      	asrs	r2, r2, #2
   872f6:	fa01 f202 	lsl.w	r2, r1, r2
   872fa:	6879      	ldr	r1, [r7, #4]
   872fc:	430a      	orrs	r2, r1
   872fe:	607a      	str	r2, [r7, #4]
   87300:	e7a7      	b.n	87252 <_free_r+0x106>
   87302:	f5b3 7faa 	cmp.w	r3, #340	; 0x154
   87306:	d806      	bhi.n	87316 <_free_r+0x1ca>
   87308:	0bcb      	lsrs	r3, r1, #15
   8730a:	f103 0078 	add.w	r0, r3, #120	; 0x78
   8730e:	f103 0277 	add.w	r2, r3, #119	; 0x77
   87312:	00c3      	lsls	r3, r0, #3
   87314:	e78f      	b.n	87236 <_free_r+0xea>
   87316:	f240 5254 	movw	r2, #1364	; 0x554
   8731a:	4293      	cmp	r3, r2
   8731c:	d806      	bhi.n	8732c <_free_r+0x1e0>
   8731e:	0c8b      	lsrs	r3, r1, #18
   87320:	f103 007d 	add.w	r0, r3, #125	; 0x7d
   87324:	f103 027c 	add.w	r2, r3, #124	; 0x7c
   87328:	00c3      	lsls	r3, r0, #3
   8732a:	e784      	b.n	87236 <_free_r+0xea>
   8732c:	f44f 737e 	mov.w	r3, #1016	; 0x3f8
   87330:	227e      	movs	r2, #126	; 0x7e
   87332:	e780      	b.n	87236 <_free_r+0xea>
   87334:	f041 0301 	orr.w	r3, r1, #1
   87338:	606b      	str	r3, [r5, #4]
   8733a:	6001      	str	r1, [r0, #0]
   8733c:	e750      	b.n	871e0 <_free_r+0x94>
   8733e:	bf00      	nop
   87340:	2000094c 	.word	0x2000094c
   87344:	20000d58 	.word	0x20000d58
   87348:	200036d0 	.word	0x200036d0

0008734c <__sfvwrite_r>:
   8734c:	6893      	ldr	r3, [r2, #8]
   8734e:	2b00      	cmp	r3, #0
   87350:	f000 80b7 	beq.w	874c2 <__sfvwrite_r+0x176>
   87354:	e92d 4ff0 	stmdb	sp!, {r4, r5, r6, r7, r8, r9, sl, fp, lr}
   87358:	f9b1 300c 	ldrsh.w	r3, [r1, #12]
   8735c:	460c      	mov	r4, r1
   8735e:	0719      	lsls	r1, r3, #28
   87360:	4680      	mov	r8, r0
   87362:	4617      	mov	r7, r2
   87364:	b083      	sub	sp, #12
   87366:	b298      	uxth	r0, r3
   87368:	d525      	bpl.n	873b6 <__sfvwrite_r+0x6a>
   8736a:	6923      	ldr	r3, [r4, #16]
   8736c:	b31b      	cbz	r3, 873b6 <__sfvwrite_r+0x6a>
   8736e:	f010 0302 	ands.w	r3, r0, #2
   87372:	683d      	ldr	r5, [r7, #0]
   87374:	d02d      	beq.n	873d2 <__sfvwrite_r+0x86>
   87376:	f04f 0b00 	mov.w	fp, #0
   8737a:	465e      	mov	r6, fp
   8737c:	f8df a2b8 	ldr.w	sl, [pc, #696]	; 87638 <__sfvwrite_r+0x2ec>
   87380:	2e00      	cmp	r6, #0
   87382:	f000 808b 	beq.w	8749c <__sfvwrite_r+0x150>
   87386:	4556      	cmp	r6, sl
   87388:	4633      	mov	r3, r6
   8738a:	465a      	mov	r2, fp
   8738c:	bf28      	it	cs
   8738e:	4653      	movcs	r3, sl
   87390:	4640      	mov	r0, r8
   87392:	69e1      	ldr	r1, [r4, #28]
   87394:	f8d4 c024 	ldr.w	ip, [r4, #36]	; 0x24
   87398:	47e0      	blx	ip
   8739a:	2800      	cmp	r0, #0
   8739c:	f340 8087 	ble.w	874ae <__sfvwrite_r+0x162>
   873a0:	68bb      	ldr	r3, [r7, #8]
   873a2:	4483      	add	fp, r0
   873a4:	1a1b      	subs	r3, r3, r0
   873a6:	1a36      	subs	r6, r6, r0
   873a8:	60bb      	str	r3, [r7, #8]
   873aa:	2b00      	cmp	r3, #0
   873ac:	d1e8      	bne.n	87380 <__sfvwrite_r+0x34>
   873ae:	2000      	movs	r0, #0
   873b0:	b003      	add	sp, #12
   873b2:	e8bd 8ff0 	ldmia.w	sp!, {r4, r5, r6, r7, r8, r9, sl, fp, pc}
   873b6:	4621      	mov	r1, r4
   873b8:	4640      	mov	r0, r8
   873ba:	f7fe fb79 	bl	85ab0 <__swsetup_r>
   873be:	2800      	cmp	r0, #0
   873c0:	f040 8136 	bne.w	87630 <__sfvwrite_r+0x2e4>
   873c4:	f9b4 300c 	ldrsh.w	r3, [r4, #12]
   873c8:	683d      	ldr	r5, [r7, #0]
   873ca:	b298      	uxth	r0, r3
   873cc:	f010 0302 	ands.w	r3, r0, #2
   873d0:	d1d1      	bne.n	87376 <__sfvwrite_r+0x2a>
   873d2:	f010 0901 	ands.w	r9, r0, #1
   873d6:	d176      	bne.n	874c6 <__sfvwrite_r+0x17a>
   873d8:	464e      	mov	r6, r9
   873da:	2e00      	cmp	r6, #0
   873dc:	d05a      	beq.n	87494 <__sfvwrite_r+0x148>
   873de:	0582      	lsls	r2, r0, #22
   873e0:	f8d4 b008 	ldr.w	fp, [r4, #8]
   873e4:	f140 80b5 	bpl.w	87552 <__sfvwrite_r+0x206>
   873e8:	45b3      	cmp	fp, r6
   873ea:	465a      	mov	r2, fp
   873ec:	f200 80cd 	bhi.w	8758a <__sfvwrite_r+0x23e>
   873f0:	f410 6f90 	tst.w	r0, #1152	; 0x480
   873f4:	f000 80cb 	beq.w	8758e <__sfvwrite_r+0x242>
   873f8:	6823      	ldr	r3, [r4, #0]
   873fa:	6921      	ldr	r1, [r4, #16]
   873fc:	eba3 0b01 	sub.w	fp, r3, r1
   87400:	6963      	ldr	r3, [r4, #20]
   87402:	eb03 0a43 	add.w	sl, r3, r3, lsl #1
   87406:	eb0a 7ada 	add.w	sl, sl, sl, lsr #31
   8740a:	f10b 0301 	add.w	r3, fp, #1
   8740e:	ea4f 0a6a 	mov.w	sl, sl, asr #1
   87412:	4433      	add	r3, r6
   87414:	4553      	cmp	r3, sl
   87416:	4652      	mov	r2, sl
   87418:	bf84      	itt	hi
   8741a:	469a      	movhi	sl, r3
   8741c:	4652      	movhi	r2, sl
   8741e:	0543      	lsls	r3, r0, #21
   87420:	f140 80ea 	bpl.w	875f8 <__sfvwrite_r+0x2ac>
   87424:	4611      	mov	r1, r2
   87426:	4640      	mov	r0, r8
   87428:	f000 fa4c 	bl	878c4 <_malloc_r>
   8742c:	2800      	cmp	r0, #0
   8742e:	f000 80f9 	beq.w	87624 <__sfvwrite_r+0x2d8>
   87432:	465a      	mov	r2, fp
   87434:	6921      	ldr	r1, [r4, #16]
   87436:	9001      	str	r0, [sp, #4]
   87438:	f7fc f820 	bl	8347c <memcpy>
   8743c:	89a2      	ldrh	r2, [r4, #12]
   8743e:	9b01      	ldr	r3, [sp, #4]
   87440:	f422 6290 	bic.w	r2, r2, #1152	; 0x480
   87444:	f042 0280 	orr.w	r2, r2, #128	; 0x80
   87448:	81a2      	strh	r2, [r4, #12]
   8744a:	eb03 000b 	add.w	r0, r3, fp
   8744e:	6123      	str	r3, [r4, #16]
   87450:	4632      	mov	r2, r6
   87452:	ebaa 030b 	sub.w	r3, sl, fp
   87456:	46b3      	mov	fp, r6
   87458:	f8c4 a014 	str.w	sl, [r4, #20]
   8745c:	60a3      	str	r3, [r4, #8]
   8745e:	6020      	str	r0, [r4, #0]
   87460:	46b2      	mov	sl, r6
   87462:	2600      	movs	r6, #0
   87464:	4649      	mov	r1, r9
   87466:	9201      	str	r2, [sp, #4]
   87468:	f000 fd3a 	bl	87ee0 <memmove>
   8746c:	68a3      	ldr	r3, [r4, #8]
   8746e:	6821      	ldr	r1, [r4, #0]
   87470:	9a01      	ldr	r2, [sp, #4]
   87472:	eba3 030b 	sub.w	r3, r3, fp
   87476:	440a      	add	r2, r1
   87478:	60a3      	str	r3, [r4, #8]
   8747a:	6022      	str	r2, [r4, #0]
   8747c:	68b8      	ldr	r0, [r7, #8]
   8747e:	44d1      	add	r9, sl
   87480:	eba0 000a 	sub.w	r0, r0, sl
   87484:	60b8      	str	r0, [r7, #8]
   87486:	2800      	cmp	r0, #0
   87488:	d091      	beq.n	873ae <__sfvwrite_r+0x62>
   8748a:	f9b4 000c 	ldrsh.w	r0, [r4, #12]
   8748e:	b280      	uxth	r0, r0
   87490:	2e00      	cmp	r6, #0
   87492:	d1a4      	bne.n	873de <__sfvwrite_r+0x92>
   87494:	e9d5 9600 	ldrd	r9, r6, [r5]
   87498:	3508      	adds	r5, #8
   8749a:	e79e      	b.n	873da <__sfvwrite_r+0x8e>
   8749c:	e9d5 b600 	ldrd	fp, r6, [r5]
   874a0:	3508      	adds	r5, #8
   874a2:	e76d      	b.n	87380 <__sfvwrite_r+0x34>
   874a4:	4621      	mov	r1, r4
   874a6:	4640      	mov	r0, r8
   874a8:	f7ff fc36 	bl	86d18 <_fflush_r>
   874ac:	b380      	cbz	r0, 87510 <__sfvwrite_r+0x1c4>
   874ae:	f9b4 300c 	ldrsh.w	r3, [r4, #12]
   874b2:	f04f 30ff 	mov.w	r0, #4294967295	; 0xffffffff
   874b6:	f043 0340 	orr.w	r3, r3, #64	; 0x40
   874ba:	81a3      	strh	r3, [r4, #12]
   874bc:	b003      	add	sp, #12
   874be:	e8bd 8ff0 	ldmia.w	sp!, {r4, r5, r6, r7, r8, r9, sl, fp, pc}
   874c2:	2000      	movs	r0, #0
   874c4:	4770      	bx	lr
   874c6:	461e      	mov	r6, r3
   874c8:	46aa      	mov	sl, r5
   874ca:	4699      	mov	r9, r3
   874cc:	4618      	mov	r0, r3
   874ce:	461d      	mov	r5, r3
   874d0:	b356      	cbz	r6, 87528 <__sfvwrite_r+0x1dc>
   874d2:	2800      	cmp	r0, #0
   874d4:	d032      	beq.n	8753c <__sfvwrite_r+0x1f0>
   874d6:	464a      	mov	r2, r9
   874d8:	6820      	ldr	r0, [r4, #0]
   874da:	6921      	ldr	r1, [r4, #16]
   874dc:	42b2      	cmp	r2, r6
   874de:	bf28      	it	cs
   874e0:	4632      	movcs	r2, r6
   874e2:	4288      	cmp	r0, r1
   874e4:	6963      	ldr	r3, [r4, #20]
   874e6:	d904      	bls.n	874f2 <__sfvwrite_r+0x1a6>
   874e8:	68a1      	ldr	r1, [r4, #8]
   874ea:	eb03 0b01 	add.w	fp, r3, r1
   874ee:	455a      	cmp	r2, fp
   874f0:	dc74      	bgt.n	875dc <__sfvwrite_r+0x290>
   874f2:	4293      	cmp	r3, r2
   874f4:	dc65      	bgt.n	875c2 <__sfvwrite_r+0x276>
   874f6:	462a      	mov	r2, r5
   874f8:	4640      	mov	r0, r8
   874fa:	69e1      	ldr	r1, [r4, #28]
   874fc:	f8d4 c024 	ldr.w	ip, [r4, #36]	; 0x24
   87500:	47e0      	blx	ip
   87502:	f1b0 0b00 	subs.w	fp, r0, #0
   87506:	ddd2      	ble.n	874ae <__sfvwrite_r+0x162>
   87508:	ebb9 090b 	subs.w	r9, r9, fp
   8750c:	d0ca      	beq.n	874a4 <__sfvwrite_r+0x158>
   8750e:	2001      	movs	r0, #1
   87510:	68bb      	ldr	r3, [r7, #8]
   87512:	445d      	add	r5, fp
   87514:	eba3 030b 	sub.w	r3, r3, fp
   87518:	eba6 060b 	sub.w	r6, r6, fp
   8751c:	60bb      	str	r3, [r7, #8]
   8751e:	2b00      	cmp	r3, #0
   87520:	f43f af45 	beq.w	873ae <__sfvwrite_r+0x62>
   87524:	2e00      	cmp	r6, #0
   87526:	d1d4      	bne.n	874d2 <__sfvwrite_r+0x186>
   87528:	f10a 0308 	add.w	r3, sl, #8
   8752c:	f853 6c04 	ldr.w	r6, [r3, #-4]
   87530:	469a      	mov	sl, r3
   87532:	f853 5c08 	ldr.w	r5, [r3, #-8]
   87536:	3308      	adds	r3, #8
   87538:	2e00      	cmp	r6, #0
   8753a:	d0f7      	beq.n	8752c <__sfvwrite_r+0x1e0>
   8753c:	4632      	mov	r2, r6
   8753e:	210a      	movs	r1, #10
   87540:	4628      	mov	r0, r5
   87542:	f000 fc85 	bl	87e50 <memchr>
   87546:	2800      	cmp	r0, #0
   87548:	d069      	beq.n	8761e <__sfvwrite_r+0x2d2>
   8754a:	3001      	adds	r0, #1
   8754c:	eba0 0905 	sub.w	r9, r0, r5
   87550:	e7c1      	b.n	874d6 <__sfvwrite_r+0x18a>
   87552:	6820      	ldr	r0, [r4, #0]
   87554:	6923      	ldr	r3, [r4, #16]
   87556:	4298      	cmp	r0, r3
   87558:	d81b      	bhi.n	87592 <__sfvwrite_r+0x246>
   8755a:	6963      	ldr	r3, [r4, #20]
   8755c:	42b3      	cmp	r3, r6
   8755e:	d818      	bhi.n	87592 <__sfvwrite_r+0x246>
   87560:	f06f 4c00 	mvn.w	ip, #2147483648	; 0x80000000
   87564:	45b4      	cmp	ip, r6
   87566:	bf28      	it	cs
   87568:	46b4      	movcs	ip, r6
   8756a:	fb9c fcf3 	sdiv	ip, ip, r3
   8756e:	464a      	mov	r2, r9
   87570:	fb03 f30c 	mul.w	r3, r3, ip
   87574:	4640      	mov	r0, r8
   87576:	69e1      	ldr	r1, [r4, #28]
   87578:	f8d4 c024 	ldr.w	ip, [r4, #36]	; 0x24
   8757c:	47e0      	blx	ip
   8757e:	f1b0 0a00 	subs.w	sl, r0, #0
   87582:	dd94      	ble.n	874ae <__sfvwrite_r+0x162>
   87584:	eba6 060a 	sub.w	r6, r6, sl
   87588:	e778      	b.n	8747c <__sfvwrite_r+0x130>
   8758a:	46b3      	mov	fp, r6
   8758c:	4632      	mov	r2, r6
   8758e:	6820      	ldr	r0, [r4, #0]
   87590:	e766      	b.n	87460 <__sfvwrite_r+0x114>
   87592:	45b3      	cmp	fp, r6
   87594:	46da      	mov	sl, fp
   87596:	bf28      	it	cs
   87598:	46b2      	movcs	sl, r6
   8759a:	4649      	mov	r1, r9
   8759c:	4652      	mov	r2, sl
   8759e:	f000 fc9f 	bl	87ee0 <memmove>
   875a2:	68a3      	ldr	r3, [r4, #8]
   875a4:	6822      	ldr	r2, [r4, #0]
   875a6:	eba3 030a 	sub.w	r3, r3, sl
   875aa:	4452      	add	r2, sl
   875ac:	60a3      	str	r3, [r4, #8]
   875ae:	6022      	str	r2, [r4, #0]
   875b0:	2b00      	cmp	r3, #0
   875b2:	d1e7      	bne.n	87584 <__sfvwrite_r+0x238>
   875b4:	4621      	mov	r1, r4
   875b6:	4640      	mov	r0, r8
   875b8:	f7ff fbae 	bl	86d18 <_fflush_r>
   875bc:	2800      	cmp	r0, #0
   875be:	d0e1      	beq.n	87584 <__sfvwrite_r+0x238>
   875c0:	e775      	b.n	874ae <__sfvwrite_r+0x162>
   875c2:	4629      	mov	r1, r5
   875c4:	4693      	mov	fp, r2
   875c6:	9201      	str	r2, [sp, #4]
   875c8:	f000 fc8a 	bl	87ee0 <memmove>
   875cc:	68a3      	ldr	r3, [r4, #8]
   875ce:	9a01      	ldr	r2, [sp, #4]
   875d0:	1a9b      	subs	r3, r3, r2
   875d2:	60a3      	str	r3, [r4, #8]
   875d4:	6823      	ldr	r3, [r4, #0]
   875d6:	441a      	add	r2, r3
   875d8:	6022      	str	r2, [r4, #0]
   875da:	e795      	b.n	87508 <__sfvwrite_r+0x1bc>
   875dc:	4629      	mov	r1, r5
   875de:	465a      	mov	r2, fp
   875e0:	f000 fc7e 	bl	87ee0 <memmove>
   875e4:	6823      	ldr	r3, [r4, #0]
   875e6:	4621      	mov	r1, r4
   875e8:	445b      	add	r3, fp
   875ea:	4640      	mov	r0, r8
   875ec:	6023      	str	r3, [r4, #0]
   875ee:	f7ff fb93 	bl	86d18 <_fflush_r>
   875f2:	2800      	cmp	r0, #0
   875f4:	d088      	beq.n	87508 <__sfvwrite_r+0x1bc>
   875f6:	e75a      	b.n	874ae <__sfvwrite_r+0x162>
   875f8:	4640      	mov	r0, r8
   875fa:	f001 fa25 	bl	88a48 <_realloc_r>
   875fe:	4603      	mov	r3, r0
   87600:	2800      	cmp	r0, #0
   87602:	f47f af22 	bne.w	8744a <__sfvwrite_r+0xfe>
   87606:	4640      	mov	r0, r8
   87608:	6921      	ldr	r1, [r4, #16]
   8760a:	f7ff fd9f 	bl	8714c <_free_r>
   8760e:	220c      	movs	r2, #12
   87610:	f9b4 300c 	ldrsh.w	r3, [r4, #12]
   87614:	f8c8 2000 	str.w	r2, [r8]
   87618:	f023 0380 	bic.w	r3, r3, #128	; 0x80
   8761c:	e749      	b.n	874b2 <__sfvwrite_r+0x166>
   8761e:	1c72      	adds	r2, r6, #1
   87620:	4691      	mov	r9, r2
   87622:	e759      	b.n	874d8 <__sfvwrite_r+0x18c>
   87624:	220c      	movs	r2, #12
   87626:	f9b4 300c 	ldrsh.w	r3, [r4, #12]
   8762a:	f8c8 2000 	str.w	r2, [r8]
   8762e:	e740      	b.n	874b2 <__sfvwrite_r+0x166>
   87630:	f04f 30ff 	mov.w	r0, #4294967295	; 0xffffffff
   87634:	e6bc      	b.n	873b0 <__sfvwrite_r+0x64>
   87636:	bf00      	nop
   87638:	7ffffc00 	.word	0x7ffffc00

0008763c <_fwalk>:
   8763c:	e92d 41f0 	stmdb	sp!, {r4, r5, r6, r7, r8, lr}
   87640:	2600      	movs	r6, #0
   87642:	4688      	mov	r8, r1
   87644:	f500 7738 	add.w	r7, r0, #736	; 0x2e0
   87648:	e9d7 5401 	ldrd	r5, r4, [r7, #4]
   8764c:	3d01      	subs	r5, #1
   8764e:	d40e      	bmi.n	8766e <_fwalk+0x32>
   87650:	89a3      	ldrh	r3, [r4, #12]
   87652:	3d01      	subs	r5, #1
   87654:	2b01      	cmp	r3, #1
   87656:	d906      	bls.n	87666 <_fwalk+0x2a>
   87658:	f9b4 300e 	ldrsh.w	r3, [r4, #14]
   8765c:	3301      	adds	r3, #1
   8765e:	d002      	beq.n	87666 <_fwalk+0x2a>
   87660:	4620      	mov	r0, r4
   87662:	47c0      	blx	r8
   87664:	4306      	orrs	r6, r0
   87666:	1c6b      	adds	r3, r5, #1
   87668:	f104 0468 	add.w	r4, r4, #104	; 0x68
   8766c:	d1f0      	bne.n	87650 <_fwalk+0x14>
   8766e:	683f      	ldr	r7, [r7, #0]
   87670:	2f00      	cmp	r7, #0
   87672:	d1e9      	bne.n	87648 <_fwalk+0xc>
   87674:	4630      	mov	r0, r6
   87676:	e8bd 81f0 	ldmia.w	sp!, {r4, r5, r6, r7, r8, pc}
   8767a:	bf00      	nop

0008767c <_fwalk_reent>:
   8767c:	e92d 43f8 	stmdb	sp!, {r3, r4, r5, r6, r7, r8, r9, lr}
   87680:	f04f 0900 	mov.w	r9, #0
   87684:	4607      	mov	r7, r0
   87686:	4688      	mov	r8, r1
   87688:	f500 7638 	add.w	r6, r0, #736	; 0x2e0
   8768c:	e9d6 5401 	ldrd	r5, r4, [r6, #4]
   87690:	3d01      	subs	r5, #1
   87692:	d410      	bmi.n	876b6 <_fwalk_reent+0x3a>
   87694:	89a3      	ldrh	r3, [r4, #12]
   87696:	3d01      	subs	r5, #1
   87698:	2b01      	cmp	r3, #1
   8769a:	d908      	bls.n	876ae <_fwalk_reent+0x32>
   8769c:	f9b4 300e 	ldrsh.w	r3, [r4, #14]
   876a0:	3301      	adds	r3, #1
   876a2:	d004      	beq.n	876ae <_fwalk_reent+0x32>
   876a4:	4621      	mov	r1, r4
   876a6:	4638      	mov	r0, r7
   876a8:	47c0      	blx	r8
   876aa:	ea49 0900 	orr.w	r9, r9, r0
   876ae:	1c6b      	adds	r3, r5, #1
   876b0:	f104 0468 	add.w	r4, r4, #104	; 0x68
   876b4:	d1ee      	bne.n	87694 <_fwalk_reent+0x18>
   876b6:	6836      	ldr	r6, [r6, #0]
   876b8:	2e00      	cmp	r6, #0
   876ba:	d1e7      	bne.n	8768c <_fwalk_reent+0x10>
   876bc:	4648      	mov	r0, r9
   876be:	e8bd 83f8 	ldmia.w	sp!, {r3, r4, r5, r6, r7, r8, r9, pc}
   876c2:	bf00      	nop

000876c4 <_setlocale_r>:
   876c4:	b142      	cbz	r2, 876d8 <_setlocale_r+0x14>
   876c6:	b510      	push	{r4, lr}
   876c8:	4610      	mov	r0, r2
   876ca:	490b      	ldr	r1, [pc, #44]	; (876f8 <_setlocale_r+0x34>)
   876cc:	4614      	mov	r4, r2
   876ce:	f001 fc03 	bl	88ed8 <strcmp>
   876d2:	b918      	cbnz	r0, 876dc <_setlocale_r+0x18>
   876d4:	4809      	ldr	r0, [pc, #36]	; (876fc <_setlocale_r+0x38>)
   876d6:	bd10      	pop	{r4, pc}
   876d8:	4808      	ldr	r0, [pc, #32]	; (876fc <_setlocale_r+0x38>)
   876da:	4770      	bx	lr
   876dc:	4620      	mov	r0, r4
   876de:	4907      	ldr	r1, [pc, #28]	; (876fc <_setlocale_r+0x38>)
   876e0:	f001 fbfa 	bl	88ed8 <strcmp>
   876e4:	2800      	cmp	r0, #0
   876e6:	d0f5      	beq.n	876d4 <_setlocale_r+0x10>
   876e8:	4620      	mov	r0, r4
   876ea:	4905      	ldr	r1, [pc, #20]	; (87700 <_setlocale_r+0x3c>)
   876ec:	f001 fbf4 	bl	88ed8 <strcmp>
   876f0:	2800      	cmp	r0, #0
   876f2:	d0ef      	beq.n	876d4 <_setlocale_r+0x10>
   876f4:	2000      	movs	r0, #0
   876f6:	bd10      	pop	{r4, pc}
   876f8:	0008b0ac 	.word	0x0008b0ac
   876fc:	0008b0a8 	.word	0x0008b0a8
   87700:	0008af8c 	.word	0x0008af8c

00087704 <__locale_mb_cur_max>:
   87704:	4b01      	ldr	r3, [pc, #4]	; (8770c <__locale_mb_cur_max+0x8>)
   87706:	f893 0128 	ldrb.w	r0, [r3, #296]	; 0x128
   8770a:	4770      	bx	lr
   8770c:	200007e0 	.word	0x200007e0

00087710 <setlocale>:
   87710:	b141      	cbz	r1, 87724 <setlocale+0x14>
   87712:	b510      	push	{r4, lr}
   87714:	4608      	mov	r0, r1
   87716:	460c      	mov	r4, r1
   87718:	490a      	ldr	r1, [pc, #40]	; (87744 <setlocale+0x34>)
   8771a:	f001 fbdd 	bl	88ed8 <strcmp>
   8771e:	b918      	cbnz	r0, 87728 <setlocale+0x18>
   87720:	4809      	ldr	r0, [pc, #36]	; (87748 <setlocale+0x38>)
   87722:	bd10      	pop	{r4, pc}
   87724:	4808      	ldr	r0, [pc, #32]	; (87748 <setlocale+0x38>)
   87726:	4770      	bx	lr
   87728:	4620      	mov	r0, r4
   8772a:	4907      	ldr	r1, [pc, #28]	; (87748 <setlocale+0x38>)
   8772c:	f001 fbd4 	bl	88ed8 <strcmp>
   87730:	2800      	cmp	r0, #0
   87732:	d0f5      	beq.n	87720 <setlocale+0x10>
   87734:	4620      	mov	r0, r4
   87736:	4905      	ldr	r1, [pc, #20]	; (8774c <setlocale+0x3c>)
   87738:	f001 fbce 	bl	88ed8 <strcmp>
   8773c:	2800      	cmp	r0, #0
   8773e:	d0ef      	beq.n	87720 <setlocale+0x10>
   87740:	2000      	movs	r0, #0
   87742:	bd10      	pop	{r4, pc}
   87744:	0008b0ac 	.word	0x0008b0ac
   87748:	0008b0a8 	.word	0x0008b0a8
   8774c:	0008af8c 	.word	0x0008af8c

00087750 <__localeconv_l>:
   87750:	30f0      	adds	r0, #240	; 0xf0
   87752:	4770      	bx	lr

00087754 <_localeconv_r>:
   87754:	4800      	ldr	r0, [pc, #0]	; (87758 <_localeconv_r+0x4>)
   87756:	4770      	bx	lr
   87758:	200008d0 	.word	0x200008d0

0008775c <localeconv>:
   8775c:	4800      	ldr	r0, [pc, #0]	; (87760 <localeconv+0x4>)
   8775e:	4770      	bx	lr
   87760:	200008d0 	.word	0x200008d0

00087764 <__smakebuf_r>:
   87764:	e92d 41f0 	stmdb	sp!, {r4, r5, r6, r7, r8, lr}
   87768:	898b      	ldrh	r3, [r1, #12]
   8776a:	460c      	mov	r4, r1
   8776c:	0799      	lsls	r1, r3, #30
   8776e:	b096      	sub	sp, #88	; 0x58
   87770:	d508      	bpl.n	87784 <__smakebuf_r+0x20>
   87772:	2201      	movs	r2, #1
   87774:	f104 0343 	add.w	r3, r4, #67	; 0x43
   87778:	e9c4 3204 	strd	r3, r2, [r4, #16]
   8777c:	6023      	str	r3, [r4, #0]
   8777e:	b016      	add	sp, #88	; 0x58
   87780:	e8bd 81f0 	ldmia.w	sp!, {r4, r5, r6, r7, r8, pc}
   87784:	f9b4 100e 	ldrsh.w	r1, [r4, #14]
   87788:	4606      	mov	r6, r0
   8778a:	2900      	cmp	r1, #0
   8778c:	db27      	blt.n	877de <__smakebuf_r+0x7a>
   8778e:	466a      	mov	r2, sp
   87790:	f002 fc06 	bl	89fa0 <_fstat_r>
   87794:	2800      	cmp	r0, #0
   87796:	db21      	blt.n	877dc <__smakebuf_r+0x78>
   87798:	9d01      	ldr	r5, [sp, #4]
   8779a:	f44f 6880 	mov.w	r8, #1024	; 0x400
   8779e:	f405 4570 	and.w	r5, r5, #61440	; 0xf000
   877a2:	f5a5 5500 	sub.w	r5, r5, #8192	; 0x2000
   877a6:	fab5 f585 	clz	r5, r5
   877aa:	f44f 6700 	mov.w	r7, #2048	; 0x800
   877ae:	096d      	lsrs	r5, r5, #5
   877b0:	4641      	mov	r1, r8
   877b2:	4630      	mov	r0, r6
   877b4:	f000 f886 	bl	878c4 <_malloc_r>
   877b8:	f9b4 300c 	ldrsh.w	r3, [r4, #12]
   877bc:	b1f0      	cbz	r0, 877fc <__smakebuf_r+0x98>
   877be:	4a20      	ldr	r2, [pc, #128]	; (87840 <__smakebuf_r+0xdc>)
   877c0:	f043 0380 	orr.w	r3, r3, #128	; 0x80
   877c4:	63f2      	str	r2, [r6, #60]	; 0x3c
   877c6:	f8c4 8014 	str.w	r8, [r4, #20]
   877ca:	81a3      	strh	r3, [r4, #12]
   877cc:	6020      	str	r0, [r4, #0]
   877ce:	6120      	str	r0, [r4, #16]
   877d0:	bb35      	cbnz	r5, 87820 <__smakebuf_r+0xbc>
   877d2:	433b      	orrs	r3, r7
   877d4:	81a3      	strh	r3, [r4, #12]
   877d6:	b016      	add	sp, #88	; 0x58
   877d8:	e8bd 81f0 	ldmia.w	sp!, {r4, r5, r6, r7, r8, pc}
   877dc:	89a3      	ldrh	r3, [r4, #12]
   877de:	f013 0580 	ands.w	r5, r3, #128	; 0x80
   877e2:	d019      	beq.n	87818 <__smakebuf_r+0xb4>
   877e4:	f04f 0840 	mov.w	r8, #64	; 0x40
   877e8:	4630      	mov	r0, r6
   877ea:	4641      	mov	r1, r8
   877ec:	2500      	movs	r5, #0
   877ee:	f000 f869 	bl	878c4 <_malloc_r>
   877f2:	462f      	mov	r7, r5
   877f4:	f9b4 300c 	ldrsh.w	r3, [r4, #12]
   877f8:	2800      	cmp	r0, #0
   877fa:	d1e0      	bne.n	877be <__smakebuf_r+0x5a>
   877fc:	059a      	lsls	r2, r3, #22
   877fe:	d4be      	bmi.n	8777e <__smakebuf_r+0x1a>
   87800:	2101      	movs	r1, #1
   87802:	f023 0303 	bic.w	r3, r3, #3
   87806:	f104 0243 	add.w	r2, r4, #67	; 0x43
   8780a:	f043 0302 	orr.w	r3, r3, #2
   8780e:	e9c4 2104 	strd	r2, r1, [r4, #16]
   87812:	81a3      	strh	r3, [r4, #12]
   87814:	6022      	str	r2, [r4, #0]
   87816:	e7b2      	b.n	8777e <__smakebuf_r+0x1a>
   87818:	f44f 6880 	mov.w	r8, #1024	; 0x400
   8781c:	462f      	mov	r7, r5
   8781e:	e7c7      	b.n	877b0 <__smakebuf_r+0x4c>
   87820:	4630      	mov	r0, r6
   87822:	f9b4 100e 	ldrsh.w	r1, [r4, #14]
   87826:	f002 fbcf 	bl	89fc8 <_isatty_r>
   8782a:	b910      	cbnz	r0, 87832 <__smakebuf_r+0xce>
   8782c:	f9b4 300c 	ldrsh.w	r3, [r4, #12]
   87830:	e7cf      	b.n	877d2 <__smakebuf_r+0x6e>
   87832:	89a3      	ldrh	r3, [r4, #12]
   87834:	f023 0303 	bic.w	r3, r3, #3
   87838:	f043 0301 	orr.w	r3, r3, #1
   8783c:	b21b      	sxth	r3, r3
   8783e:	e7c8      	b.n	877d2 <__smakebuf_r+0x6e>
   87840:	00086d99 	.word	0x00086d99

00087844 <__swhatbuf_r>:
   87844:	b570      	push	{r4, r5, r6, lr}
   87846:	460c      	mov	r4, r1
   87848:	f9b1 100e 	ldrsh.w	r1, [r1, #14]
   8784c:	4615      	mov	r5, r2
   8784e:	2900      	cmp	r1, #0
   87850:	461e      	mov	r6, r3
   87852:	b096      	sub	sp, #88	; 0x58
   87854:	db14      	blt.n	87880 <__swhatbuf_r+0x3c>
   87856:	466a      	mov	r2, sp
   87858:	f002 fba2 	bl	89fa0 <_fstat_r>
   8785c:	2800      	cmp	r0, #0
   8785e:	db0f      	blt.n	87880 <__swhatbuf_r+0x3c>
   87860:	9a01      	ldr	r2, [sp, #4]
   87862:	f44f 6380 	mov.w	r3, #1024	; 0x400
   87866:	f402 4270 	and.w	r2, r2, #61440	; 0xf000
   8786a:	f5a2 5200 	sub.w	r2, r2, #8192	; 0x2000
   8786e:	fab2 f282 	clz	r2, r2
   87872:	f44f 6000 	mov.w	r0, #2048	; 0x800
   87876:	0952      	lsrs	r2, r2, #5
   87878:	6032      	str	r2, [r6, #0]
   8787a:	602b      	str	r3, [r5, #0]
   8787c:	b016      	add	sp, #88	; 0x58
   8787e:	bd70      	pop	{r4, r5, r6, pc}
   87880:	2300      	movs	r3, #0
   87882:	f9b4 100c 	ldrsh.w	r1, [r4, #12]
   87886:	6033      	str	r3, [r6, #0]
   87888:	f011 0080 	ands.w	r0, r1, #128	; 0x80
   8788c:	d004      	beq.n	87898 <__swhatbuf_r+0x54>
   8788e:	2240      	movs	r2, #64	; 0x40
   87890:	4618      	mov	r0, r3
   87892:	602a      	str	r2, [r5, #0]
   87894:	b016      	add	sp, #88	; 0x58
   87896:	bd70      	pop	{r4, r5, r6, pc}
   87898:	f44f 6380 	mov.w	r3, #1024	; 0x400
   8789c:	602b      	str	r3, [r5, #0]
   8789e:	b016      	add	sp, #88	; 0x58
   878a0:	bd70      	pop	{r4, r5, r6, pc}
   878a2:	bf00      	nop

000878a4 <malloc>:
   878a4:	4b02      	ldr	r3, [pc, #8]	; (878b0 <malloc+0xc>)
   878a6:	4601      	mov	r1, r0
   878a8:	6818      	ldr	r0, [r3, #0]
   878aa:	f000 b80b 	b.w	878c4 <_malloc_r>
   878ae:	bf00      	nop
   878b0:	200003b0 	.word	0x200003b0

000878b4 <free>:
   878b4:	4b02      	ldr	r3, [pc, #8]	; (878c0 <free+0xc>)
   878b6:	4601      	mov	r1, r0
   878b8:	6818      	ldr	r0, [r3, #0]
   878ba:	f7ff bc47 	b.w	8714c <_free_r>
   878be:	bf00      	nop
   878c0:	200003b0 	.word	0x200003b0

000878c4 <_malloc_r>:
   878c4:	e92d 4ff0 	stmdb	sp!, {r4, r5, r6, r7, r8, r9, sl, fp, lr}
   878c8:	f101 050b 	add.w	r5, r1, #11
   878cc:	2d16      	cmp	r5, #22
   878ce:	4606      	mov	r6, r0
   878d0:	b083      	sub	sp, #12
   878d2:	d825      	bhi.n	87920 <_malloc_r+0x5c>
   878d4:	2910      	cmp	r1, #16
   878d6:	f200 80b8 	bhi.w	87a4a <_malloc_r+0x186>
   878da:	f000 fb7d 	bl	87fd8 <__malloc_lock>
   878de:	2510      	movs	r5, #16
   878e0:	2218      	movs	r2, #24
   878e2:	f04f 0c02 	mov.w	ip, #2
   878e6:	4fb7      	ldr	r7, [pc, #732]	; (87bc4 <_malloc_r+0x300>)
   878e8:	443a      	add	r2, r7
   878ea:	6853      	ldr	r3, [r2, #4]
   878ec:	f1a2 0108 	sub.w	r1, r2, #8
   878f0:	428b      	cmp	r3, r1
   878f2:	f000 80b7 	beq.w	87a64 <_malloc_r+0x1a0>
   878f6:	685a      	ldr	r2, [r3, #4]
   878f8:	68d9      	ldr	r1, [r3, #12]
   878fa:	f022 0203 	bic.w	r2, r2, #3
   878fe:	441a      	add	r2, r3
   87900:	689c      	ldr	r4, [r3, #8]
   87902:	4630      	mov	r0, r6
   87904:	60e1      	str	r1, [r4, #12]
   87906:	608c      	str	r4, [r1, #8]
   87908:	6851      	ldr	r1, [r2, #4]
   8790a:	f103 0408 	add.w	r4, r3, #8
   8790e:	f041 0101 	orr.w	r1, r1, #1
   87912:	6051      	str	r1, [r2, #4]
   87914:	f000 fb62 	bl	87fdc <__malloc_unlock>
   87918:	4620      	mov	r0, r4
   8791a:	b003      	add	sp, #12
   8791c:	e8bd 8ff0 	ldmia.w	sp!, {r4, r5, r6, r7, r8, r9, sl, fp, pc}
   87920:	f035 0507 	bics.w	r5, r5, #7
   87924:	f100 8091 	bmi.w	87a4a <_malloc_r+0x186>
   87928:	42a9      	cmp	r1, r5
   8792a:	f200 808e 	bhi.w	87a4a <_malloc_r+0x186>
   8792e:	f000 fb53 	bl	87fd8 <__malloc_lock>
   87932:	f5b5 7ffc 	cmp.w	r5, #504	; 0x1f8
   87936:	f0c0 8190 	bcc.w	87c5a <_malloc_r+0x396>
   8793a:	0a6b      	lsrs	r3, r5, #9
   8793c:	f000 808c 	beq.w	87a58 <_malloc_r+0x194>
   87940:	2b04      	cmp	r3, #4
   87942:	f200 8166 	bhi.w	87c12 <_malloc_r+0x34e>
   87946:	09ab      	lsrs	r3, r5, #6
   87948:	f103 0c39 	add.w	ip, r3, #57	; 0x39
   8794c:	f103 0438 	add.w	r4, r3, #56	; 0x38
   87950:	ea4f 00cc 	mov.w	r0, ip, lsl #3
   87954:	4f9b      	ldr	r7, [pc, #620]	; (87bc4 <_malloc_r+0x300>)
   87956:	4438      	add	r0, r7
   87958:	6843      	ldr	r3, [r0, #4]
   8795a:	3808      	subs	r0, #8
   8795c:	4298      	cmp	r0, r3
   8795e:	d106      	bne.n	8796e <_malloc_r+0xaa>
   87960:	e00c      	b.n	8797c <_malloc_r+0xb8>
   87962:	2900      	cmp	r1, #0
   87964:	f280 812b 	bge.w	87bbe <_malloc_r+0x2fa>
   87968:	68db      	ldr	r3, [r3, #12]
   8796a:	4298      	cmp	r0, r3
   8796c:	d006      	beq.n	8797c <_malloc_r+0xb8>
   8796e:	685a      	ldr	r2, [r3, #4]
   87970:	f022 0203 	bic.w	r2, r2, #3
   87974:	1b51      	subs	r1, r2, r5
   87976:	290f      	cmp	r1, #15
   87978:	ddf3      	ble.n	87962 <_malloc_r+0x9e>
   8797a:	46a4      	mov	ip, r4
   8797c:	693c      	ldr	r4, [r7, #16]
   8797e:	f8df e248 	ldr.w	lr, [pc, #584]	; 87bc8 <_malloc_r+0x304>
   87982:	4574      	cmp	r4, lr
   87984:	d07a      	beq.n	87a7c <_malloc_r+0x1b8>
   87986:	6862      	ldr	r2, [r4, #4]
   87988:	f022 0203 	bic.w	r2, r2, #3
   8798c:	1b53      	subs	r3, r2, r5
   8798e:	2b0f      	cmp	r3, #15
   87990:	f300 8172 	bgt.w	87c78 <_malloc_r+0x3b4>
   87994:	2b00      	cmp	r3, #0
   87996:	e9c7 ee04 	strd	lr, lr, [r7, #16]
   8799a:	f280 8163 	bge.w	87c64 <_malloc_r+0x3a0>
   8799e:	f5b2 7f00 	cmp.w	r2, #512	; 0x200
   879a2:	f080 8115 	bcs.w	87bd0 <_malloc_r+0x30c>
   879a6:	2101      	movs	r1, #1
   879a8:	08d3      	lsrs	r3, r2, #3
   879aa:	0952      	lsrs	r2, r2, #5
   879ac:	440b      	add	r3, r1
   879ae:	4091      	lsls	r1, r2
   879b0:	687a      	ldr	r2, [r7, #4]
   879b2:	f857 0033 	ldr.w	r0, [r7, r3, lsl #3]
   879b6:	430a      	orrs	r2, r1
   879b8:	eb07 01c3 	add.w	r1, r7, r3, lsl #3
   879bc:	3908      	subs	r1, #8
   879be:	60a0      	str	r0, [r4, #8]
   879c0:	60e1      	str	r1, [r4, #12]
   879c2:	607a      	str	r2, [r7, #4]
   879c4:	f847 4033 	str.w	r4, [r7, r3, lsl #3]
   879c8:	60c4      	str	r4, [r0, #12]
   879ca:	2101      	movs	r1, #1
   879cc:	ea4f 03ac 	mov.w	r3, ip, asr #2
   879d0:	4099      	lsls	r1, r3
   879d2:	4291      	cmp	r1, r2
   879d4:	d859      	bhi.n	87a8a <_malloc_r+0x1c6>
   879d6:	4211      	tst	r1, r2
   879d8:	d106      	bne.n	879e8 <_malloc_r+0x124>
   879da:	f02c 0c03 	bic.w	ip, ip, #3
   879de:	0049      	lsls	r1, r1, #1
   879e0:	4211      	tst	r1, r2
   879e2:	f10c 0c04 	add.w	ip, ip, #4
   879e6:	d0fa      	beq.n	879de <_malloc_r+0x11a>
   879e8:	eb07 09cc 	add.w	r9, r7, ip, lsl #3
   879ec:	4648      	mov	r0, r9
   879ee:	4664      	mov	r4, ip
   879f0:	f8d0 800c 	ldr.w	r8, [r0, #12]
   879f4:	4540      	cmp	r0, r8
   879f6:	d108      	bne.n	87a0a <_malloc_r+0x146>
   879f8:	e118      	b.n	87c2c <_malloc_r+0x368>
   879fa:	2b00      	cmp	r3, #0
   879fc:	f280 811d 	bge.w	87c3a <_malloc_r+0x376>
   87a00:	f8d8 800c 	ldr.w	r8, [r8, #12]
   87a04:	4540      	cmp	r0, r8
   87a06:	f000 8111 	beq.w	87c2c <_malloc_r+0x368>
   87a0a:	f8d8 2004 	ldr.w	r2, [r8, #4]
   87a0e:	f022 0203 	bic.w	r2, r2, #3
   87a12:	1b53      	subs	r3, r2, r5
   87a14:	2b0f      	cmp	r3, #15
   87a16:	ddf0      	ble.n	879fa <_malloc_r+0x136>
   87a18:	eb08 0105 	add.w	r1, r8, r5
   87a1c:	f045 0501 	orr.w	r5, r5, #1
   87a20:	f8c8 5004 	str.w	r5, [r8, #4]
   87a24:	4630      	mov	r0, r6
   87a26:	e9d8 6402 	ldrd	r6, r4, [r8, #8]
   87a2a:	60f4      	str	r4, [r6, #12]
   87a2c:	60a6      	str	r6, [r4, #8]
   87a2e:	f043 0401 	orr.w	r4, r3, #1
   87a32:	e9c7 1104 	strd	r1, r1, [r7, #16]
   87a36:	604c      	str	r4, [r1, #4]
   87a38:	e9c1 ee02 	strd	lr, lr, [r1, #8]
   87a3c:	f848 3002 	str.w	r3, [r8, r2]
   87a40:	f000 facc 	bl	87fdc <__malloc_unlock>
   87a44:	f108 0408 	add.w	r4, r8, #8
   87a48:	e002      	b.n	87a50 <_malloc_r+0x18c>
   87a4a:	230c      	movs	r3, #12
   87a4c:	2400      	movs	r4, #0
   87a4e:	6033      	str	r3, [r6, #0]
   87a50:	4620      	mov	r0, r4
   87a52:	b003      	add	sp, #12
   87a54:	e8bd 8ff0 	ldmia.w	sp!, {r4, r5, r6, r7, r8, r9, sl, fp, pc}
   87a58:	f44f 7000 	mov.w	r0, #512	; 0x200
   87a5c:	f04f 0c40 	mov.w	ip, #64	; 0x40
   87a60:	243f      	movs	r4, #63	; 0x3f
   87a62:	e777      	b.n	87954 <_malloc_r+0x90>
   87a64:	68d3      	ldr	r3, [r2, #12]
   87a66:	429a      	cmp	r2, r3
   87a68:	bf08      	it	eq
   87a6a:	f10c 0c02 	addeq.w	ip, ip, #2
   87a6e:	f47f af42 	bne.w	878f6 <_malloc_r+0x32>
   87a72:	693c      	ldr	r4, [r7, #16]
   87a74:	f8df e150 	ldr.w	lr, [pc, #336]	; 87bc8 <_malloc_r+0x304>
   87a78:	4574      	cmp	r4, lr
   87a7a:	d184      	bne.n	87986 <_malloc_r+0xc2>
   87a7c:	2101      	movs	r1, #1
   87a7e:	687a      	ldr	r2, [r7, #4]
   87a80:	ea4f 03ac 	mov.w	r3, ip, asr #2
   87a84:	4099      	lsls	r1, r3
   87a86:	4291      	cmp	r1, r2
   87a88:	d9a5      	bls.n	879d6 <_malloc_r+0x112>
   87a8a:	68bc      	ldr	r4, [r7, #8]
   87a8c:	6863      	ldr	r3, [r4, #4]
   87a8e:	f023 0803 	bic.w	r8, r3, #3
   87a92:	4545      	cmp	r5, r8
   87a94:	d803      	bhi.n	87a9e <_malloc_r+0x1da>
   87a96:	eba8 0305 	sub.w	r3, r8, r5
   87a9a:	2b0f      	cmp	r3, #15
   87a9c:	dc7f      	bgt.n	87b9e <_malloc_r+0x2da>
   87a9e:	f8df 912c 	ldr.w	r9, [pc, #300]	; 87bcc <_malloc_r+0x308>
   87aa2:	f8d7 2408 	ldr.w	r2, [r7, #1032]	; 0x408
   87aa6:	f8d9 3000 	ldr.w	r3, [r9]
   87aaa:	3201      	adds	r2, #1
   87aac:	442b      	add	r3, r5
   87aae:	eb04 0a08 	add.w	sl, r4, r8
   87ab2:	f000 812b 	beq.w	87d0c <_malloc_r+0x448>
   87ab6:	f503 5380 	add.w	r3, r3, #4096	; 0x1000
   87aba:	330f      	adds	r3, #15
   87abc:	f423 6b7f 	bic.w	fp, r3, #4080	; 0xff0
   87ac0:	f02b 0b0f 	bic.w	fp, fp, #15
   87ac4:	4659      	mov	r1, fp
   87ac6:	4630      	mov	r0, r6
   87ac8:	f001 f9ac 	bl	88e24 <_sbrk_r>
   87acc:	1c41      	adds	r1, r0, #1
   87ace:	4602      	mov	r2, r0
   87ad0:	f000 80eb 	beq.w	87caa <_malloc_r+0x3e6>
   87ad4:	4582      	cmp	sl, r0
   87ad6:	f200 80e6 	bhi.w	87ca6 <_malloc_r+0x3e2>
   87ada:	f8d9 1004 	ldr.w	r1, [r9, #4]
   87ade:	4459      	add	r1, fp
   87ae0:	460b      	mov	r3, r1
   87ae2:	f8c9 1004 	str.w	r1, [r9, #4]
   87ae6:	f000 8146 	beq.w	87d76 <_malloc_r+0x4b2>
   87aea:	f8d7 1408 	ldr.w	r1, [r7, #1032]	; 0x408
   87aee:	3101      	adds	r1, #1
   87af0:	bf1b      	ittet	ne
   87af2:	eba2 0a0a 	subne.w	sl, r2, sl
   87af6:	4453      	addne	r3, sl
   87af8:	f8c7 2408 	streq.w	r2, [r7, #1032]	; 0x408
   87afc:	f8c9 3004 	strne.w	r3, [r9, #4]
   87b00:	f012 0307 	ands.w	r3, r2, #7
   87b04:	f000 810c 	beq.w	87d20 <_malloc_r+0x45c>
   87b08:	f1c3 0108 	rsb	r1, r3, #8
   87b0c:	440a      	add	r2, r1
   87b0e:	f5c3 5180 	rsb	r1, r3, #4096	; 0x1000
   87b12:	4493      	add	fp, r2
   87b14:	3108      	adds	r1, #8
   87b16:	eba1 010b 	sub.w	r1, r1, fp
   87b1a:	f3c1 0a0b 	ubfx	sl, r1, #0, #12
   87b1e:	4651      	mov	r1, sl
   87b20:	4630      	mov	r0, r6
   87b22:	9201      	str	r2, [sp, #4]
   87b24:	9300      	str	r3, [sp, #0]
   87b26:	f001 f97d 	bl	88e24 <_sbrk_r>
   87b2a:	1c42      	adds	r2, r0, #1
   87b2c:	e9dd 3200 	ldrd	r3, r2, [sp]
   87b30:	f000 8147 	beq.w	87dc2 <_malloc_r+0x4fe>
   87b34:	1a83      	subs	r3, r0, r2
   87b36:	eb03 0b0a 	add.w	fp, r3, sl
   87b3a:	f8d9 0004 	ldr.w	r0, [r9, #4]
   87b3e:	f04b 0301 	orr.w	r3, fp, #1
   87b42:	eb0a 0100 	add.w	r1, sl, r0
   87b46:	42bc      	cmp	r4, r7
   87b48:	60ba      	str	r2, [r7, #8]
   87b4a:	f8c9 1004 	str.w	r1, [r9, #4]
   87b4e:	6053      	str	r3, [r2, #4]
   87b50:	f000 811d 	beq.w	87d8e <_malloc_r+0x4ca>
   87b54:	f1b8 0f0f 	cmp.w	r8, #15
   87b58:	f240 811b 	bls.w	87d92 <_malloc_r+0x4ce>
   87b5c:	f04f 0c05 	mov.w	ip, #5
   87b60:	6863      	ldr	r3, [r4, #4]
   87b62:	f1a8 000c 	sub.w	r0, r8, #12
   87b66:	f020 0007 	bic.w	r0, r0, #7
   87b6a:	f003 0301 	and.w	r3, r3, #1
   87b6e:	4303      	orrs	r3, r0
   87b70:	6063      	str	r3, [r4, #4]
   87b72:	280f      	cmp	r0, #15
   87b74:	eb04 0300 	add.w	r3, r4, r0
   87b78:	e9c3 cc01 	strd	ip, ip, [r3, #4]
   87b7c:	f200 8128 	bhi.w	87dd0 <_malloc_r+0x50c>
   87b80:	4614      	mov	r4, r2
   87b82:	6853      	ldr	r3, [r2, #4]
   87b84:	f8d9 202c 	ldr.w	r2, [r9, #44]	; 0x2c
   87b88:	428a      	cmp	r2, r1
   87b8a:	f8d9 2030 	ldr.w	r2, [r9, #48]	; 0x30
   87b8e:	bf38      	it	cc
   87b90:	f8c9 102c 	strcc.w	r1, [r9, #44]	; 0x2c
   87b94:	428a      	cmp	r2, r1
   87b96:	bf38      	it	cc
   87b98:	f8c9 1030 	strcc.w	r1, [r9, #48]	; 0x30
   87b9c:	e087      	b.n	87cae <_malloc_r+0x3ea>
   87b9e:	1962      	adds	r2, r4, r5
   87ba0:	f043 0301 	orr.w	r3, r3, #1
   87ba4:	f045 0501 	orr.w	r5, r5, #1
   87ba8:	6065      	str	r5, [r4, #4]
   87baa:	4630      	mov	r0, r6
   87bac:	60ba      	str	r2, [r7, #8]
   87bae:	3408      	adds	r4, #8
   87bb0:	6053      	str	r3, [r2, #4]
   87bb2:	f000 fa13 	bl	87fdc <__malloc_unlock>
   87bb6:	4620      	mov	r0, r4
   87bb8:	b003      	add	sp, #12
   87bba:	e8bd 8ff0 	ldmia.w	sp!, {r4, r5, r6, r7, r8, r9, sl, fp, pc}
   87bbe:	68d9      	ldr	r1, [r3, #12]
   87bc0:	441a      	add	r2, r3
   87bc2:	e69d      	b.n	87900 <_malloc_r+0x3c>
   87bc4:	2000094c 	.word	0x2000094c
   87bc8:	20000954 	.word	0x20000954
   87bcc:	200036d0 	.word	0x200036d0
   87bd0:	f5b2 6f20 	cmp.w	r2, #2560	; 0xa00
   87bd4:	ea4f 2352 	mov.w	r3, r2, lsr #9
   87bd8:	d35f      	bcc.n	87c9a <_malloc_r+0x3d6>
   87bda:	2b14      	cmp	r3, #20
   87bdc:	f200 80b2 	bhi.w	87d44 <_malloc_r+0x480>
   87be0:	f103 015c 	add.w	r1, r3, #92	; 0x5c
   87be4:	00c9      	lsls	r1, r1, #3
   87be6:	335b      	adds	r3, #91	; 0x5b
   87be8:	1878      	adds	r0, r7, r1
   87bea:	5879      	ldr	r1, [r7, r1]
   87bec:	3808      	subs	r0, #8
   87bee:	4288      	cmp	r0, r1
   87bf0:	f000 808f 	beq.w	87d12 <_malloc_r+0x44e>
   87bf4:	684b      	ldr	r3, [r1, #4]
   87bf6:	f023 0303 	bic.w	r3, r3, #3
   87bfa:	4293      	cmp	r3, r2
   87bfc:	d902      	bls.n	87c04 <_malloc_r+0x340>
   87bfe:	6889      	ldr	r1, [r1, #8]
   87c00:	4288      	cmp	r0, r1
   87c02:	d1f7      	bne.n	87bf4 <_malloc_r+0x330>
   87c04:	68c8      	ldr	r0, [r1, #12]
   87c06:	687a      	ldr	r2, [r7, #4]
   87c08:	e9c4 1002 	strd	r1, r0, [r4, #8]
   87c0c:	6084      	str	r4, [r0, #8]
   87c0e:	60cc      	str	r4, [r1, #12]
   87c10:	e6db      	b.n	879ca <_malloc_r+0x106>
   87c12:	2b14      	cmp	r3, #20
   87c14:	d959      	bls.n	87cca <_malloc_r+0x406>
   87c16:	2b54      	cmp	r3, #84	; 0x54
   87c18:	f200 809c 	bhi.w	87d54 <_malloc_r+0x490>
   87c1c:	0b2b      	lsrs	r3, r5, #12
   87c1e:	f103 0c6f 	add.w	ip, r3, #111	; 0x6f
   87c22:	f103 046e 	add.w	r4, r3, #110	; 0x6e
   87c26:	ea4f 00cc 	mov.w	r0, ip, lsl #3
   87c2a:	e693      	b.n	87954 <_malloc_r+0x90>
   87c2c:	3401      	adds	r4, #1
   87c2e:	07a3      	lsls	r3, r4, #30
   87c30:	f100 0008 	add.w	r0, r0, #8
   87c34:	f47f aedc 	bne.w	879f0 <_malloc_r+0x12c>
   87c38:	e053      	b.n	87ce2 <_malloc_r+0x41e>
   87c3a:	4644      	mov	r4, r8
   87c3c:	4442      	add	r2, r8
   87c3e:	6853      	ldr	r3, [r2, #4]
   87c40:	f8d8 100c 	ldr.w	r1, [r8, #12]
   87c44:	f043 0301 	orr.w	r3, r3, #1
   87c48:	6053      	str	r3, [r2, #4]
   87c4a:	f854 3f08 	ldr.w	r3, [r4, #8]!
   87c4e:	4630      	mov	r0, r6
   87c50:	60d9      	str	r1, [r3, #12]
   87c52:	608b      	str	r3, [r1, #8]
   87c54:	f000 f9c2 	bl	87fdc <__malloc_unlock>
   87c58:	e6fa      	b.n	87a50 <_malloc_r+0x18c>
   87c5a:	ea4f 0cd5 	mov.w	ip, r5, lsr #3
   87c5e:	f105 0208 	add.w	r2, r5, #8
   87c62:	e640      	b.n	878e6 <_malloc_r+0x22>
   87c64:	4422      	add	r2, r4
   87c66:	6853      	ldr	r3, [r2, #4]
   87c68:	4630      	mov	r0, r6
   87c6a:	f043 0301 	orr.w	r3, r3, #1
   87c6e:	6053      	str	r3, [r2, #4]
   87c70:	f000 f9b4 	bl	87fdc <__malloc_unlock>
   87c74:	3408      	adds	r4, #8
   87c76:	e6eb      	b.n	87a50 <_malloc_r+0x18c>
   87c78:	1961      	adds	r1, r4, r5
   87c7a:	f045 0501 	orr.w	r5, r5, #1
   87c7e:	6065      	str	r5, [r4, #4]
   87c80:	f043 0501 	orr.w	r5, r3, #1
   87c84:	e9c7 1104 	strd	r1, r1, [r7, #16]
   87c88:	4630      	mov	r0, r6
   87c8a:	e9c1 ee02 	strd	lr, lr, [r1, #8]
   87c8e:	604d      	str	r5, [r1, #4]
   87c90:	50a3      	str	r3, [r4, r2]
   87c92:	f000 f9a3 	bl	87fdc <__malloc_unlock>
   87c96:	3408      	adds	r4, #8
   87c98:	e6da      	b.n	87a50 <_malloc_r+0x18c>
   87c9a:	0993      	lsrs	r3, r2, #6
   87c9c:	f103 0139 	add.w	r1, r3, #57	; 0x39
   87ca0:	00c9      	lsls	r1, r1, #3
   87ca2:	3338      	adds	r3, #56	; 0x38
   87ca4:	e7a0      	b.n	87be8 <_malloc_r+0x324>
   87ca6:	42bc      	cmp	r4, r7
   87ca8:	d05f      	beq.n	87d6a <_malloc_r+0x4a6>
   87caa:	68bc      	ldr	r4, [r7, #8]
   87cac:	6863      	ldr	r3, [r4, #4]
   87cae:	f023 0b03 	bic.w	fp, r3, #3
   87cb2:	455d      	cmp	r5, fp
   87cb4:	ebab 0305 	sub.w	r3, fp, r5
   87cb8:	d802      	bhi.n	87cc0 <_malloc_r+0x3fc>
   87cba:	2b0f      	cmp	r3, #15
   87cbc:	f73f af6f 	bgt.w	87b9e <_malloc_r+0x2da>
   87cc0:	4630      	mov	r0, r6
   87cc2:	f000 f98b 	bl	87fdc <__malloc_unlock>
   87cc6:	2400      	movs	r4, #0
   87cc8:	e6c2      	b.n	87a50 <_malloc_r+0x18c>
   87cca:	f103 0c5c 	add.w	ip, r3, #92	; 0x5c
   87cce:	f103 045b 	add.w	r4, r3, #91	; 0x5b
   87cd2:	ea4f 00cc 	mov.w	r0, ip, lsl #3
   87cd6:	e63d      	b.n	87954 <_malloc_r+0x90>
   87cd8:	f859 3908 	ldr.w	r3, [r9], #-8
   87cdc:	454b      	cmp	r3, r9
   87cde:	f040 8095 	bne.w	87e0c <_malloc_r+0x548>
   87ce2:	f01c 0f03 	tst.w	ip, #3
   87ce6:	f10c 3cff 	add.w	ip, ip, #4294967295	; 0xffffffff
   87cea:	d1f5      	bne.n	87cd8 <_malloc_r+0x414>
   87cec:	687b      	ldr	r3, [r7, #4]
   87cee:	ea23 0301 	bic.w	r3, r3, r1
   87cf2:	607b      	str	r3, [r7, #4]
   87cf4:	0049      	lsls	r1, r1, #1
   87cf6:	4299      	cmp	r1, r3
   87cf8:	f63f aec7 	bhi.w	87a8a <_malloc_r+0x1c6>
   87cfc:	b911      	cbnz	r1, 87d04 <_malloc_r+0x440>
   87cfe:	e6c4      	b.n	87a8a <_malloc_r+0x1c6>
   87d00:	0049      	lsls	r1, r1, #1
   87d02:	3404      	adds	r4, #4
   87d04:	4219      	tst	r1, r3
   87d06:	d0fb      	beq.n	87d00 <_malloc_r+0x43c>
   87d08:	46a4      	mov	ip, r4
   87d0a:	e66d      	b.n	879e8 <_malloc_r+0x124>
   87d0c:	f103 0b10 	add.w	fp, r3, #16
   87d10:	e6d8      	b.n	87ac4 <_malloc_r+0x200>
   87d12:	2201      	movs	r2, #1
   87d14:	109b      	asrs	r3, r3, #2
   87d16:	409a      	lsls	r2, r3
   87d18:	687b      	ldr	r3, [r7, #4]
   87d1a:	431a      	orrs	r2, r3
   87d1c:	607a      	str	r2, [r7, #4]
   87d1e:	e773      	b.n	87c08 <_malloc_r+0x344>
   87d20:	eb02 010b 	add.w	r1, r2, fp
   87d24:	4249      	negs	r1, r1
   87d26:	f3c1 0a0b 	ubfx	sl, r1, #0, #12
   87d2a:	4651      	mov	r1, sl
   87d2c:	4630      	mov	r0, r6
   87d2e:	9301      	str	r3, [sp, #4]
   87d30:	9200      	str	r2, [sp, #0]
   87d32:	f001 f877 	bl	88e24 <_sbrk_r>
   87d36:	1c43      	adds	r3, r0, #1
   87d38:	e9dd 2300 	ldrd	r2, r3, [sp]
   87d3c:	f47f aefa 	bne.w	87b34 <_malloc_r+0x270>
   87d40:	469a      	mov	sl, r3
   87d42:	e6fa      	b.n	87b3a <_malloc_r+0x276>
   87d44:	2b54      	cmp	r3, #84	; 0x54
   87d46:	d827      	bhi.n	87d98 <_malloc_r+0x4d4>
   87d48:	0b13      	lsrs	r3, r2, #12
   87d4a:	f103 016f 	add.w	r1, r3, #111	; 0x6f
   87d4e:	00c9      	lsls	r1, r1, #3
   87d50:	336e      	adds	r3, #110	; 0x6e
   87d52:	e749      	b.n	87be8 <_malloc_r+0x324>
   87d54:	f5b3 7faa 	cmp.w	r3, #340	; 0x154
   87d58:	d827      	bhi.n	87daa <_malloc_r+0x4e6>
   87d5a:	0beb      	lsrs	r3, r5, #15
   87d5c:	f103 0c78 	add.w	ip, r3, #120	; 0x78
   87d60:	f103 0477 	add.w	r4, r3, #119	; 0x77
   87d64:	ea4f 00cc 	mov.w	r0, ip, lsl #3
   87d68:	e5f4      	b.n	87954 <_malloc_r+0x90>
   87d6a:	f8d9 3004 	ldr.w	r3, [r9, #4]
   87d6e:	445b      	add	r3, fp
   87d70:	f8c9 3004 	str.w	r3, [r9, #4]
   87d74:	e6b9      	b.n	87aea <_malloc_r+0x226>
   87d76:	f3ca 000b 	ubfx	r0, sl, #0, #12
   87d7a:	2800      	cmp	r0, #0
   87d7c:	f47f aeb5 	bne.w	87aea <_malloc_r+0x226>
   87d80:	68bc      	ldr	r4, [r7, #8]
   87d82:	eb08 030b 	add.w	r3, r8, fp
   87d86:	f043 0301 	orr.w	r3, r3, #1
   87d8a:	6063      	str	r3, [r4, #4]
   87d8c:	e6fa      	b.n	87b84 <_malloc_r+0x2c0>
   87d8e:	4614      	mov	r4, r2
   87d90:	e6f8      	b.n	87b84 <_malloc_r+0x2c0>
   87d92:	2301      	movs	r3, #1
   87d94:	6053      	str	r3, [r2, #4]
   87d96:	e793      	b.n	87cc0 <_malloc_r+0x3fc>
   87d98:	f5b3 7faa 	cmp.w	r3, #340	; 0x154
   87d9c:	d822      	bhi.n	87de4 <_malloc_r+0x520>
   87d9e:	0bd3      	lsrs	r3, r2, #15
   87da0:	f103 0178 	add.w	r1, r3, #120	; 0x78
   87da4:	00c9      	lsls	r1, r1, #3
   87da6:	3377      	adds	r3, #119	; 0x77
   87da8:	e71e      	b.n	87be8 <_malloc_r+0x324>
   87daa:	f240 5254 	movw	r2, #1364	; 0x554
   87dae:	4293      	cmp	r3, r2
   87db0:	d822      	bhi.n	87df8 <_malloc_r+0x534>
   87db2:	0cab      	lsrs	r3, r5, #18
   87db4:	f103 0c7d 	add.w	ip, r3, #125	; 0x7d
   87db8:	f103 047c 	add.w	r4, r3, #124	; 0x7c
   87dbc:	ea4f 00cc 	mov.w	r0, ip, lsl #3
   87dc0:	e5c8      	b.n	87954 <_malloc_r+0x90>
   87dc2:	3b08      	subs	r3, #8
   87dc4:	449b      	add	fp, r3
   87dc6:	f04f 0a00 	mov.w	sl, #0
   87dca:	ebab 0b02 	sub.w	fp, fp, r2
   87dce:	e6b4      	b.n	87b3a <_malloc_r+0x276>
   87dd0:	f104 0108 	add.w	r1, r4, #8
   87dd4:	4630      	mov	r0, r6
   87dd6:	f7ff f9b9 	bl	8714c <_free_r>
   87dda:	68bc      	ldr	r4, [r7, #8]
   87ddc:	f8d9 1004 	ldr.w	r1, [r9, #4]
   87de0:	6863      	ldr	r3, [r4, #4]
   87de2:	e6cf      	b.n	87b84 <_malloc_r+0x2c0>
   87de4:	f240 5154 	movw	r1, #1364	; 0x554
   87de8:	428b      	cmp	r3, r1
   87dea:	d80b      	bhi.n	87e04 <_malloc_r+0x540>
   87dec:	0c93      	lsrs	r3, r2, #18
   87dee:	f103 017d 	add.w	r1, r3, #125	; 0x7d
   87df2:	00c9      	lsls	r1, r1, #3
   87df4:	337c      	adds	r3, #124	; 0x7c
   87df6:	e6f7      	b.n	87be8 <_malloc_r+0x324>
   87df8:	f44f 707e 	mov.w	r0, #1016	; 0x3f8
   87dfc:	f04f 0c7f 	mov.w	ip, #127	; 0x7f
   87e00:	247e      	movs	r4, #126	; 0x7e
   87e02:	e5a7      	b.n	87954 <_malloc_r+0x90>
   87e04:	f44f 717e 	mov.w	r1, #1016	; 0x3f8
   87e08:	237e      	movs	r3, #126	; 0x7e
   87e0a:	e6ed      	b.n	87be8 <_malloc_r+0x324>
   87e0c:	687b      	ldr	r3, [r7, #4]
   87e0e:	e771      	b.n	87cf4 <_malloc_r+0x430>

00087e10 <_mbtowc_r>:
   87e10:	b410      	push	{r4}
   87e12:	4c03      	ldr	r4, [pc, #12]	; (87e20 <_mbtowc_r+0x10>)
   87e14:	f8d4 40e4 	ldr.w	r4, [r4, #228]	; 0xe4
   87e18:	46a4      	mov	ip, r4
   87e1a:	bc10      	pop	{r4}
   87e1c:	4760      	bx	ip
   87e1e:	bf00      	nop
   87e20:	200007e0 	.word	0x200007e0

00087e24 <__ascii_mbtowc>:
   87e24:	b082      	sub	sp, #8
   87e26:	b149      	cbz	r1, 87e3c <__ascii_mbtowc+0x18>
   87e28:	b15a      	cbz	r2, 87e42 <__ascii_mbtowc+0x1e>
   87e2a:	b16b      	cbz	r3, 87e48 <__ascii_mbtowc+0x24>
   87e2c:	7813      	ldrb	r3, [r2, #0]
   87e2e:	600b      	str	r3, [r1, #0]
   87e30:	7812      	ldrb	r2, [r2, #0]
   87e32:	1e10      	subs	r0, r2, #0
   87e34:	bf18      	it	ne
   87e36:	2001      	movne	r0, #1
   87e38:	b002      	add	sp, #8
   87e3a:	4770      	bx	lr
   87e3c:	a901      	add	r1, sp, #4
   87e3e:	2a00      	cmp	r2, #0
   87e40:	d1f3      	bne.n	87e2a <__ascii_mbtowc+0x6>
   87e42:	4610      	mov	r0, r2
   87e44:	b002      	add	sp, #8
   87e46:	4770      	bx	lr
   87e48:	f06f 0001 	mvn.w	r0, #1
   87e4c:	e7f4      	b.n	87e38 <__ascii_mbtowc+0x14>
   87e4e:	bf00      	nop

00087e50 <memchr>:
   87e50:	fa5f fc81 	uxtb.w	ip, r1
   87e54:	0781      	lsls	r1, r0, #30
   87e56:	d010      	beq.n	87e7a <memchr+0x2a>
   87e58:	4603      	mov	r3, r0
   87e5a:	1e51      	subs	r1, r2, #1
   87e5c:	b92a      	cbnz	r2, 87e6a <memchr+0x1a>
   87e5e:	e00a      	b.n	87e76 <memchr+0x26>
   87e60:	079a      	lsls	r2, r3, #30
   87e62:	4618      	mov	r0, r3
   87e64:	d00a      	beq.n	87e7c <memchr+0x2c>
   87e66:	3901      	subs	r1, #1
   87e68:	d305      	bcc.n	87e76 <memchr+0x26>
   87e6a:	4618      	mov	r0, r3
   87e6c:	f813 2b01 	ldrb.w	r2, [r3], #1
   87e70:	4562      	cmp	r2, ip
   87e72:	d1f5      	bne.n	87e60 <memchr+0x10>
   87e74:	4770      	bx	lr
   87e76:	2000      	movs	r0, #0
   87e78:	4770      	bx	lr
   87e7a:	4611      	mov	r1, r2
   87e7c:	2903      	cmp	r1, #3
   87e7e:	d80c      	bhi.n	87e9a <memchr+0x4a>
   87e80:	2900      	cmp	r1, #0
   87e82:	d0f8      	beq.n	87e76 <memchr+0x26>
   87e84:	4603      	mov	r3, r0
   87e86:	4401      	add	r1, r0
   87e88:	e001      	b.n	87e8e <memchr+0x3e>
   87e8a:	428b      	cmp	r3, r1
   87e8c:	d0f3      	beq.n	87e76 <memchr+0x26>
   87e8e:	4618      	mov	r0, r3
   87e90:	f813 2b01 	ldrb.w	r2, [r3], #1
   87e94:	4562      	cmp	r2, ip
   87e96:	d1f8      	bne.n	87e8a <memchr+0x3a>
   87e98:	e7ec      	b.n	87e74 <memchr+0x24>
   87e9a:	4602      	mov	r2, r0
   87e9c:	b510      	push	{r4, lr}
   87e9e:	ea4c 240c 	orr.w	r4, ip, ip, lsl #8
   87ea2:	ea44 4404 	orr.w	r4, r4, r4, lsl #16
   87ea6:	4610      	mov	r0, r2
   87ea8:	6803      	ldr	r3, [r0, #0]
   87eaa:	3204      	adds	r2, #4
   87eac:	4063      	eors	r3, r4
   87eae:	f1a3 3e01 	sub.w	lr, r3, #16843009	; 0x1010101
   87eb2:	ea2e 0303 	bic.w	r3, lr, r3
   87eb6:	f013 3f80 	tst.w	r3, #2155905152	; 0x80808080
   87eba:	d104      	bne.n	87ec6 <memchr+0x76>
   87ebc:	3904      	subs	r1, #4
   87ebe:	2903      	cmp	r1, #3
   87ec0:	4610      	mov	r0, r2
   87ec2:	d8f0      	bhi.n	87ea6 <memchr+0x56>
   87ec4:	b151      	cbz	r1, 87edc <memchr+0x8c>
   87ec6:	4603      	mov	r3, r0
   87ec8:	4401      	add	r1, r0
   87eca:	e001      	b.n	87ed0 <memchr+0x80>
   87ecc:	428b      	cmp	r3, r1
   87ece:	d005      	beq.n	87edc <memchr+0x8c>
   87ed0:	4618      	mov	r0, r3
   87ed2:	f813 2b01 	ldrb.w	r2, [r3], #1
   87ed6:	4562      	cmp	r2, ip
   87ed8:	d1f8      	bne.n	87ecc <memchr+0x7c>
   87eda:	bd10      	pop	{r4, pc}
   87edc:	2000      	movs	r0, #0
   87ede:	bd10      	pop	{r4, pc}

00087ee0 <memmove>:
   87ee0:	4288      	cmp	r0, r1
   87ee2:	d90d      	bls.n	87f00 <memmove+0x20>
   87ee4:	188b      	adds	r3, r1, r2
   87ee6:	4283      	cmp	r3, r0
   87ee8:	d90a      	bls.n	87f00 <memmove+0x20>
   87eea:	eb00 0c02 	add.w	ip, r0, r2
   87eee:	b1ba      	cbz	r2, 87f20 <memmove+0x40>
   87ef0:	4662      	mov	r2, ip
   87ef2:	f813 cd01 	ldrb.w	ip, [r3, #-1]!
   87ef6:	4299      	cmp	r1, r3
   87ef8:	f802 cd01 	strb.w	ip, [r2, #-1]!
   87efc:	d1f9      	bne.n	87ef2 <memmove+0x12>
   87efe:	4770      	bx	lr
   87f00:	2a0f      	cmp	r2, #15
   87f02:	d80e      	bhi.n	87f22 <memmove+0x42>
   87f04:	4603      	mov	r3, r0
   87f06:	f102 3cff 	add.w	ip, r2, #4294967295	; 0xffffffff
   87f0a:	b14a      	cbz	r2, 87f20 <memmove+0x40>
   87f0c:	f10c 0c01 	add.w	ip, ip, #1
   87f10:	3b01      	subs	r3, #1
   87f12:	448c      	add	ip, r1
   87f14:	f811 2b01 	ldrb.w	r2, [r1], #1
   87f18:	4561      	cmp	r1, ip
   87f1a:	f803 2f01 	strb.w	r2, [r3, #1]!
   87f1e:	d1f9      	bne.n	87f14 <memmove+0x34>
   87f20:	4770      	bx	lr
   87f22:	ea40 0301 	orr.w	r3, r0, r1
   87f26:	079b      	lsls	r3, r3, #30
   87f28:	d14f      	bne.n	87fca <memmove+0xea>
   87f2a:	f1a2 0310 	sub.w	r3, r2, #16
   87f2e:	b570      	push	{r4, r5, r6, lr}
   87f30:	f101 0c20 	add.w	ip, r1, #32
   87f34:	f023 050f 	bic.w	r5, r3, #15
   87f38:	f101 0e10 	add.w	lr, r1, #16
   87f3c:	f100 0410 	add.w	r4, r0, #16
   87f40:	44ac      	add	ip, r5
   87f42:	091b      	lsrs	r3, r3, #4
   87f44:	f85e 5c10 	ldr.w	r5, [lr, #-16]
   87f48:	f10e 0e10 	add.w	lr, lr, #16
   87f4c:	f844 5c10 	str.w	r5, [r4, #-16]
   87f50:	f85e 5c1c 	ldr.w	r5, [lr, #-28]
   87f54:	3410      	adds	r4, #16
   87f56:	f844 5c1c 	str.w	r5, [r4, #-28]
   87f5a:	f85e 5c18 	ldr.w	r5, [lr, #-24]
   87f5e:	f844 5c18 	str.w	r5, [r4, #-24]
   87f62:	f85e 5c14 	ldr.w	r5, [lr, #-20]
   87f66:	45e6      	cmp	lr, ip
   87f68:	f844 5c14 	str.w	r5, [r4, #-20]
   87f6c:	d1ea      	bne.n	87f44 <memmove+0x64>
   87f6e:	3301      	adds	r3, #1
   87f70:	f012 0f0c 	tst.w	r2, #12
   87f74:	eb01 1103 	add.w	r1, r1, r3, lsl #4
   87f78:	f002 040f 	and.w	r4, r2, #15
   87f7c:	eb00 1303 	add.w	r3, r0, r3, lsl #4
   87f80:	d027      	beq.n	87fd2 <memmove+0xf2>
   87f82:	468e      	mov	lr, r1
   87f84:	3c04      	subs	r4, #4
   87f86:	f024 0603 	bic.w	r6, r4, #3
   87f8a:	ea4f 0c94 	mov.w	ip, r4, lsr #2
   87f8e:	441e      	add	r6, r3
   87f90:	1f1c      	subs	r4, r3, #4
   87f92:	f85e 5b04 	ldr.w	r5, [lr], #4
   87f96:	f844 5f04 	str.w	r5, [r4, #4]!
   87f9a:	42b4      	cmp	r4, r6
   87f9c:	d1f9      	bne.n	87f92 <memmove+0xb2>
   87f9e:	f10c 0401 	add.w	r4, ip, #1
   87fa2:	f002 0203 	and.w	r2, r2, #3
   87fa6:	eb03 0384 	add.w	r3, r3, r4, lsl #2
   87faa:	eb01 0184 	add.w	r1, r1, r4, lsl #2
   87fae:	f102 3cff 	add.w	ip, r2, #4294967295	; 0xffffffff
   87fb2:	b14a      	cbz	r2, 87fc8 <memmove+0xe8>
   87fb4:	f10c 0c01 	add.w	ip, ip, #1
   87fb8:	3b01      	subs	r3, #1
   87fba:	448c      	add	ip, r1
   87fbc:	f811 2b01 	ldrb.w	r2, [r1], #1
   87fc0:	4561      	cmp	r1, ip
   87fc2:	f803 2f01 	strb.w	r2, [r3, #1]!
   87fc6:	d1f9      	bne.n	87fbc <memmove+0xdc>
   87fc8:	bd70      	pop	{r4, r5, r6, pc}
   87fca:	4603      	mov	r3, r0
   87fcc:	f102 3cff 	add.w	ip, r2, #4294967295	; 0xffffffff
   87fd0:	e79c      	b.n	87f0c <memmove+0x2c>
   87fd2:	4622      	mov	r2, r4
   87fd4:	e7eb      	b.n	87fae <memmove+0xce>
   87fd6:	bf00      	nop

00087fd8 <__malloc_lock>:
   87fd8:	4770      	bx	lr
   87fda:	bf00      	nop

00087fdc <__malloc_unlock>:
   87fdc:	4770      	bx	lr
   87fde:	bf00      	nop

00087fe0 <_Balloc>:
   87fe0:	b538      	push	{r3, r4, r5, lr}
   87fe2:	6cc3      	ldr	r3, [r0, #76]	; 0x4c
   87fe4:	4605      	mov	r5, r0
   87fe6:	460c      	mov	r4, r1
   87fe8:	b14b      	cbz	r3, 87ffe <_Balloc+0x1e>
   87fea:	f853 0024 	ldr.w	r0, [r3, r4, lsl #2]
   87fee:	b180      	cbz	r0, 88012 <_Balloc+0x32>
   87ff0:	6802      	ldr	r2, [r0, #0]
   87ff2:	f843 2024 	str.w	r2, [r3, r4, lsl #2]
   87ff6:	2300      	movs	r3, #0
   87ff8:	e9c0 3303 	strd	r3, r3, [r0, #12]
   87ffc:	bd38      	pop	{r3, r4, r5, pc}
   87ffe:	2221      	movs	r2, #33	; 0x21
   88000:	2104      	movs	r1, #4
   88002:	f001 feff 	bl	89e04 <_calloc_r>
   88006:	4603      	mov	r3, r0
   88008:	64e8      	str	r0, [r5, #76]	; 0x4c
   8800a:	2800      	cmp	r0, #0
   8800c:	d1ed      	bne.n	87fea <_Balloc+0xa>
   8800e:	2000      	movs	r0, #0
   88010:	bd38      	pop	{r3, r4, r5, pc}
   88012:	2101      	movs	r1, #1
   88014:	4628      	mov	r0, r5
   88016:	fa01 f504 	lsl.w	r5, r1, r4
   8801a:	1d6a      	adds	r2, r5, #5
   8801c:	0092      	lsls	r2, r2, #2
   8801e:	f001 fef1 	bl	89e04 <_calloc_r>
   88022:	2800      	cmp	r0, #0
   88024:	d0f3      	beq.n	8800e <_Balloc+0x2e>
   88026:	e9c0 4501 	strd	r4, r5, [r0, #4]
   8802a:	e7e4      	b.n	87ff6 <_Balloc+0x16>

0008802c <_Bfree>:
   8802c:	b131      	cbz	r1, 8803c <_Bfree+0x10>
   8802e:	6cc3      	ldr	r3, [r0, #76]	; 0x4c
   88030:	684a      	ldr	r2, [r1, #4]
   88032:	f853 0022 	ldr.w	r0, [r3, r2, lsl #2]
   88036:	6008      	str	r0, [r1, #0]
   88038:	f843 1022 	str.w	r1, [r3, r2, lsl #2]
   8803c:	4770      	bx	lr
   8803e:	bf00      	nop

00088040 <__multadd>:
   88040:	e92d 41f0 	stmdb	sp!, {r4, r5, r6, r7, r8, lr}
   88044:	f04f 0e00 	mov.w	lr, #0
   88048:	460e      	mov	r6, r1
   8804a:	461c      	mov	r4, r3
   8804c:	690d      	ldr	r5, [r1, #16]
   8804e:	4607      	mov	r7, r0
   88050:	f101 0014 	add.w	r0, r1, #20
   88054:	6801      	ldr	r1, [r0, #0]
   88056:	f10e 0e01 	add.w	lr, lr, #1
   8805a:	b28b      	uxth	r3, r1
   8805c:	fb02 4303 	mla	r3, r2, r3, r4
   88060:	0c09      	lsrs	r1, r1, #16
   88062:	ea4f 4c13 	mov.w	ip, r3, lsr #16
   88066:	fb02 cc01 	mla	ip, r2, r1, ip
   8806a:	b29b      	uxth	r3, r3
   8806c:	eb03 430c 	add.w	r3, r3, ip, lsl #16
   88070:	4575      	cmp	r5, lr
   88072:	f840 3b04 	str.w	r3, [r0], #4
   88076:	ea4f 441c 	mov.w	r4, ip, lsr #16
   8807a:	dceb      	bgt.n	88054 <__multadd+0x14>
   8807c:	b13c      	cbz	r4, 8808e <__multadd+0x4e>
   8807e:	68b3      	ldr	r3, [r6, #8]
   88080:	42ab      	cmp	r3, r5
   88082:	dd07      	ble.n	88094 <__multadd+0x54>
   88084:	eb06 0385 	add.w	r3, r6, r5, lsl #2
   88088:	3501      	adds	r5, #1
   8808a:	615c      	str	r4, [r3, #20]
   8808c:	6135      	str	r5, [r6, #16]
   8808e:	4630      	mov	r0, r6
   88090:	e8bd 81f0 	ldmia.w	sp!, {r4, r5, r6, r7, r8, pc}
   88094:	6871      	ldr	r1, [r6, #4]
   88096:	4638      	mov	r0, r7
   88098:	3101      	adds	r1, #1
   8809a:	f7ff ffa1 	bl	87fe0 <_Balloc>
   8809e:	4680      	mov	r8, r0
   880a0:	b1a8      	cbz	r0, 880ce <__multadd+0x8e>
   880a2:	6932      	ldr	r2, [r6, #16]
   880a4:	f106 010c 	add.w	r1, r6, #12
   880a8:	3202      	adds	r2, #2
   880aa:	0092      	lsls	r2, r2, #2
   880ac:	300c      	adds	r0, #12
   880ae:	f7fb f9e5 	bl	8347c <memcpy>
   880b2:	6cfb      	ldr	r3, [r7, #76]	; 0x4c
   880b4:	6872      	ldr	r2, [r6, #4]
   880b6:	f853 1022 	ldr.w	r1, [r3, r2, lsl #2]
   880ba:	6031      	str	r1, [r6, #0]
   880bc:	f843 6022 	str.w	r6, [r3, r2, lsl #2]
   880c0:	4646      	mov	r6, r8
   880c2:	eb06 0385 	add.w	r3, r6, r5, lsl #2
   880c6:	3501      	adds	r5, #1
   880c8:	615c      	str	r4, [r3, #20]
   880ca:	6135      	str	r5, [r6, #16]
   880cc:	e7df      	b.n	8808e <__multadd+0x4e>
   880ce:	4602      	mov	r2, r0
   880d0:	21b5      	movs	r1, #181	; 0xb5
   880d2:	4b02      	ldr	r3, [pc, #8]	; (880dc <__multadd+0x9c>)
   880d4:	4802      	ldr	r0, [pc, #8]	; (880e0 <__multadd+0xa0>)
   880d6:	f001 fe6f 	bl	89db8 <__assert_func>
   880da:	bf00      	nop
   880dc:	0008b060 	.word	0x0008b060
   880e0:	0008b0b8 	.word	0x0008b0b8

000880e4 <__s2b>:
   880e4:	e92d 43f8 	stmdb	sp!, {r3, r4, r5, r6, r7, r8, r9, lr}
   880e8:	461e      	mov	r6, r3
   880ea:	f8df c0a0 	ldr.w	ip, [pc, #160]	; 8818c <__s2b+0xa8>
   880ee:	4617      	mov	r7, r2
   880f0:	f103 0208 	add.w	r2, r3, #8
   880f4:	fb8c 3c02 	smull	r3, ip, ip, r2
   880f8:	2e09      	cmp	r6, #9
   880fa:	ea4f 73e2 	mov.w	r3, r2, asr #31
   880fe:	4605      	mov	r5, r0
   88100:	460c      	mov	r4, r1
   88102:	ebc3 036c 	rsb	r3, r3, ip, asr #1
   88106:	dd39      	ble.n	8817c <__s2b+0x98>
   88108:	f04f 0c01 	mov.w	ip, #1
   8810c:	2100      	movs	r1, #0
   8810e:	ea4f 0c4c 	mov.w	ip, ip, lsl #1
   88112:	4563      	cmp	r3, ip
   88114:	f101 0101 	add.w	r1, r1, #1
   88118:	dcf9      	bgt.n	8810e <__s2b+0x2a>
   8811a:	4628      	mov	r0, r5
   8811c:	f7ff ff60 	bl	87fe0 <_Balloc>
   88120:	4601      	mov	r1, r0
   88122:	b368      	cbz	r0, 88180 <__s2b+0x9c>
   88124:	9b08      	ldr	r3, [sp, #32]
   88126:	2f09      	cmp	r7, #9
   88128:	6143      	str	r3, [r0, #20]
   8812a:	f04f 0301 	mov.w	r3, #1
   8812e:	6103      	str	r3, [r0, #16]
   88130:	dc12      	bgt.n	88158 <__s2b+0x74>
   88132:	2709      	movs	r7, #9
   88134:	340a      	adds	r4, #10
   88136:	42be      	cmp	r6, r7
   88138:	dd0b      	ble.n	88152 <__s2b+0x6e>
   8813a:	1bf6      	subs	r6, r6, r7
   8813c:	4426      	add	r6, r4
   8813e:	f814 3b01 	ldrb.w	r3, [r4], #1
   88142:	220a      	movs	r2, #10
   88144:	4628      	mov	r0, r5
   88146:	3b30      	subs	r3, #48	; 0x30
   88148:	f7ff ff7a 	bl	88040 <__multadd>
   8814c:	42a6      	cmp	r6, r4
   8814e:	4601      	mov	r1, r0
   88150:	d1f5      	bne.n	8813e <__s2b+0x5a>
   88152:	4608      	mov	r0, r1
   88154:	e8bd 83f8 	ldmia.w	sp!, {r3, r4, r5, r6, r7, r8, r9, pc}
   88158:	f104 0909 	add.w	r9, r4, #9
   8815c:	46c8      	mov	r8, r9
   8815e:	443c      	add	r4, r7
   88160:	f818 3b01 	ldrb.w	r3, [r8], #1
   88164:	220a      	movs	r2, #10
   88166:	4628      	mov	r0, r5
   88168:	3b30      	subs	r3, #48	; 0x30
   8816a:	f7ff ff69 	bl	88040 <__multadd>
   8816e:	45a0      	cmp	r8, r4
   88170:	4601      	mov	r1, r0
   88172:	d1f5      	bne.n	88160 <__s2b+0x7c>
   88174:	f1a7 0408 	sub.w	r4, r7, #8
   88178:	444c      	add	r4, r9
   8817a:	e7dc      	b.n	88136 <__s2b+0x52>
   8817c:	2100      	movs	r1, #0
   8817e:	e7cc      	b.n	8811a <__s2b+0x36>
   88180:	4602      	mov	r2, r0
   88182:	21ce      	movs	r1, #206	; 0xce
   88184:	4b02      	ldr	r3, [pc, #8]	; (88190 <__s2b+0xac>)
   88186:	4803      	ldr	r0, [pc, #12]	; (88194 <__s2b+0xb0>)
   88188:	f001 fe16 	bl	89db8 <__assert_func>
   8818c:	38e38e39 	.word	0x38e38e39
   88190:	0008b060 	.word	0x0008b060
   88194:	0008b0b8 	.word	0x0008b0b8

00088198 <__hi0bits>:
   88198:	0c02      	lsrs	r2, r0, #16
   8819a:	0412      	lsls	r2, r2, #16
   8819c:	4603      	mov	r3, r0
   8819e:	b9ca      	cbnz	r2, 881d4 <__hi0bits+0x3c>
   881a0:	2010      	movs	r0, #16
   881a2:	4083      	lsls	r3, r0
   881a4:	f013 4f7f 	tst.w	r3, #4278190080	; 0xff000000
   881a8:	bf04      	itt	eq
   881aa:	021b      	lsleq	r3, r3, #8
   881ac:	3008      	addeq	r0, #8
   881ae:	f013 4f70 	tst.w	r3, #4026531840	; 0xf0000000
   881b2:	bf04      	itt	eq
   881b4:	011b      	lsleq	r3, r3, #4
   881b6:	3004      	addeq	r0, #4
   881b8:	f013 4f40 	tst.w	r3, #3221225472	; 0xc0000000
   881bc:	bf04      	itt	eq
   881be:	009b      	lsleq	r3, r3, #2
   881c0:	3002      	addeq	r0, #2
   881c2:	2b00      	cmp	r3, #0
   881c4:	db05      	blt.n	881d2 <__hi0bits+0x3a>
   881c6:	f013 4f80 	tst.w	r3, #1073741824	; 0x40000000
   881ca:	f100 0001 	add.w	r0, r0, #1
   881ce:	bf08      	it	eq
   881d0:	2020      	moveq	r0, #32
   881d2:	4770      	bx	lr
   881d4:	2000      	movs	r0, #0
   881d6:	e7e5      	b.n	881a4 <__hi0bits+0xc>

000881d8 <__lo0bits>:
   881d8:	6803      	ldr	r3, [r0, #0]
   881da:	4602      	mov	r2, r0
   881dc:	f013 0007 	ands.w	r0, r3, #7
   881e0:	d009      	beq.n	881f6 <__lo0bits+0x1e>
   881e2:	07d9      	lsls	r1, r3, #31
   881e4:	d41f      	bmi.n	88226 <__lo0bits+0x4e>
   881e6:	0798      	lsls	r0, r3, #30
   881e8:	bf4b      	itete	mi
   881ea:	085b      	lsrmi	r3, r3, #1
   881ec:	089b      	lsrpl	r3, r3, #2
   881ee:	2001      	movmi	r0, #1
   881f0:	2002      	movpl	r0, #2
   881f2:	6013      	str	r3, [r2, #0]
   881f4:	4770      	bx	lr
   881f6:	b299      	uxth	r1, r3
   881f8:	b909      	cbnz	r1, 881fe <__lo0bits+0x26>
   881fa:	2010      	movs	r0, #16
   881fc:	40c3      	lsrs	r3, r0
   881fe:	b2d9      	uxtb	r1, r3
   88200:	b909      	cbnz	r1, 88206 <__lo0bits+0x2e>
   88202:	3008      	adds	r0, #8
   88204:	0a1b      	lsrs	r3, r3, #8
   88206:	0719      	lsls	r1, r3, #28
   88208:	bf04      	itt	eq
   8820a:	091b      	lsreq	r3, r3, #4
   8820c:	3004      	addeq	r0, #4
   8820e:	0799      	lsls	r1, r3, #30
   88210:	bf04      	itt	eq
   88212:	089b      	lsreq	r3, r3, #2
   88214:	3002      	addeq	r0, #2
   88216:	07d9      	lsls	r1, r3, #31
   88218:	d403      	bmi.n	88222 <__lo0bits+0x4a>
   8821a:	085b      	lsrs	r3, r3, #1
   8821c:	f100 0001 	add.w	r0, r0, #1
   88220:	d003      	beq.n	8822a <__lo0bits+0x52>
   88222:	6013      	str	r3, [r2, #0]
   88224:	4770      	bx	lr
   88226:	2000      	movs	r0, #0
   88228:	4770      	bx	lr
   8822a:	2020      	movs	r0, #32
   8822c:	4770      	bx	lr
   8822e:	bf00      	nop

00088230 <__i2b>:
   88230:	b538      	push	{r3, r4, r5, lr}
   88232:	6cc3      	ldr	r3, [r0, #76]	; 0x4c
   88234:	4604      	mov	r4, r0
   88236:	460d      	mov	r5, r1
   88238:	b14b      	cbz	r3, 8824e <__i2b+0x1e>
   8823a:	6858      	ldr	r0, [r3, #4]
   8823c:	b1b0      	cbz	r0, 8826c <__i2b+0x3c>
   8823e:	6802      	ldr	r2, [r0, #0]
   88240:	605a      	str	r2, [r3, #4]
   88242:	2200      	movs	r2, #0
   88244:	2301      	movs	r3, #1
   88246:	6145      	str	r5, [r0, #20]
   88248:	e9c0 2303 	strd	r2, r3, [r0, #12]
   8824c:	bd38      	pop	{r3, r4, r5, pc}
   8824e:	2221      	movs	r2, #33	; 0x21
   88250:	2104      	movs	r1, #4
   88252:	f001 fdd7 	bl	89e04 <_calloc_r>
   88256:	4603      	mov	r3, r0
   88258:	64e0      	str	r0, [r4, #76]	; 0x4c
   8825a:	2800      	cmp	r0, #0
   8825c:	d1ed      	bne.n	8823a <__i2b+0xa>
   8825e:	2200      	movs	r2, #0
   88260:	f44f 71a0 	mov.w	r1, #320	; 0x140
   88264:	4b07      	ldr	r3, [pc, #28]	; (88284 <__i2b+0x54>)
   88266:	4808      	ldr	r0, [pc, #32]	; (88288 <__i2b+0x58>)
   88268:	f001 fda6 	bl	89db8 <__assert_func>
   8826c:	221c      	movs	r2, #28
   8826e:	2101      	movs	r1, #1
   88270:	4620      	mov	r0, r4
   88272:	f001 fdc7 	bl	89e04 <_calloc_r>
   88276:	2800      	cmp	r0, #0
   88278:	d0f1      	beq.n	8825e <__i2b+0x2e>
   8827a:	2201      	movs	r2, #1
   8827c:	2302      	movs	r3, #2
   8827e:	e9c0 2301 	strd	r2, r3, [r0, #4]
   88282:	e7de      	b.n	88242 <__i2b+0x12>
   88284:	0008b060 	.word	0x0008b060
   88288:	0008b0b8 	.word	0x0008b0b8

0008828c <__multiply>:
   8828c:	e92d 4ff0 	stmdb	sp!, {r4, r5, r6, r7, r8, r9, sl, fp, lr}
   88290:	690e      	ldr	r6, [r1, #16]
   88292:	6915      	ldr	r5, [r2, #16]
   88294:	4688      	mov	r8, r1
   88296:	42ae      	cmp	r6, r5
   88298:	4614      	mov	r4, r2
   8829a:	b085      	sub	sp, #20
   8829c:	db05      	blt.n	882aa <__multiply+0x1e>
   8829e:	462a      	mov	r2, r5
   882a0:	4623      	mov	r3, r4
   882a2:	4635      	mov	r5, r6
   882a4:	460c      	mov	r4, r1
   882a6:	4616      	mov	r6, r2
   882a8:	4698      	mov	r8, r3
   882aa:	68a3      	ldr	r3, [r4, #8]
   882ac:	6861      	ldr	r1, [r4, #4]
   882ae:	19af      	adds	r7, r5, r6
   882b0:	42bb      	cmp	r3, r7
   882b2:	bfb8      	it	lt
   882b4:	3101      	addlt	r1, #1
   882b6:	f7ff fe93 	bl	87fe0 <_Balloc>
   882ba:	9001      	str	r0, [sp, #4]
   882bc:	2800      	cmp	r0, #0
   882be:	f000 8087 	beq.w	883d0 <__multiply+0x144>
   882c2:	9b01      	ldr	r3, [sp, #4]
   882c4:	f103 0914 	add.w	r9, r3, #20
   882c8:	eb09 0a87 	add.w	sl, r9, r7, lsl #2
   882cc:	45d1      	cmp	r9, sl
   882ce:	d205      	bcs.n	882dc <__multiply+0x50>
   882d0:	464b      	mov	r3, r9
   882d2:	2200      	movs	r2, #0
   882d4:	f843 2b04 	str.w	r2, [r3], #4
   882d8:	459a      	cmp	sl, r3
   882da:	d8fb      	bhi.n	882d4 <__multiply+0x48>
   882dc:	f108 0814 	add.w	r8, r8, #20
   882e0:	eb08 0b86 	add.w	fp, r8, r6, lsl #2
   882e4:	f104 0314 	add.w	r3, r4, #20
   882e8:	45d8      	cmp	r8, fp
   882ea:	461a      	mov	r2, r3
   882ec:	eb03 0585 	add.w	r5, r3, r5, lsl #2
   882f0:	d25f      	bcs.n	883b2 <__multiply+0x126>
   882f2:	1b2b      	subs	r3, r5, r4
   882f4:	3b15      	subs	r3, #21
   882f6:	f023 0303 	bic.w	r3, r3, #3
   882fa:	3304      	adds	r3, #4
   882fc:	3415      	adds	r4, #21
   882fe:	42a5      	cmp	r5, r4
   88300:	bf38      	it	cc
   88302:	2304      	movcc	r3, #4
   88304:	e9cd a702 	strd	sl, r7, [sp, #8]
   88308:	46ac      	mov	ip, r5
   8830a:	461f      	mov	r7, r3
   8830c:	4692      	mov	sl, r2
   8830e:	e005      	b.n	8831c <__multiply+0x90>
   88310:	0c00      	lsrs	r0, r0, #16
   88312:	d129      	bne.n	88368 <__multiply+0xdc>
   88314:	45c3      	cmp	fp, r8
   88316:	f109 0904 	add.w	r9, r9, #4
   8831a:	d948      	bls.n	883ae <__multiply+0x122>
   8831c:	f858 0b04 	ldr.w	r0, [r8], #4
   88320:	b285      	uxth	r5, r0
   88322:	2d00      	cmp	r5, #0
   88324:	d0f4      	beq.n	88310 <__multiply+0x84>
   88326:	4656      	mov	r6, sl
   88328:	464c      	mov	r4, r9
   8832a:	2300      	movs	r3, #0
   8832c:	f856 0b04 	ldr.w	r0, [r6], #4
   88330:	6821      	ldr	r1, [r4, #0]
   88332:	b282      	uxth	r2, r0
   88334:	fa1f fe81 	uxth.w	lr, r1
   88338:	fb05 ee02 	mla	lr, r5, r2, lr
   8833c:	0c00      	lsrs	r0, r0, #16
   8833e:	0c0a      	lsrs	r2, r1, #16
   88340:	fb05 2200 	mla	r2, r5, r0, r2
   88344:	4473      	add	r3, lr
   88346:	eb02 4213 	add.w	r2, r2, r3, lsr #16
   8834a:	b29b      	uxth	r3, r3
   8834c:	ea43 4302 	orr.w	r3, r3, r2, lsl #16
   88350:	45b4      	cmp	ip, r6
   88352:	f844 3b04 	str.w	r3, [r4], #4
   88356:	ea4f 4312 	mov.w	r3, r2, lsr #16
   8835a:	d8e7      	bhi.n	8832c <__multiply+0xa0>
   8835c:	f849 3007 	str.w	r3, [r9, r7]
   88360:	f858 0c04 	ldr.w	r0, [r8, #-4]
   88364:	0c00      	lsrs	r0, r0, #16
   88366:	d0d5      	beq.n	88314 <__multiply+0x88>
   88368:	f8d9 3000 	ldr.w	r3, [r9]
   8836c:	4654      	mov	r4, sl
   8836e:	4619      	mov	r1, r3
   88370:	464d      	mov	r5, r9
   88372:	2200      	movs	r2, #0
   88374:	8826      	ldrh	r6, [r4, #0]
   88376:	0c09      	lsrs	r1, r1, #16
   88378:	fb00 1106 	mla	r1, r0, r6, r1
   8837c:	b29b      	uxth	r3, r3
   8837e:	440a      	add	r2, r1
   88380:	ea43 4302 	orr.w	r3, r3, r2, lsl #16
   88384:	f845 3b04 	str.w	r3, [r5], #4
   88388:	f854 6b04 	ldr.w	r6, [r4], #4
   8838c:	6829      	ldr	r1, [r5, #0]
   8838e:	0c36      	lsrs	r6, r6, #16
   88390:	b28b      	uxth	r3, r1
   88392:	fb00 3306 	mla	r3, r0, r6, r3
   88396:	45a4      	cmp	ip, r4
   88398:	eb03 4312 	add.w	r3, r3, r2, lsr #16
   8839c:	ea4f 4213 	mov.w	r2, r3, lsr #16
   883a0:	d8e8      	bhi.n	88374 <__multiply+0xe8>
   883a2:	45c3      	cmp	fp, r8
   883a4:	f849 3007 	str.w	r3, [r9, r7]
   883a8:	f109 0904 	add.w	r9, r9, #4
   883ac:	d8b6      	bhi.n	8831c <__multiply+0x90>
   883ae:	e9dd a702 	ldrd	sl, r7, [sp, #8]
   883b2:	2f00      	cmp	r7, #0
   883b4:	dc02      	bgt.n	883bc <__multiply+0x130>
   883b6:	e005      	b.n	883c4 <__multiply+0x138>
   883b8:	3f01      	subs	r7, #1
   883ba:	d003      	beq.n	883c4 <__multiply+0x138>
   883bc:	f85a 3d04 	ldr.w	r3, [sl, #-4]!
   883c0:	2b00      	cmp	r3, #0
   883c2:	d0f9      	beq.n	883b8 <__multiply+0x12c>
   883c4:	9b01      	ldr	r3, [sp, #4]
   883c6:	4618      	mov	r0, r3
   883c8:	611f      	str	r7, [r3, #16]
   883ca:	b005      	add	sp, #20
   883cc:	e8bd 8ff0 	ldmia.w	sp!, {r4, r5, r6, r7, r8, r9, sl, fp, pc}
   883d0:	4602      	mov	r2, r0
   883d2:	f240 115d 	movw	r1, #349	; 0x15d
   883d6:	4b02      	ldr	r3, [pc, #8]	; (883e0 <__multiply+0x154>)
   883d8:	4802      	ldr	r0, [pc, #8]	; (883e4 <__multiply+0x158>)
   883da:	f001 fced 	bl	89db8 <__assert_func>
   883de:	bf00      	nop
   883e0:	0008b060 	.word	0x0008b060
   883e4:	0008b0b8 	.word	0x0008b0b8

000883e8 <__pow5mult>:
   883e8:	f012 0303 	ands.w	r3, r2, #3
   883ec:	e92d 41f0 	stmdb	sp!, {r4, r5, r6, r7, r8, lr}
   883f0:	4614      	mov	r4, r2
   883f2:	4607      	mov	r7, r0
   883f4:	d12e      	bne.n	88454 <__pow5mult+0x6c>
   883f6:	460e      	mov	r6, r1
   883f8:	10a4      	asrs	r4, r4, #2
   883fa:	d01c      	beq.n	88436 <__pow5mult+0x4e>
   883fc:	6cbd      	ldr	r5, [r7, #72]	; 0x48
   883fe:	b395      	cbz	r5, 88466 <__pow5mult+0x7e>
   88400:	07e3      	lsls	r3, r4, #31
   88402:	f04f 0800 	mov.w	r8, #0
   88406:	d406      	bmi.n	88416 <__pow5mult+0x2e>
   88408:	1064      	asrs	r4, r4, #1
   8840a:	d014      	beq.n	88436 <__pow5mult+0x4e>
   8840c:	6828      	ldr	r0, [r5, #0]
   8840e:	b1a8      	cbz	r0, 8843c <__pow5mult+0x54>
   88410:	4605      	mov	r5, r0
   88412:	07e3      	lsls	r3, r4, #31
   88414:	d5f8      	bpl.n	88408 <__pow5mult+0x20>
   88416:	462a      	mov	r2, r5
   88418:	4631      	mov	r1, r6
   8841a:	4638      	mov	r0, r7
   8841c:	f7ff ff36 	bl	8828c <__multiply>
   88420:	b1b6      	cbz	r6, 88450 <__pow5mult+0x68>
   88422:	6871      	ldr	r1, [r6, #4]
   88424:	6cfb      	ldr	r3, [r7, #76]	; 0x4c
   88426:	1064      	asrs	r4, r4, #1
   88428:	f853 2021 	ldr.w	r2, [r3, r1, lsl #2]
   8842c:	6032      	str	r2, [r6, #0]
   8842e:	f843 6021 	str.w	r6, [r3, r1, lsl #2]
   88432:	4606      	mov	r6, r0
   88434:	d1ea      	bne.n	8840c <__pow5mult+0x24>
   88436:	4630      	mov	r0, r6
   88438:	e8bd 81f0 	ldmia.w	sp!, {r4, r5, r6, r7, r8, pc}
   8843c:	462a      	mov	r2, r5
   8843e:	4629      	mov	r1, r5
   88440:	4638      	mov	r0, r7
   88442:	f7ff ff23 	bl	8828c <__multiply>
   88446:	6028      	str	r0, [r5, #0]
   88448:	4605      	mov	r5, r0
   8844a:	f8c0 8000 	str.w	r8, [r0]
   8844e:	e7e0      	b.n	88412 <__pow5mult+0x2a>
   88450:	4606      	mov	r6, r0
   88452:	e7d9      	b.n	88408 <__pow5mult+0x20>
   88454:	4a0f      	ldr	r2, [pc, #60]	; (88494 <__pow5mult+0xac>)
   88456:	3b01      	subs	r3, #1
   88458:	f852 2023 	ldr.w	r2, [r2, r3, lsl #2]
   8845c:	2300      	movs	r3, #0
   8845e:	f7ff fdef 	bl	88040 <__multadd>
   88462:	4606      	mov	r6, r0
   88464:	e7c8      	b.n	883f8 <__pow5mult+0x10>
   88466:	2101      	movs	r1, #1
   88468:	4638      	mov	r0, r7
   8846a:	f7ff fdb9 	bl	87fe0 <_Balloc>
   8846e:	4605      	mov	r5, r0
   88470:	b140      	cbz	r0, 88484 <__pow5mult+0x9c>
   88472:	f240 2371 	movw	r3, #625	; 0x271
   88476:	2201      	movs	r2, #1
   88478:	e9c0 2304 	strd	r2, r3, [r0, #16]
   8847c:	2300      	movs	r3, #0
   8847e:	64b8      	str	r0, [r7, #72]	; 0x48
   88480:	6003      	str	r3, [r0, #0]
   88482:	e7bd      	b.n	88400 <__pow5mult+0x18>
   88484:	4602      	mov	r2, r0
   88486:	f44f 71a0 	mov.w	r1, #320	; 0x140
   8848a:	4b03      	ldr	r3, [pc, #12]	; (88498 <__pow5mult+0xb0>)
   8848c:	4803      	ldr	r0, [pc, #12]	; (8849c <__pow5mult+0xb4>)
   8848e:	f001 fc93 	bl	89db8 <__assert_func>
   88492:	bf00      	nop
   88494:	0008b0f0 	.word	0x0008b0f0
   88498:	0008b060 	.word	0x0008b060
   8849c:	0008b0b8 	.word	0x0008b0b8

000884a0 <__lshift>:
   884a0:	e92d 47f0 	stmdb	sp!, {r4, r5, r6, r7, r8, r9, sl, lr}
   884a4:	460c      	mov	r4, r1
   884a6:	6926      	ldr	r6, [r4, #16]
   884a8:	68a3      	ldr	r3, [r4, #8]
   884aa:	eb06 1662 	add.w	r6, r6, r2, asr #5
   884ae:	1c75      	adds	r5, r6, #1
   884b0:	429d      	cmp	r5, r3
   884b2:	4690      	mov	r8, r2
   884b4:	4607      	mov	r7, r0
   884b6:	6849      	ldr	r1, [r1, #4]
   884b8:	ea4f 1962 	mov.w	r9, r2, asr #5
   884bc:	dd04      	ble.n	884c8 <__lshift+0x28>
   884be:	005b      	lsls	r3, r3, #1
   884c0:	429d      	cmp	r5, r3
   884c2:	f101 0101 	add.w	r1, r1, #1
   884c6:	dcfa      	bgt.n	884be <__lshift+0x1e>
   884c8:	4638      	mov	r0, r7
   884ca:	f7ff fd89 	bl	87fe0 <_Balloc>
   884ce:	2800      	cmp	r0, #0
   884d0:	d051      	beq.n	88576 <__lshift+0xd6>
   884d2:	f1b9 0f00 	cmp.w	r9, #0
   884d6:	f100 0114 	add.w	r1, r0, #20
   884da:	dd0f      	ble.n	884fc <__lshift+0x5c>
   884dc:	460b      	mov	r3, r1
   884de:	f04f 0c00 	mov.w	ip, #0
   884e2:	f109 0205 	add.w	r2, r9, #5
   884e6:	ea4f 0e82 	mov.w	lr, r2, lsl #2
   884ea:	eb00 0282 	add.w	r2, r0, r2, lsl #2
   884ee:	f843 cb04 	str.w	ip, [r3], #4
   884f2:	4293      	cmp	r3, r2
   884f4:	d1fb      	bne.n	884ee <__lshift+0x4e>
   884f6:	f1ae 0314 	sub.w	r3, lr, #20
   884fa:	4419      	add	r1, r3
   884fc:	6922      	ldr	r2, [r4, #16]
   884fe:	f104 0314 	add.w	r3, r4, #20
   88502:	f018 081f 	ands.w	r8, r8, #31
   88506:	eb03 0c82 	add.w	ip, r3, r2, lsl #2
   8850a:	d02c      	beq.n	88566 <__lshift+0xc6>
   8850c:	468e      	mov	lr, r1
   8850e:	f04f 0a00 	mov.w	sl, #0
   88512:	f1c8 0920 	rsb	r9, r8, #32
   88516:	681a      	ldr	r2, [r3, #0]
   88518:	fa02 f208 	lsl.w	r2, r2, r8
   8851c:	ea42 020a 	orr.w	r2, r2, sl
   88520:	f84e 2b04 	str.w	r2, [lr], #4
   88524:	f853 2b04 	ldr.w	r2, [r3], #4
   88528:	459c      	cmp	ip, r3
   8852a:	fa22 fa09 	lsr.w	sl, r2, r9
   8852e:	d8f2      	bhi.n	88516 <__lshift+0x76>
   88530:	ebac 0304 	sub.w	r3, ip, r4
   88534:	3b15      	subs	r3, #21
   88536:	f023 0303 	bic.w	r3, r3, #3
   8853a:	3304      	adds	r3, #4
   8853c:	f104 0215 	add.w	r2, r4, #21
   88540:	4594      	cmp	ip, r2
   88542:	bf38      	it	cc
   88544:	2304      	movcc	r3, #4
   88546:	f1ba 0f00 	cmp.w	sl, #0
   8854a:	bf18      	it	ne
   8854c:	462e      	movne	r6, r5
   8854e:	f841 a003 	str.w	sl, [r1, r3]
   88552:	6cfb      	ldr	r3, [r7, #76]	; 0x4c
   88554:	6862      	ldr	r2, [r4, #4]
   88556:	6106      	str	r6, [r0, #16]
   88558:	f853 1022 	ldr.w	r1, [r3, r2, lsl #2]
   8855c:	6021      	str	r1, [r4, #0]
   8855e:	f843 4022 	str.w	r4, [r3, r2, lsl #2]
   88562:	e8bd 87f0 	ldmia.w	sp!, {r4, r5, r6, r7, r8, r9, sl, pc}
   88566:	3904      	subs	r1, #4
   88568:	f853 2b04 	ldr.w	r2, [r3], #4
   8856c:	459c      	cmp	ip, r3
   8856e:	f841 2f04 	str.w	r2, [r1, #4]!
   88572:	d8f9      	bhi.n	88568 <__lshift+0xc8>
   88574:	e7ed      	b.n	88552 <__lshift+0xb2>
   88576:	4602      	mov	r2, r0
   88578:	f240 11d9 	movw	r1, #473	; 0x1d9
   8857c:	4b01      	ldr	r3, [pc, #4]	; (88584 <__lshift+0xe4>)
   8857e:	4802      	ldr	r0, [pc, #8]	; (88588 <__lshift+0xe8>)
   88580:	f001 fc1a 	bl	89db8 <__assert_func>
   88584:	0008b060 	.word	0x0008b060
   88588:	0008b0b8 	.word	0x0008b0b8

0008858c <__mcmp>:
   8858c:	4684      	mov	ip, r0
   8858e:	690b      	ldr	r3, [r1, #16]
   88590:	6900      	ldr	r0, [r0, #16]
   88592:	1ac0      	subs	r0, r0, r3
   88594:	d115      	bne.n	885c2 <__mcmp+0x36>
   88596:	f10c 0c14 	add.w	ip, ip, #20
   8859a:	3114      	adds	r1, #20
   8859c:	eb0c 0283 	add.w	r2, ip, r3, lsl #2
   885a0:	b410      	push	{r4}
   885a2:	eb01 0383 	add.w	r3, r1, r3, lsl #2
   885a6:	e001      	b.n	885ac <__mcmp+0x20>
   885a8:	4594      	cmp	ip, r2
   885aa:	d208      	bcs.n	885be <__mcmp+0x32>
   885ac:	f852 4d04 	ldr.w	r4, [r2, #-4]!
   885b0:	f853 1d04 	ldr.w	r1, [r3, #-4]!
   885b4:	428c      	cmp	r4, r1
   885b6:	d0f7      	beq.n	885a8 <__mcmp+0x1c>
   885b8:	d204      	bcs.n	885c4 <__mcmp+0x38>
   885ba:	f04f 30ff 	mov.w	r0, #4294967295	; 0xffffffff
   885be:	bc10      	pop	{r4}
   885c0:	4770      	bx	lr
   885c2:	4770      	bx	lr
   885c4:	2001      	movs	r0, #1
   885c6:	bc10      	pop	{r4}
   885c8:	4770      	bx	lr
   885ca:	bf00      	nop

000885cc <__mdiff>:
   885cc:	e92d 4ff8 	stmdb	sp!, {r3, r4, r5, r6, r7, r8, r9, sl, fp, lr}
   885d0:	690c      	ldr	r4, [r1, #16]
   885d2:	6913      	ldr	r3, [r2, #16]
   885d4:	4689      	mov	r9, r1
   885d6:	1ae4      	subs	r4, r4, r3
   885d8:	2c00      	cmp	r4, #0
   885da:	4617      	mov	r7, r2
   885dc:	d17d      	bne.n	886da <__mdiff+0x10e>
   885de:	f101 0614 	add.w	r6, r1, #20
   885e2:	3214      	adds	r2, #20
   885e4:	eb02 0283 	add.w	r2, r2, r3, lsl #2
   885e8:	eb06 0383 	add.w	r3, r6, r3, lsl #2
   885ec:	e001      	b.n	885f2 <__mdiff+0x26>
   885ee:	429e      	cmp	r6, r3
   885f0:	d276      	bcs.n	886e0 <__mdiff+0x114>
   885f2:	f853 5d04 	ldr.w	r5, [r3, #-4]!
   885f6:	f852 1d04 	ldr.w	r1, [r2, #-4]!
   885fa:	428d      	cmp	r5, r1
   885fc:	d0f7      	beq.n	885ee <__mdiff+0x22>
   885fe:	d367      	bcc.n	886d0 <__mdiff+0x104>
   88600:	f8d9 1004 	ldr.w	r1, [r9, #4]
   88604:	f7ff fcec 	bl	87fe0 <_Balloc>
   88608:	2800      	cmp	r0, #0
   8860a:	d073      	beq.n	886f4 <__mdiff+0x128>
   8860c:	f8d9 5010 	ldr.w	r5, [r9, #16]
   88610:	60c4      	str	r4, [r0, #12]
   88612:	f100 0414 	add.w	r4, r0, #20
   88616:	4626      	mov	r6, r4
   88618:	f04f 0a00 	mov.w	sl, #0
   8861c:	693b      	ldr	r3, [r7, #16]
   8861e:	f109 0814 	add.w	r8, r9, #20
   88622:	f107 0e14 	add.w	lr, r7, #20
   88626:	f109 0c10 	add.w	ip, r9, #16
   8862a:	eb08 0285 	add.w	r2, r8, r5, lsl #2
   8862e:	eb0e 0983 	add.w	r9, lr, r3, lsl #2
   88632:	f85c bf04 	ldr.w	fp, [ip, #4]!
   88636:	f85e 1b04 	ldr.w	r1, [lr], #4
   8863a:	fa1f f38b 	uxth.w	r3, fp
   8863e:	4453      	add	r3, sl
   88640:	fa1f fa81 	uxth.w	sl, r1
   88644:	0c09      	lsrs	r1, r1, #16
   88646:	eba3 030a 	sub.w	r3, r3, sl
   8864a:	ebc1 411b 	rsb	r1, r1, fp, lsr #16
   8864e:	eb01 4123 	add.w	r1, r1, r3, asr #16
   88652:	b29b      	uxth	r3, r3
   88654:	ea43 4301 	orr.w	r3, r3, r1, lsl #16
   88658:	45f1      	cmp	r9, lr
   8865a:	f846 3b04 	str.w	r3, [r6], #4
   8865e:	ea4f 4a21 	mov.w	sl, r1, asr #16
   88662:	d8e6      	bhi.n	88632 <__mdiff+0x66>
   88664:	eba9 0107 	sub.w	r1, r9, r7
   88668:	3915      	subs	r1, #21
   8866a:	3715      	adds	r7, #21
   8866c:	45b9      	cmp	r9, r7
   8866e:	f021 0603 	bic.w	r6, r1, #3
   88672:	f106 0604 	add.w	r6, r6, #4
   88676:	bf38      	it	cc
   88678:	2604      	movcc	r6, #4
   8867a:	f021 0103 	bic.w	r1, r1, #3
   8867e:	bf38      	it	cc
   88680:	2100      	movcc	r1, #0
   88682:	44b0      	add	r8, r6
   88684:	4542      	cmp	r2, r8
   88686:	4426      	add	r6, r4
   88688:	440c      	add	r4, r1
   8868a:	d918      	bls.n	886be <__mdiff+0xf2>
   8868c:	4637      	mov	r7, r6
   8868e:	4644      	mov	r4, r8
   88690:	f854 1b04 	ldr.w	r1, [r4], #4
   88694:	b28b      	uxth	r3, r1
   88696:	4453      	add	r3, sl
   88698:	ea4f 4a23 	mov.w	sl, r3, asr #16
   8869c:	eb0a 4111 	add.w	r1, sl, r1, lsr #16
   886a0:	b29b      	uxth	r3, r3
   886a2:	ea43 4301 	orr.w	r3, r3, r1, lsl #16
   886a6:	42a2      	cmp	r2, r4
   886a8:	f847 3b04 	str.w	r3, [r7], #4
   886ac:	ea4f 4a21 	mov.w	sl, r1, asr #16
   886b0:	d8ee      	bhi.n	88690 <__mdiff+0xc4>
   886b2:	1e54      	subs	r4, r2, #1
   886b4:	eba4 0408 	sub.w	r4, r4, r8
   886b8:	f024 0403 	bic.w	r4, r4, #3
   886bc:	4434      	add	r4, r6
   886be:	b923      	cbnz	r3, 886ca <__mdiff+0xfe>
   886c0:	f854 3d04 	ldr.w	r3, [r4, #-4]!
   886c4:	3d01      	subs	r5, #1
   886c6:	2b00      	cmp	r3, #0
   886c8:	d0fa      	beq.n	886c0 <__mdiff+0xf4>
   886ca:	6105      	str	r5, [r0, #16]
   886cc:	e8bd 8ff8 	ldmia.w	sp!, {r3, r4, r5, r6, r7, r8, r9, sl, fp, pc}
   886d0:	464b      	mov	r3, r9
   886d2:	2401      	movs	r4, #1
   886d4:	46b9      	mov	r9, r7
   886d6:	461f      	mov	r7, r3
   886d8:	e792      	b.n	88600 <__mdiff+0x34>
   886da:	dbf9      	blt.n	886d0 <__mdiff+0x104>
   886dc:	2400      	movs	r4, #0
   886de:	e78f      	b.n	88600 <__mdiff+0x34>
   886e0:	2100      	movs	r1, #0
   886e2:	f7ff fc7d 	bl	87fe0 <_Balloc>
   886e6:	b160      	cbz	r0, 88702 <__mdiff+0x136>
   886e8:	2201      	movs	r2, #1
   886ea:	2300      	movs	r3, #0
   886ec:	e9c0 2304 	strd	r2, r3, [r0, #16]
   886f0:	e8bd 8ff8 	ldmia.w	sp!, {r3, r4, r5, r6, r7, r8, r9, sl, fp, pc}
   886f4:	4602      	mov	r2, r0
   886f6:	f44f 7110 	mov.w	r1, #576	; 0x240
   886fa:	4b05      	ldr	r3, [pc, #20]	; (88710 <__mdiff+0x144>)
   886fc:	4805      	ldr	r0, [pc, #20]	; (88714 <__mdiff+0x148>)
   886fe:	f001 fb5b 	bl	89db8 <__assert_func>
   88702:	4602      	mov	r2, r0
   88704:	f240 2132 	movw	r1, #562	; 0x232
   88708:	4b01      	ldr	r3, [pc, #4]	; (88710 <__mdiff+0x144>)
   8870a:	4802      	ldr	r0, [pc, #8]	; (88714 <__mdiff+0x148>)
   8870c:	f001 fb54 	bl	89db8 <__assert_func>
   88710:	0008b060 	.word	0x0008b060
   88714:	0008b0b8 	.word	0x0008b0b8

00088718 <__ulp>:
   88718:	4b0f      	ldr	r3, [pc, #60]	; (88758 <__ulp+0x40>)
   8871a:	400b      	ands	r3, r1
   8871c:	f1a3 7350 	sub.w	r3, r3, #54525952	; 0x3400000
   88720:	2b00      	cmp	r3, #0
   88722:	dd02      	ble.n	8872a <__ulp+0x12>
   88724:	2000      	movs	r0, #0
   88726:	4619      	mov	r1, r3
   88728:	4770      	bx	lr
   8872a:	425b      	negs	r3, r3
   8872c:	f1b3 7fa0 	cmp.w	r3, #20971520	; 0x1400000
   88730:	ea4f 5223 	mov.w	r2, r3, asr #20
   88734:	da05      	bge.n	88742 <__ulp+0x2a>
   88736:	f44f 2300 	mov.w	r3, #524288	; 0x80000
   8873a:	2000      	movs	r0, #0
   8873c:	fa43 f102 	asr.w	r1, r3, r2
   88740:	4770      	bx	lr
   88742:	3a14      	subs	r2, #20
   88744:	2a1e      	cmp	r2, #30
   88746:	bfd6      	itet	le
   88748:	f04f 4300 	movle.w	r3, #2147483648	; 0x80000000
   8874c:	2201      	movgt	r2, #1
   8874e:	fa23 f202 	lsrle.w	r2, r3, r2
   88752:	2100      	movs	r1, #0
   88754:	4610      	mov	r0, r2
   88756:	4770      	bx	lr
   88758:	7ff00000 	.word	0x7ff00000

0008875c <__b2d>:
   8875c:	e92d 41f0 	stmdb	sp!, {r4, r5, r6, r7, r8, lr}
   88760:	6907      	ldr	r7, [r0, #16]
   88762:	f100 0614 	add.w	r6, r0, #20
   88766:	eb06 0787 	add.w	r7, r6, r7, lsl #2
   8876a:	460c      	mov	r4, r1
   8876c:	f857 1c04 	ldr.w	r1, [r7, #-4]
   88770:	f1a7 0804 	sub.w	r8, r7, #4
   88774:	4608      	mov	r0, r1
   88776:	f7ff fd0f 	bl	88198 <__hi0bits>
   8877a:	f1c0 0320 	rsb	r3, r0, #32
   8877e:	280a      	cmp	r0, #10
   88780:	6023      	str	r3, [r4, #0]
   88782:	dd36      	ble.n	887f2 <__b2d+0x96>
   88784:	4546      	cmp	r6, r8
   88786:	d21e      	bcs.n	887c6 <__b2d+0x6a>
   88788:	f1b0 030b 	subs.w	r3, r0, #11
   8878c:	f857 2c08 	ldr.w	r2, [r7, #-8]
   88790:	d026      	beq.n	887e0 <__b2d+0x84>
   88792:	f1c3 0c20 	rsb	ip, r3, #32
   88796:	4099      	lsls	r1, r3
   88798:	fa22 f00c 	lsr.w	r0, r2, ip
   8879c:	4308      	orrs	r0, r1
   8879e:	f1a7 0108 	sub.w	r1, r7, #8
   887a2:	f040 557f 	orr.w	r5, r0, #1069547520	; 0x3fc00000
   887a6:	428e      	cmp	r6, r1
   887a8:	f445 1540 	orr.w	r5, r5, #3145728	; 0x300000
   887ac:	d23a      	bcs.n	88824 <__b2d+0xc8>
   887ae:	fa02 f003 	lsl.w	r0, r2, r3
   887b2:	f857 3c0c 	ldr.w	r3, [r7, #-12]
   887b6:	fa23 f30c 	lsr.w	r3, r3, ip
   887ba:	4303      	orrs	r3, r0
   887bc:	461c      	mov	r4, r3
   887be:	4620      	mov	r0, r4
   887c0:	4629      	mov	r1, r5
   887c2:	e8bd 81f0 	ldmia.w	sp!, {r4, r5, r6, r7, r8, pc}
   887c6:	f1b0 030b 	subs.w	r3, r0, #11
   887ca:	d008      	beq.n	887de <__b2d+0x82>
   887cc:	fa01 f003 	lsl.w	r0, r1, r3
   887d0:	2300      	movs	r3, #0
   887d2:	f040 557f 	orr.w	r5, r0, #1069547520	; 0x3fc00000
   887d6:	461c      	mov	r4, r3
   887d8:	f445 1540 	orr.w	r5, r5, #3145728	; 0x300000
   887dc:	e7ef      	b.n	887be <__b2d+0x62>
   887de:	461a      	mov	r2, r3
   887e0:	4614      	mov	r4, r2
   887e2:	f041 557f 	orr.w	r5, r1, #1069547520	; 0x3fc00000
   887e6:	f445 1540 	orr.w	r5, r5, #3145728	; 0x300000
   887ea:	4620      	mov	r0, r4
   887ec:	4629      	mov	r1, r5
   887ee:	e8bd 81f0 	ldmia.w	sp!, {r4, r5, r6, r7, r8, pc}
   887f2:	f1c0 030b 	rsb	r3, r0, #11
   887f6:	fa21 f203 	lsr.w	r2, r1, r3
   887fa:	4546      	cmp	r6, r8
   887fc:	f042 557f 	orr.w	r5, r2, #1069547520	; 0x3fc00000
   88800:	bf2c      	ite	cs
   88802:	2200      	movcs	r2, #0
   88804:	f857 2c08 	ldrcc.w	r2, [r7, #-8]
   88808:	f445 1540 	orr.w	r5, r5, #3145728	; 0x300000
   8880c:	bf38      	it	cc
   8880e:	40da      	lsrcc	r2, r3
   88810:	f100 0315 	add.w	r3, r0, #21
   88814:	fa01 f303 	lsl.w	r3, r1, r3
   88818:	ea43 0402 	orr.w	r4, r3, r2
   8881c:	4620      	mov	r0, r4
   8881e:	4629      	mov	r1, r5
   88820:	e8bd 81f0 	ldmia.w	sp!, {r4, r5, r6, r7, r8, pc}
   88824:	fa02 f303 	lsl.w	r3, r2, r3
   88828:	461c      	mov	r4, r3
   8882a:	e7c8      	b.n	887be <__b2d+0x62>

0008882c <__d2b>:
   8882c:	b570      	push	{r4, r5, r6, lr}
   8882e:	2101      	movs	r1, #1
   88830:	b082      	sub	sp, #8
   88832:	4616      	mov	r6, r2
   88834:	461d      	mov	r5, r3
   88836:	f7ff fbd3 	bl	87fe0 <_Balloc>
   8883a:	4604      	mov	r4, r0
   8883c:	2800      	cmp	r0, #0
   8883e:	d04c      	beq.n	888da <__d2b+0xae>
   88840:	462b      	mov	r3, r5
   88842:	f3c5 550a 	ubfx	r5, r5, #20, #11
   88846:	f3c3 0313 	ubfx	r3, r3, #0, #20
   8884a:	b10d      	cbz	r5, 88850 <__d2b+0x24>
   8884c:	f443 1380 	orr.w	r3, r3, #1048576	; 0x100000
   88850:	2e00      	cmp	r6, #0
   88852:	9301      	str	r3, [sp, #4]
   88854:	d022      	beq.n	8889c <__d2b+0x70>
   88856:	4668      	mov	r0, sp
   88858:	9600      	str	r6, [sp, #0]
   8885a:	f7ff fcbd 	bl	881d8 <__lo0bits>
   8885e:	2800      	cmp	r0, #0
   88860:	d037      	beq.n	888d2 <__d2b+0xa6>
   88862:	9b01      	ldr	r3, [sp, #4]
   88864:	9900      	ldr	r1, [sp, #0]
   88866:	f1c0 0220 	rsb	r2, r0, #32
   8886a:	fa03 f202 	lsl.w	r2, r3, r2
   8886e:	430a      	orrs	r2, r1
   88870:	40c3      	lsrs	r3, r0
   88872:	9301      	str	r3, [sp, #4]
   88874:	6162      	str	r2, [r4, #20]
   88876:	2b00      	cmp	r3, #0
   88878:	bf14      	ite	ne
   8887a:	2102      	movne	r1, #2
   8887c:	2101      	moveq	r1, #1
   8887e:	61a3      	str	r3, [r4, #24]
   88880:	6121      	str	r1, [r4, #16]
   88882:	b1b5      	cbz	r5, 888b2 <__d2b+0x86>
   88884:	9b06      	ldr	r3, [sp, #24]
   88886:	f2a5 4533 	subw	r5, r5, #1075	; 0x433
   8888a:	4405      	add	r5, r0
   8888c:	601d      	str	r5, [r3, #0]
   8888e:	9b07      	ldr	r3, [sp, #28]
   88890:	f1c0 0035 	rsb	r0, r0, #53	; 0x35
   88894:	6018      	str	r0, [r3, #0]
   88896:	4620      	mov	r0, r4
   88898:	b002      	add	sp, #8
   8889a:	bd70      	pop	{r4, r5, r6, pc}
   8889c:	a801      	add	r0, sp, #4
   8889e:	f7ff fc9b 	bl	881d8 <__lo0bits>
   888a2:	2301      	movs	r3, #1
   888a4:	9a01      	ldr	r2, [sp, #4]
   888a6:	4619      	mov	r1, r3
   888a8:	6162      	str	r2, [r4, #20]
   888aa:	3020      	adds	r0, #32
   888ac:	6123      	str	r3, [r4, #16]
   888ae:	2d00      	cmp	r5, #0
   888b0:	d1e8      	bne.n	88884 <__d2b+0x58>
   888b2:	eb04 0281 	add.w	r2, r4, r1, lsl #2
   888b6:	f2a0 4332 	subw	r3, r0, #1074	; 0x432
   888ba:	6910      	ldr	r0, [r2, #16]
   888bc:	9a06      	ldr	r2, [sp, #24]
   888be:	6013      	str	r3, [r2, #0]
   888c0:	f7ff fc6a 	bl	88198 <__hi0bits>
   888c4:	ebc0 1141 	rsb	r1, r0, r1, lsl #5
   888c8:	4620      	mov	r0, r4
   888ca:	9b07      	ldr	r3, [sp, #28]
   888cc:	6019      	str	r1, [r3, #0]
   888ce:	b002      	add	sp, #8
   888d0:	bd70      	pop	{r4, r5, r6, pc}
   888d2:	e9dd 2300 	ldrd	r2, r3, [sp]
   888d6:	6162      	str	r2, [r4, #20]
   888d8:	e7cd      	b.n	88876 <__d2b+0x4a>
   888da:	4602      	mov	r2, r0
   888dc:	f240 310a 	movw	r1, #778	; 0x30a
   888e0:	4b01      	ldr	r3, [pc, #4]	; (888e8 <__d2b+0xbc>)
   888e2:	4802      	ldr	r0, [pc, #8]	; (888ec <__d2b+0xc0>)
   888e4:	f001 fa68 	bl	89db8 <__assert_func>
   888e8:	0008b060 	.word	0x0008b060
   888ec:	0008b0b8 	.word	0x0008b0b8

000888f0 <__ratio>:
   888f0:	e92d 43f0 	stmdb	sp!, {r4, r5, r6, r7, r8, r9, lr}
   888f4:	b083      	sub	sp, #12
   888f6:	4688      	mov	r8, r1
   888f8:	4669      	mov	r1, sp
   888fa:	4681      	mov	r9, r0
   888fc:	f7ff ff2e 	bl	8875c <__b2d>
   88900:	4604      	mov	r4, r0
   88902:	460d      	mov	r5, r1
   88904:	4640      	mov	r0, r8
   88906:	a901      	add	r1, sp, #4
   88908:	f7ff ff28 	bl	8875c <__b2d>
   8890c:	f8d9 3010 	ldr.w	r3, [r9, #16]
   88910:	f8d8 2010 	ldr.w	r2, [r8, #16]
   88914:	460f      	mov	r7, r1
   88916:	1a9a      	subs	r2, r3, r2
   88918:	e9dd 6300 	ldrd	r6, r3, [sp]
   8891c:	1af3      	subs	r3, r6, r3
   8891e:	eb03 1342 	add.w	r3, r3, r2, lsl #5
   88922:	2b00      	cmp	r3, #0
   88924:	dd0c      	ble.n	88940 <__ratio+0x50>
   88926:	eb05 5903 	add.w	r9, r5, r3, lsl #20
   8892a:	4606      	mov	r6, r0
   8892c:	464d      	mov	r5, r9
   8892e:	4632      	mov	r2, r6
   88930:	463b      	mov	r3, r7
   88932:	4620      	mov	r0, r4
   88934:	4629      	mov	r1, r5
   88936:	f001 ffcf 	bl	8a8d8 <__aeabi_ddiv>
   8893a:	b003      	add	sp, #12
   8893c:	e8bd 83f0 	ldmia.w	sp!, {r4, r5, r6, r7, r8, r9, pc}
   88940:	ebc3 3303 	rsb	r3, r3, r3, lsl #12
   88944:	eb01 5103 	add.w	r1, r1, r3, lsl #20
   88948:	4606      	mov	r6, r0
   8894a:	460f      	mov	r7, r1
   8894c:	e7ef      	b.n	8892e <__ratio+0x3e>
   8894e:	bf00      	nop

00088950 <_mprec_log10>:
   88950:	2817      	cmp	r0, #23
   88952:	b570      	push	{r4, r5, r6, lr}
   88954:	4606      	mov	r6, r0
   88956:	dd0a      	ble.n	8896e <_mprec_log10+0x1e>
   88958:	2000      	movs	r0, #0
   8895a:	2400      	movs	r4, #0
   8895c:	4907      	ldr	r1, [pc, #28]	; (8897c <_mprec_log10+0x2c>)
   8895e:	4d08      	ldr	r5, [pc, #32]	; (88980 <_mprec_log10+0x30>)
   88960:	4622      	mov	r2, r4
   88962:	462b      	mov	r3, r5
   88964:	f001 fe8e 	bl	8a684 <__aeabi_dmul>
   88968:	3e01      	subs	r6, #1
   8896a:	d1f9      	bne.n	88960 <_mprec_log10+0x10>
   8896c:	bd70      	pop	{r4, r5, r6, pc}
   8896e:	4b05      	ldr	r3, [pc, #20]	; (88984 <_mprec_log10+0x34>)
   88970:	eb03 06c0 	add.w	r6, r3, r0, lsl #3
   88974:	e9d6 0104 	ldrd	r0, r1, [r6, #16]
   88978:	bd70      	pop	{r4, r5, r6, pc}
   8897a:	bf00      	nop
   8897c:	3ff00000 	.word	0x3ff00000
   88980:	40240000 	.word	0x40240000
   88984:	0008b0f0 	.word	0x0008b0f0

00088988 <__copybits>:
   88988:	f101 3cff 	add.w	ip, r1, #4294967295	; 0xffffffff
   8898c:	6911      	ldr	r1, [r2, #16]
   8898e:	f102 0314 	add.w	r3, r2, #20
   88992:	ea4f 1c6c 	mov.w	ip, ip, asr #5
   88996:	eb03 0181 	add.w	r1, r3, r1, lsl #2
   8899a:	f10c 0c01 	add.w	ip, ip, #1
   8899e:	428b      	cmp	r3, r1
   889a0:	eb00 0c8c 	add.w	ip, r0, ip, lsl #2
   889a4:	d216      	bcs.n	889d4 <__copybits+0x4c>
   889a6:	b510      	push	{r4, lr}
   889a8:	f1a0 0e04 	sub.w	lr, r0, #4
   889ac:	f853 4b04 	ldr.w	r4, [r3], #4
   889b0:	4299      	cmp	r1, r3
   889b2:	f84e 4f04 	str.w	r4, [lr, #4]!
   889b6:	d8f9      	bhi.n	889ac <__copybits+0x24>
   889b8:	1a8b      	subs	r3, r1, r2
   889ba:	3b15      	subs	r3, #21
   889bc:	f023 0303 	bic.w	r3, r3, #3
   889c0:	3304      	adds	r3, #4
   889c2:	4418      	add	r0, r3
   889c4:	4584      	cmp	ip, r0
   889c6:	d904      	bls.n	889d2 <__copybits+0x4a>
   889c8:	2300      	movs	r3, #0
   889ca:	f840 3b04 	str.w	r3, [r0], #4
   889ce:	4584      	cmp	ip, r0
   889d0:	d8fb      	bhi.n	889ca <__copybits+0x42>
   889d2:	bd10      	pop	{r4, pc}
   889d4:	4584      	cmp	ip, r0
   889d6:	d905      	bls.n	889e4 <__copybits+0x5c>
   889d8:	2300      	movs	r3, #0
   889da:	f840 3b04 	str.w	r3, [r0], #4
   889de:	4584      	cmp	ip, r0
   889e0:	d8fb      	bhi.n	889da <__copybits+0x52>
   889e2:	4770      	bx	lr
   889e4:	4770      	bx	lr
   889e6:	bf00      	nop

000889e8 <__any_on>:
   889e8:	6903      	ldr	r3, [r0, #16]
   889ea:	114a      	asrs	r2, r1, #5
   889ec:	4293      	cmp	r3, r2
   889ee:	f100 0014 	add.w	r0, r0, #20
   889f2:	da09      	bge.n	88a08 <__any_on+0x20>
   889f4:	eb00 0383 	add.w	r3, r0, r3, lsl #2
   889f8:	e002      	b.n	88a00 <__any_on+0x18>
   889fa:	f853 2d04 	ldr.w	r2, [r3, #-4]!
   889fe:	b9c2      	cbnz	r2, 88a32 <__any_on+0x4a>
   88a00:	4283      	cmp	r3, r0
   88a02:	d8fa      	bhi.n	889fa <__any_on+0x12>
   88a04:	2000      	movs	r0, #0
   88a06:	4770      	bx	lr
   88a08:	dd10      	ble.n	88a2c <__any_on+0x44>
   88a0a:	f011 011f 	ands.w	r1, r1, #31
   88a0e:	d00d      	beq.n	88a2c <__any_on+0x44>
   88a10:	b410      	push	{r4}
   88a12:	f850 4022 	ldr.w	r4, [r0, r2, lsl #2]
   88a16:	eb00 0382 	add.w	r3, r0, r2, lsl #2
   88a1a:	fa24 f201 	lsr.w	r2, r4, r1
   88a1e:	fa02 f101 	lsl.w	r1, r2, r1
   88a22:	428c      	cmp	r4, r1
   88a24:	d00b      	beq.n	88a3e <__any_on+0x56>
   88a26:	2001      	movs	r0, #1
   88a28:	bc10      	pop	{r4}
   88a2a:	4770      	bx	lr
   88a2c:	eb00 0382 	add.w	r3, r0, r2, lsl #2
   88a30:	e7e6      	b.n	88a00 <__any_on+0x18>
   88a32:	2001      	movs	r0, #1
   88a34:	4770      	bx	lr
   88a36:	f853 2d04 	ldr.w	r2, [r3, #-4]!
   88a3a:	2a00      	cmp	r2, #0
   88a3c:	d1f3      	bne.n	88a26 <__any_on+0x3e>
   88a3e:	4283      	cmp	r3, r0
   88a40:	d8f9      	bhi.n	88a36 <__any_on+0x4e>
   88a42:	2000      	movs	r0, #0
   88a44:	bc10      	pop	{r4}
   88a46:	4770      	bx	lr

00088a48 <_realloc_r>:
   88a48:	e92d 4ff8 	stmdb	sp!, {r3, r4, r5, r6, r7, r8, r9, sl, fp, lr}
   88a4c:	4616      	mov	r6, r2
   88a4e:	2900      	cmp	r1, #0
   88a50:	f000 8098 	beq.w	88b84 <_realloc_r+0x13c>
   88a54:	f106 050b 	add.w	r5, r6, #11
   88a58:	4680      	mov	r8, r0
   88a5a:	460c      	mov	r4, r1
   88a5c:	f7ff fabc 	bl	87fd8 <__malloc_lock>
   88a60:	2d16      	cmp	r5, #22
   88a62:	d85d      	bhi.n	88b20 <_realloc_r+0xd8>
   88a64:	2510      	movs	r5, #16
   88a66:	462a      	mov	r2, r5
   88a68:	42ae      	cmp	r6, r5
   88a6a:	d85e      	bhi.n	88b2a <_realloc_r+0xe2>
   88a6c:	f854 1c04 	ldr.w	r1, [r4, #-4]
   88a70:	f1a4 0908 	sub.w	r9, r4, #8
   88a74:	f021 0703 	bic.w	r7, r1, #3
   88a78:	4297      	cmp	r7, r2
   88a7a:	da62      	bge.n	88b42 <_realloc_r+0xfa>
   88a7c:	4bbc      	ldr	r3, [pc, #752]	; (88d70 <_realloc_r+0x328>)
   88a7e:	eb09 0007 	add.w	r0, r9, r7
   88a82:	f8d3 c008 	ldr.w	ip, [r3, #8]
   88a86:	4584      	cmp	ip, r0
   88a88:	f000 8097 	beq.w	88bba <_realloc_r+0x172>
   88a8c:	f8d0 c004 	ldr.w	ip, [r0, #4]
   88a90:	f02c 0301 	bic.w	r3, ip, #1
   88a94:	4403      	add	r3, r0
   88a96:	685b      	ldr	r3, [r3, #4]
   88a98:	07db      	lsls	r3, r3, #31
   88a9a:	d468      	bmi.n	88b6e <_realloc_r+0x126>
   88a9c:	f02c 0c03 	bic.w	ip, ip, #3
   88aa0:	eb07 030c 	add.w	r3, r7, ip
   88aa4:	4293      	cmp	r3, r2
   88aa6:	da47      	bge.n	88b38 <_realloc_r+0xf0>
   88aa8:	07cb      	lsls	r3, r1, #31
   88aaa:	d410      	bmi.n	88ace <_realloc_r+0x86>
   88aac:	f854 3c08 	ldr.w	r3, [r4, #-8]
   88ab0:	eba9 0a03 	sub.w	sl, r9, r3
   88ab4:	f8da 3004 	ldr.w	r3, [sl, #4]
   88ab8:	f023 0103 	bic.w	r1, r3, #3
   88abc:	448c      	add	ip, r1
   88abe:	44bc      	add	ip, r7
   88ac0:	4594      	cmp	ip, r2
   88ac2:	f280 8111 	bge.w	88ce8 <_realloc_r+0x2a0>
   88ac6:	187b      	adds	r3, r7, r1
   88ac8:	4293      	cmp	r3, r2
   88aca:	f280 80e8 	bge.w	88c9e <_realloc_r+0x256>
   88ace:	4631      	mov	r1, r6
   88ad0:	4640      	mov	r0, r8
   88ad2:	f7fe fef7 	bl	878c4 <_malloc_r>
   88ad6:	4606      	mov	r6, r0
   88ad8:	b1e0      	cbz	r0, 88b14 <_realloc_r+0xcc>
   88ada:	f854 3c04 	ldr.w	r3, [r4, #-4]
   88ade:	f1a0 0208 	sub.w	r2, r0, #8
   88ae2:	f023 0301 	bic.w	r3, r3, #1
   88ae6:	444b      	add	r3, r9
   88ae8:	4293      	cmp	r3, r2
   88aea:	f000 80d2 	beq.w	88c92 <_realloc_r+0x24a>
   88aee:	1f3a      	subs	r2, r7, #4
   88af0:	2a24      	cmp	r2, #36	; 0x24
   88af2:	f200 80f5 	bhi.w	88ce0 <_realloc_r+0x298>
   88af6:	2a13      	cmp	r2, #19
   88af8:	f200 80ac 	bhi.w	88c54 <_realloc_r+0x20c>
   88afc:	4603      	mov	r3, r0
   88afe:	4622      	mov	r2, r4
   88b00:	6811      	ldr	r1, [r2, #0]
   88b02:	6019      	str	r1, [r3, #0]
   88b04:	6851      	ldr	r1, [r2, #4]
   88b06:	6059      	str	r1, [r3, #4]
   88b08:	6892      	ldr	r2, [r2, #8]
   88b0a:	609a      	str	r2, [r3, #8]
   88b0c:	4621      	mov	r1, r4
   88b0e:	4640      	mov	r0, r8
   88b10:	f7fe fb1c 	bl	8714c <_free_r>
   88b14:	4640      	mov	r0, r8
   88b16:	f7ff fa61 	bl	87fdc <__malloc_unlock>
   88b1a:	4630      	mov	r0, r6
   88b1c:	e8bd 8ff8 	ldmia.w	sp!, {r3, r4, r5, r6, r7, r8, r9, sl, fp, pc}
   88b20:	f025 0507 	bic.w	r5, r5, #7
   88b24:	2d00      	cmp	r5, #0
   88b26:	462a      	mov	r2, r5
   88b28:	da9e      	bge.n	88a68 <_realloc_r+0x20>
   88b2a:	230c      	movs	r3, #12
   88b2c:	2600      	movs	r6, #0
   88b2e:	f8c8 3000 	str.w	r3, [r8]
   88b32:	4630      	mov	r0, r6
   88b34:	e8bd 8ff8 	ldmia.w	sp!, {r3, r4, r5, r6, r7, r8, r9, sl, fp, pc}
   88b38:	461f      	mov	r7, r3
   88b3a:	e9d0 2302 	ldrd	r2, r3, [r0, #8]
   88b3e:	60d3      	str	r3, [r2, #12]
   88b40:	609a      	str	r2, [r3, #8]
   88b42:	1b7b      	subs	r3, r7, r5
   88b44:	2b0f      	cmp	r3, #15
   88b46:	d822      	bhi.n	88b8e <_realloc_r+0x146>
   88b48:	f8d9 3004 	ldr.w	r3, [r9, #4]
   88b4c:	f003 0301 	and.w	r3, r3, #1
   88b50:	433b      	orrs	r3, r7
   88b52:	f8c9 3004 	str.w	r3, [r9, #4]
   88b56:	444f      	add	r7, r9
   88b58:	687b      	ldr	r3, [r7, #4]
   88b5a:	f043 0301 	orr.w	r3, r3, #1
   88b5e:	607b      	str	r3, [r7, #4]
   88b60:	4626      	mov	r6, r4
   88b62:	4640      	mov	r0, r8
   88b64:	f7ff fa3a 	bl	87fdc <__malloc_unlock>
   88b68:	4630      	mov	r0, r6
   88b6a:	e8bd 8ff8 	ldmia.w	sp!, {r3, r4, r5, r6, r7, r8, r9, sl, fp, pc}
   88b6e:	07c9      	lsls	r1, r1, #31
   88b70:	d4ad      	bmi.n	88ace <_realloc_r+0x86>
   88b72:	f854 3c08 	ldr.w	r3, [r4, #-8]
   88b76:	eba9 0a03 	sub.w	sl, r9, r3
   88b7a:	f8da 1004 	ldr.w	r1, [sl, #4]
   88b7e:	f021 0103 	bic.w	r1, r1, #3
   88b82:	e7a0      	b.n	88ac6 <_realloc_r+0x7e>
   88b84:	4611      	mov	r1, r2
   88b86:	e8bd 4ff8 	ldmia.w	sp!, {r3, r4, r5, r6, r7, r8, r9, sl, fp, lr}
   88b8a:	f7fe be9b 	b.w	878c4 <_malloc_r>
   88b8e:	f8d9 1004 	ldr.w	r1, [r9, #4]
   88b92:	f043 0301 	orr.w	r3, r3, #1
   88b96:	f001 0101 	and.w	r1, r1, #1
   88b9a:	4329      	orrs	r1, r5
   88b9c:	f8c9 1004 	str.w	r1, [r9, #4]
   88ba0:	eb09 0105 	add.w	r1, r9, r5
   88ba4:	604b      	str	r3, [r1, #4]
   88ba6:	444f      	add	r7, r9
   88ba8:	687b      	ldr	r3, [r7, #4]
   88baa:	4640      	mov	r0, r8
   88bac:	f043 0301 	orr.w	r3, r3, #1
   88bb0:	3108      	adds	r1, #8
   88bb2:	607b      	str	r3, [r7, #4]
   88bb4:	f7fe faca 	bl	8714c <_free_r>
   88bb8:	e7d2      	b.n	88b60 <_realloc_r+0x118>
   88bba:	f8dc 0004 	ldr.w	r0, [ip, #4]
   88bbe:	f020 0b03 	bic.w	fp, r0, #3
   88bc2:	eb07 0c0b 	add.w	ip, r7, fp
   88bc6:	f105 0010 	add.w	r0, r5, #16
   88bca:	4584      	cmp	ip, r0
   88bcc:	da4d      	bge.n	88c6a <_realloc_r+0x222>
   88bce:	07c9      	lsls	r1, r1, #31
   88bd0:	f53f af7d 	bmi.w	88ace <_realloc_r+0x86>
   88bd4:	f854 1c08 	ldr.w	r1, [r4, #-8]
   88bd8:	eba9 0a01 	sub.w	sl, r9, r1
   88bdc:	f8da 1004 	ldr.w	r1, [sl, #4]
   88be0:	f021 0103 	bic.w	r1, r1, #3
   88be4:	448b      	add	fp, r1
   88be6:	44bb      	add	fp, r7
   88be8:	4558      	cmp	r0, fp
   88bea:	f73f af6c 	bgt.w	88ac6 <_realloc_r+0x7e>
   88bee:	4656      	mov	r6, sl
   88bf0:	f8da 100c 	ldr.w	r1, [sl, #12]
   88bf4:	f856 0f08 	ldr.w	r0, [r6, #8]!
   88bf8:	1f3a      	subs	r2, r7, #4
   88bfa:	2a24      	cmp	r2, #36	; 0x24
   88bfc:	60c1      	str	r1, [r0, #12]
   88bfe:	6088      	str	r0, [r1, #8]
   88c00:	f200 80db 	bhi.w	88dba <_realloc_r+0x372>
   88c04:	2a13      	cmp	r2, #19
   88c06:	f240 80d6 	bls.w	88db6 <_realloc_r+0x36e>
   88c0a:	6821      	ldr	r1, [r4, #0]
   88c0c:	2a1b      	cmp	r2, #27
   88c0e:	f8ca 1008 	str.w	r1, [sl, #8]
   88c12:	6861      	ldr	r1, [r4, #4]
   88c14:	f8ca 100c 	str.w	r1, [sl, #12]
   88c18:	f200 80e0 	bhi.w	88ddc <_realloc_r+0x394>
   88c1c:	3408      	adds	r4, #8
   88c1e:	f10a 0210 	add.w	r2, sl, #16
   88c22:	6821      	ldr	r1, [r4, #0]
   88c24:	6011      	str	r1, [r2, #0]
   88c26:	6861      	ldr	r1, [r4, #4]
   88c28:	6051      	str	r1, [r2, #4]
   88c2a:	68a1      	ldr	r1, [r4, #8]
   88c2c:	6091      	str	r1, [r2, #8]
   88c2e:	ebab 0205 	sub.w	r2, fp, r5
   88c32:	eb0a 0105 	add.w	r1, sl, r5
   88c36:	f042 0201 	orr.w	r2, r2, #1
   88c3a:	6099      	str	r1, [r3, #8]
   88c3c:	604a      	str	r2, [r1, #4]
   88c3e:	f8da 3004 	ldr.w	r3, [sl, #4]
   88c42:	4640      	mov	r0, r8
   88c44:	f003 0301 	and.w	r3, r3, #1
   88c48:	431d      	orrs	r5, r3
   88c4a:	f8ca 5004 	str.w	r5, [sl, #4]
   88c4e:	f7ff f9c5 	bl	87fdc <__malloc_unlock>
   88c52:	e76e      	b.n	88b32 <_realloc_r+0xea>
   88c54:	6823      	ldr	r3, [r4, #0]
   88c56:	2a1b      	cmp	r2, #27
   88c58:	6003      	str	r3, [r0, #0]
   88c5a:	6863      	ldr	r3, [r4, #4]
   88c5c:	6043      	str	r3, [r0, #4]
   88c5e:	d868      	bhi.n	88d32 <_realloc_r+0x2ea>
   88c60:	f104 0208 	add.w	r2, r4, #8
   88c64:	f100 0308 	add.w	r3, r0, #8
   88c68:	e74a      	b.n	88b00 <_realloc_r+0xb8>
   88c6a:	eb09 0205 	add.w	r2, r9, r5
   88c6e:	ebac 0c05 	sub.w	ip, ip, r5
   88c72:	609a      	str	r2, [r3, #8]
   88c74:	f04c 0301 	orr.w	r3, ip, #1
   88c78:	6053      	str	r3, [r2, #4]
   88c7a:	f854 3c04 	ldr.w	r3, [r4, #-4]
   88c7e:	4640      	mov	r0, r8
   88c80:	f003 0301 	and.w	r3, r3, #1
   88c84:	431d      	orrs	r5, r3
   88c86:	f844 5c04 	str.w	r5, [r4, #-4]
   88c8a:	f7ff f9a7 	bl	87fdc <__malloc_unlock>
   88c8e:	4626      	mov	r6, r4
   88c90:	e74f      	b.n	88b32 <_realloc_r+0xea>
   88c92:	f850 3c04 	ldr.w	r3, [r0, #-4]
   88c96:	f023 0303 	bic.w	r3, r3, #3
   88c9a:	441f      	add	r7, r3
   88c9c:	e751      	b.n	88b42 <_realloc_r+0xfa>
   88c9e:	4656      	mov	r6, sl
   88ca0:	f8da 100c 	ldr.w	r1, [sl, #12]
   88ca4:	f856 0f08 	ldr.w	r0, [r6, #8]!
   88ca8:	1f3a      	subs	r2, r7, #4
   88caa:	2a24      	cmp	r2, #36	; 0x24
   88cac:	60c1      	str	r1, [r0, #12]
   88cae:	6088      	str	r0, [r1, #8]
   88cb0:	d84c      	bhi.n	88d4c <_realloc_r+0x304>
   88cb2:	2a13      	cmp	r2, #19
   88cb4:	d948      	bls.n	88d48 <_realloc_r+0x300>
   88cb6:	6821      	ldr	r1, [r4, #0]
   88cb8:	2a1b      	cmp	r2, #27
   88cba:	f8ca 1008 	str.w	r1, [sl, #8]
   88cbe:	6861      	ldr	r1, [r4, #4]
   88cc0:	f8ca 100c 	str.w	r1, [sl, #12]
   88cc4:	d856      	bhi.n	88d74 <_realloc_r+0x32c>
   88cc6:	3408      	adds	r4, #8
   88cc8:	f10a 0210 	add.w	r2, sl, #16
   88ccc:	461f      	mov	r7, r3
   88cce:	6823      	ldr	r3, [r4, #0]
   88cd0:	46d1      	mov	r9, sl
   88cd2:	6013      	str	r3, [r2, #0]
   88cd4:	6863      	ldr	r3, [r4, #4]
   88cd6:	6053      	str	r3, [r2, #4]
   88cd8:	68a3      	ldr	r3, [r4, #8]
   88cda:	4634      	mov	r4, r6
   88cdc:	6093      	str	r3, [r2, #8]
   88cde:	e730      	b.n	88b42 <_realloc_r+0xfa>
   88ce0:	4621      	mov	r1, r4
   88ce2:	f7ff f8fd 	bl	87ee0 <memmove>
   88ce6:	e711      	b.n	88b0c <_realloc_r+0xc4>
   88ce8:	4656      	mov	r6, sl
   88cea:	e9d0 1302 	ldrd	r1, r3, [r0, #8]
   88cee:	60cb      	str	r3, [r1, #12]
   88cf0:	6099      	str	r1, [r3, #8]
   88cf2:	f856 1f08 	ldr.w	r1, [r6, #8]!
   88cf6:	f8da 300c 	ldr.w	r3, [sl, #12]
   88cfa:	1f3a      	subs	r2, r7, #4
   88cfc:	2a24      	cmp	r2, #36	; 0x24
   88cfe:	60cb      	str	r3, [r1, #12]
   88d00:	6099      	str	r1, [r3, #8]
   88d02:	d82d      	bhi.n	88d60 <_realloc_r+0x318>
   88d04:	2a13      	cmp	r2, #19
   88d06:	d929      	bls.n	88d5c <_realloc_r+0x314>
   88d08:	6823      	ldr	r3, [r4, #0]
   88d0a:	2a1b      	cmp	r2, #27
   88d0c:	f8ca 3008 	str.w	r3, [sl, #8]
   88d10:	6863      	ldr	r3, [r4, #4]
   88d12:	f8ca 300c 	str.w	r3, [sl, #12]
   88d16:	d842      	bhi.n	88d9e <_realloc_r+0x356>
   88d18:	3408      	adds	r4, #8
   88d1a:	f10a 0310 	add.w	r3, sl, #16
   88d1e:	6822      	ldr	r2, [r4, #0]
   88d20:	4667      	mov	r7, ip
   88d22:	601a      	str	r2, [r3, #0]
   88d24:	6862      	ldr	r2, [r4, #4]
   88d26:	46d1      	mov	r9, sl
   88d28:	605a      	str	r2, [r3, #4]
   88d2a:	68a2      	ldr	r2, [r4, #8]
   88d2c:	4634      	mov	r4, r6
   88d2e:	609a      	str	r2, [r3, #8]
   88d30:	e707      	b.n	88b42 <_realloc_r+0xfa>
   88d32:	68a3      	ldr	r3, [r4, #8]
   88d34:	2a24      	cmp	r2, #36	; 0x24
   88d36:	6083      	str	r3, [r0, #8]
   88d38:	68e3      	ldr	r3, [r4, #12]
   88d3a:	60c3      	str	r3, [r0, #12]
   88d3c:	d026      	beq.n	88d8c <_realloc_r+0x344>
   88d3e:	f104 0210 	add.w	r2, r4, #16
   88d42:	f100 0310 	add.w	r3, r0, #16
   88d46:	e6db      	b.n	88b00 <_realloc_r+0xb8>
   88d48:	4632      	mov	r2, r6
   88d4a:	e7bf      	b.n	88ccc <_realloc_r+0x284>
   88d4c:	4621      	mov	r1, r4
   88d4e:	4630      	mov	r0, r6
   88d50:	461f      	mov	r7, r3
   88d52:	46d1      	mov	r9, sl
   88d54:	f7ff f8c4 	bl	87ee0 <memmove>
   88d58:	4634      	mov	r4, r6
   88d5a:	e6f2      	b.n	88b42 <_realloc_r+0xfa>
   88d5c:	4633      	mov	r3, r6
   88d5e:	e7de      	b.n	88d1e <_realloc_r+0x2d6>
   88d60:	4621      	mov	r1, r4
   88d62:	4630      	mov	r0, r6
   88d64:	4667      	mov	r7, ip
   88d66:	46d1      	mov	r9, sl
   88d68:	f7ff f8ba 	bl	87ee0 <memmove>
   88d6c:	4634      	mov	r4, r6
   88d6e:	e6e8      	b.n	88b42 <_realloc_r+0xfa>
   88d70:	2000094c 	.word	0x2000094c
   88d74:	68a1      	ldr	r1, [r4, #8]
   88d76:	2a24      	cmp	r2, #36	; 0x24
   88d78:	f8ca 1010 	str.w	r1, [sl, #16]
   88d7c:	68e1      	ldr	r1, [r4, #12]
   88d7e:	f8ca 1014 	str.w	r1, [sl, #20]
   88d82:	d020      	beq.n	88dc6 <_realloc_r+0x37e>
   88d84:	3410      	adds	r4, #16
   88d86:	f10a 0218 	add.w	r2, sl, #24
   88d8a:	e79f      	b.n	88ccc <_realloc_r+0x284>
   88d8c:	6923      	ldr	r3, [r4, #16]
   88d8e:	f104 0218 	add.w	r2, r4, #24
   88d92:	6103      	str	r3, [r0, #16]
   88d94:	6963      	ldr	r3, [r4, #20]
   88d96:	6143      	str	r3, [r0, #20]
   88d98:	f100 0318 	add.w	r3, r0, #24
   88d9c:	e6b0      	b.n	88b00 <_realloc_r+0xb8>
   88d9e:	68a3      	ldr	r3, [r4, #8]
   88da0:	2a24      	cmp	r2, #36	; 0x24
   88da2:	f8ca 3010 	str.w	r3, [sl, #16]
   88da6:	68e3      	ldr	r3, [r4, #12]
   88da8:	f8ca 3014 	str.w	r3, [sl, #20]
   88dac:	d022      	beq.n	88df4 <_realloc_r+0x3ac>
   88dae:	3410      	adds	r4, #16
   88db0:	f10a 0318 	add.w	r3, sl, #24
   88db4:	e7b3      	b.n	88d1e <_realloc_r+0x2d6>
   88db6:	4632      	mov	r2, r6
   88db8:	e733      	b.n	88c22 <_realloc_r+0x1da>
   88dba:	4621      	mov	r1, r4
   88dbc:	4630      	mov	r0, r6
   88dbe:	f7ff f88f 	bl	87ee0 <memmove>
   88dc2:	4b17      	ldr	r3, [pc, #92]	; (88e20 <_realloc_r+0x3d8>)
   88dc4:	e733      	b.n	88c2e <_realloc_r+0x1e6>
   88dc6:	6922      	ldr	r2, [r4, #16]
   88dc8:	3418      	adds	r4, #24
   88dca:	f8ca 2018 	str.w	r2, [sl, #24]
   88dce:	f854 2c04 	ldr.w	r2, [r4, #-4]
   88dd2:	f8ca 201c 	str.w	r2, [sl, #28]
   88dd6:	f10a 0220 	add.w	r2, sl, #32
   88dda:	e777      	b.n	88ccc <_realloc_r+0x284>
   88ddc:	68a1      	ldr	r1, [r4, #8]
   88dde:	2a24      	cmp	r2, #36	; 0x24
   88de0:	f8ca 1010 	str.w	r1, [sl, #16]
   88de4:	68e1      	ldr	r1, [r4, #12]
   88de6:	f8ca 1014 	str.w	r1, [sl, #20]
   88dea:	d00e      	beq.n	88e0a <_realloc_r+0x3c2>
   88dec:	3410      	adds	r4, #16
   88dee:	f10a 0218 	add.w	r2, sl, #24
   88df2:	e716      	b.n	88c22 <_realloc_r+0x1da>
   88df4:	6923      	ldr	r3, [r4, #16]
   88df6:	3418      	adds	r4, #24
   88df8:	f8ca 3018 	str.w	r3, [sl, #24]
   88dfc:	f854 3c04 	ldr.w	r3, [r4, #-4]
   88e00:	f8ca 301c 	str.w	r3, [sl, #28]
   88e04:	f10a 0320 	add.w	r3, sl, #32
   88e08:	e789      	b.n	88d1e <_realloc_r+0x2d6>
   88e0a:	6922      	ldr	r2, [r4, #16]
   88e0c:	3418      	adds	r4, #24
   88e0e:	f8ca 2018 	str.w	r2, [sl, #24]
   88e12:	f854 2c04 	ldr.w	r2, [r4, #-4]
   88e16:	f8ca 201c 	str.w	r2, [sl, #28]
   88e1a:	f10a 0220 	add.w	r2, sl, #32
   88e1e:	e700      	b.n	88c22 <_realloc_r+0x1da>
   88e20:	2000094c 	.word	0x2000094c

00088e24 <_sbrk_r>:
   88e24:	2200      	movs	r2, #0
   88e26:	b538      	push	{r3, r4, r5, lr}
   88e28:	4d06      	ldr	r5, [pc, #24]	; (88e44 <_sbrk_r+0x20>)
   88e2a:	4604      	mov	r4, r0
   88e2c:	4608      	mov	r0, r1
   88e2e:	602a      	str	r2, [r5, #0]
   88e30:	f7f8 fef6 	bl	81c20 <_sbrk>
   88e34:	1c43      	adds	r3, r0, #1
   88e36:	d000      	beq.n	88e3a <_sbrk_r+0x16>
   88e38:	bd38      	pop	{r3, r4, r5, pc}
   88e3a:	682b      	ldr	r3, [r5, #0]
   88e3c:	2b00      	cmp	r3, #0
   88e3e:	d0fb      	beq.n	88e38 <_sbrk_r+0x14>
   88e40:	6023      	str	r3, [r4, #0]
   88e42:	bd38      	pop	{r3, r4, r5, pc}
   88e44:	20003704 	.word	0x20003704

00088e48 <__sread>:
   88e48:	b510      	push	{r4, lr}
   88e4a:	460c      	mov	r4, r1
   88e4c:	f9b1 100e 	ldrsh.w	r1, [r1, #14]
   88e50:	f001 f8e2 	bl	8a018 <_read_r>
   88e54:	2800      	cmp	r0, #0
   88e56:	db03      	blt.n	88e60 <__sread+0x18>
   88e58:	6d23      	ldr	r3, [r4, #80]	; 0x50
   88e5a:	4403      	add	r3, r0
   88e5c:	6523      	str	r3, [r4, #80]	; 0x50
   88e5e:	bd10      	pop	{r4, pc}
   88e60:	89a3      	ldrh	r3, [r4, #12]
   88e62:	f423 5380 	bic.w	r3, r3, #4096	; 0x1000
   88e66:	81a3      	strh	r3, [r4, #12]
   88e68:	bd10      	pop	{r4, pc}
   88e6a:	bf00      	nop

00088e6c <__seofread>:
   88e6c:	2000      	movs	r0, #0
   88e6e:	4770      	bx	lr

00088e70 <__swrite>:
   88e70:	e92d 41f0 	stmdb	sp!, {r4, r5, r6, r7, r8, lr}
   88e74:	460c      	mov	r4, r1
   88e76:	f9b1 100c 	ldrsh.w	r1, [r1, #12]
   88e7a:	461f      	mov	r7, r3
   88e7c:	05cb      	lsls	r3, r1, #23
   88e7e:	4605      	mov	r5, r0
   88e80:	4616      	mov	r6, r2
   88e82:	d40b      	bmi.n	88e9c <__swrite+0x2c>
   88e84:	f421 5180 	bic.w	r1, r1, #4096	; 0x1000
   88e88:	81a1      	strh	r1, [r4, #12]
   88e8a:	463b      	mov	r3, r7
   88e8c:	4632      	mov	r2, r6
   88e8e:	4628      	mov	r0, r5
   88e90:	f9b4 100e 	ldrsh.w	r1, [r4, #14]
   88e94:	e8bd 41f0 	ldmia.w	sp!, {r4, r5, r6, r7, r8, lr}
   88e98:	f000 bf78 	b.w	89d8c <_write_r>
   88e9c:	f9b4 100e 	ldrsh.w	r1, [r4, #14]
   88ea0:	2302      	movs	r3, #2
   88ea2:	2200      	movs	r2, #0
   88ea4:	f001 f8a2 	bl	89fec <_lseek_r>
   88ea8:	f9b4 100c 	ldrsh.w	r1, [r4, #12]
   88eac:	e7ea      	b.n	88e84 <__swrite+0x14>
   88eae:	bf00      	nop

00088eb0 <__sseek>:
   88eb0:	b510      	push	{r4, lr}
   88eb2:	460c      	mov	r4, r1
   88eb4:	f9b1 100e 	ldrsh.w	r1, [r1, #14]
   88eb8:	f001 f898 	bl	89fec <_lseek_r>
   88ebc:	89a3      	ldrh	r3, [r4, #12]
   88ebe:	1c42      	adds	r2, r0, #1
   88ec0:	bf0e      	itee	eq
   88ec2:	f423 5380 	biceq.w	r3, r3, #4096	; 0x1000
   88ec6:	f443 5380 	orrne.w	r3, r3, #4096	; 0x1000
   88eca:	6520      	strne	r0, [r4, #80]	; 0x50
   88ecc:	81a3      	strh	r3, [r4, #12]
   88ece:	bd10      	pop	{r4, pc}

00088ed0 <__sclose>:
   88ed0:	f9b1 100e 	ldrsh.w	r1, [r1, #14]
   88ed4:	f000 bfc6 	b.w	89e64 <_close_r>

00088ed8 <strcmp>:
   88ed8:	ea80 0c01 	eor.w	ip, r0, r1
   88edc:	f01c 0f03 	tst.w	ip, #3
   88ee0:	d137      	bne.n	88f52 <strcmp+0x7a>
   88ee2:	f010 0c03 	ands.w	ip, r0, #3
   88ee6:	f020 0003 	bic.w	r0, r0, #3
   88eea:	f021 0103 	bic.w	r1, r1, #3
   88eee:	f850 2b04 	ldr.w	r2, [r0], #4
   88ef2:	bf08      	it	eq
   88ef4:	f851 3b04 	ldreq.w	r3, [r1], #4
   88ef8:	d00e      	beq.n	88f18 <strcmp+0x40>
   88efa:	f08c 0c03 	eor.w	ip, ip, #3
   88efe:	f06f 437f 	mvn.w	r3, #4278190080	; 0xff000000
   88f02:	ea4f 0ccc 	mov.w	ip, ip, lsl #3
   88f06:	fa23 fc0c 	lsr.w	ip, r3, ip
   88f0a:	f851 3b04 	ldr.w	r3, [r1], #4
   88f0e:	ea42 020c 	orr.w	r2, r2, ip
   88f12:	ea43 030c 	orr.w	r3, r3, ip
   88f16:	bf00      	nop
   88f18:	f1a2 3c01 	sub.w	ip, r2, #16843009	; 0x1010101
   88f1c:	429a      	cmp	r2, r3
   88f1e:	bf01      	itttt	eq
   88f20:	ea2c 0c02 	biceq.w	ip, ip, r2
   88f24:	f01c 3f80 	tsteq.w	ip, #2155905152	; 0x80808080
   88f28:	f850 2b04 	ldreq.w	r2, [r0], #4
   88f2c:	f851 3b04 	ldreq.w	r3, [r1], #4
   88f30:	d0f2      	beq.n	88f18 <strcmp+0x40>
   88f32:	ea4f 6002 	mov.w	r0, r2, lsl #24
   88f36:	ea4f 2212 	mov.w	r2, r2, lsr #8
   88f3a:	2801      	cmp	r0, #1
   88f3c:	bf28      	it	cs
   88f3e:	ebb0 6f03 	cmpcs.w	r0, r3, lsl #24
   88f42:	bf08      	it	eq
   88f44:	0a1b      	lsreq	r3, r3, #8
   88f46:	d0f4      	beq.n	88f32 <strcmp+0x5a>
   88f48:	f003 03ff 	and.w	r3, r3, #255	; 0xff
   88f4c:	0e00      	lsrs	r0, r0, #24
   88f4e:	1ac0      	subs	r0, r0, r3
   88f50:	4770      	bx	lr
   88f52:	f010 0f03 	tst.w	r0, #3
   88f56:	d00a      	beq.n	88f6e <strcmp+0x96>
   88f58:	f810 2b01 	ldrb.w	r2, [r0], #1
   88f5c:	f811 3b01 	ldrb.w	r3, [r1], #1
   88f60:	2a01      	cmp	r2, #1
   88f62:	bf28      	it	cs
   88f64:	429a      	cmpcs	r2, r3
   88f66:	d0f4      	beq.n	88f52 <strcmp+0x7a>
   88f68:	eba2 0003 	sub.w	r0, r2, r3
   88f6c:	4770      	bx	lr
   88f6e:	f84d 5d04 	str.w	r5, [sp, #-4]!
   88f72:	f850 2b04 	ldr.w	r2, [r0], #4
   88f76:	f001 0503 	and.w	r5, r1, #3
   88f7a:	f021 0103 	bic.w	r1, r1, #3
   88f7e:	f851 3b04 	ldr.w	r3, [r1], #4
   88f82:	2d02      	cmp	r5, #2
   88f84:	d026      	beq.n	88fd4 <strcmp+0xfc>
   88f86:	d84d      	bhi.n	89024 <strcmp+0x14c>
   88f88:	f022 457f 	bic.w	r5, r2, #4278190080	; 0xff000000
   88f8c:	ebb5 2f13 	cmp.w	r5, r3, lsr #8
   88f90:	f1a2 3c01 	sub.w	ip, r2, #16843009	; 0x1010101
   88f94:	ea2c 0c02 	bic.w	ip, ip, r2
   88f98:	d10d      	bne.n	88fb6 <strcmp+0xde>
   88f9a:	f01c 3c80 	ands.w	ip, ip, #2155905152	; 0x80808080
   88f9e:	bf08      	it	eq
   88fa0:	f851 3b04 	ldreq.w	r3, [r1], #4
   88fa4:	d10a      	bne.n	88fbc <strcmp+0xe4>
   88fa6:	ea85 0502 	eor.w	r5, r5, r2
   88faa:	ebb5 6f03 	cmp.w	r5, r3, lsl #24
   88fae:	d10c      	bne.n	88fca <strcmp+0xf2>
   88fb0:	f850 2b04 	ldr.w	r2, [r0], #4
   88fb4:	e7e8      	b.n	88f88 <strcmp+0xb0>
   88fb6:	ea4f 2313 	mov.w	r3, r3, lsr #8
   88fba:	e05b      	b.n	89074 <strcmp+0x19c>
   88fbc:	f03c 4c7f 	bics.w	ip, ip, #4278190080	; 0xff000000
   88fc0:	d154      	bne.n	8906c <strcmp+0x194>
   88fc2:	780b      	ldrb	r3, [r1, #0]
   88fc4:	ea4f 6512 	mov.w	r5, r2, lsr #24
   88fc8:	e054      	b.n	89074 <strcmp+0x19c>
   88fca:	ea4f 6512 	mov.w	r5, r2, lsr #24
   88fce:	f003 03ff 	and.w	r3, r3, #255	; 0xff
   88fd2:	e04f      	b.n	89074 <strcmp+0x19c>
   88fd4:	ea4f 4502 	mov.w	r5, r2, lsl #16
   88fd8:	f1a2 3c01 	sub.w	ip, r2, #16843009	; 0x1010101
   88fdc:	ea4f 4515 	mov.w	r5, r5, lsr #16
   88fe0:	ea2c 0c02 	bic.w	ip, ip, r2
   88fe4:	ebb5 4f13 	cmp.w	r5, r3, lsr #16
   88fe8:	d118      	bne.n	8901c <strcmp+0x144>
   88fea:	f01c 3c80 	ands.w	ip, ip, #2155905152	; 0x80808080
   88fee:	bf08      	it	eq
   88ff0:	f851 3b04 	ldreq.w	r3, [r1], #4
   88ff4:	d107      	bne.n	89006 <strcmp+0x12e>
   88ff6:	ea85 0502 	eor.w	r5, r5, r2
   88ffa:	ebb5 4f03 	cmp.w	r5, r3, lsl #16
   88ffe:	d109      	bne.n	89014 <strcmp+0x13c>
   89000:	f850 2b04 	ldr.w	r2, [r0], #4
   89004:	e7e6      	b.n	88fd4 <strcmp+0xfc>
   89006:	ea5f 4c0c 	movs.w	ip, ip, lsl #16
   8900a:	d12f      	bne.n	8906c <strcmp+0x194>
   8900c:	880b      	ldrh	r3, [r1, #0]
   8900e:	ea4f 4512 	mov.w	r5, r2, lsr #16
   89012:	e02f      	b.n	89074 <strcmp+0x19c>
   89014:	ea4f 4303 	mov.w	r3, r3, lsl #16
   89018:	ea4f 4512 	mov.w	r5, r2, lsr #16
   8901c:	ea4f 4313 	mov.w	r3, r3, lsr #16
   89020:	e028      	b.n	89074 <strcmp+0x19c>
   89022:	bf00      	nop
   89024:	f002 05ff 	and.w	r5, r2, #255	; 0xff
   89028:	ebb5 6f13 	cmp.w	r5, r3, lsr #24
   8902c:	f1a2 3c01 	sub.w	ip, r2, #16843009	; 0x1010101
   89030:	ea2c 0c02 	bic.w	ip, ip, r2
   89034:	d10d      	bne.n	89052 <strcmp+0x17a>
   89036:	f01c 3c80 	ands.w	ip, ip, #2155905152	; 0x80808080
   8903a:	bf08      	it	eq
   8903c:	f851 3b04 	ldreq.w	r3, [r1], #4
   89040:	d10a      	bne.n	89058 <strcmp+0x180>
   89042:	ea85 0502 	eor.w	r5, r5, r2
   89046:	ebb5 2f03 	cmp.w	r5, r3, lsl #8
   8904a:	d10a      	bne.n	89062 <strcmp+0x18a>
   8904c:	f850 2b04 	ldr.w	r2, [r0], #4
   89050:	e7e8      	b.n	89024 <strcmp+0x14c>
   89052:	ea4f 6313 	mov.w	r3, r3, lsr #24
   89056:	e00d      	b.n	89074 <strcmp+0x19c>
   89058:	f012 0fff 	tst.w	r2, #255	; 0xff
   8905c:	d006      	beq.n	8906c <strcmp+0x194>
   8905e:	f851 3b04 	ldr.w	r3, [r1], #4
   89062:	ea4f 2512 	mov.w	r5, r2, lsr #8
   89066:	f023 437f 	bic.w	r3, r3, #4278190080	; 0xff000000
   8906a:	e003      	b.n	89074 <strcmp+0x19c>
   8906c:	f04f 0000 	mov.w	r0, #0
   89070:	bc20      	pop	{r5}
   89072:	4770      	bx	lr
   89074:	f005 02ff 	and.w	r2, r5, #255	; 0xff
   89078:	f003 00ff 	and.w	r0, r3, #255	; 0xff
   8907c:	2801      	cmp	r0, #1
   8907e:	bf28      	it	cs
   89080:	4290      	cmpcs	r0, r2
   89082:	bf04      	itt	eq
   89084:	0a2d      	lsreq	r5, r5, #8
   89086:	0a1b      	lsreq	r3, r3, #8
   89088:	d0f4      	beq.n	89074 <strcmp+0x19c>
   8908a:	eba2 0000 	sub.w	r0, r2, r0
   8908e:	bc20      	pop	{r5}
   89090:	4770      	bx	lr
   89092:	bf00      	nop

00089094 <__ssprint_r>:
   89094:	e92d 4ff0 	stmdb	sp!, {r4, r5, r6, r7, r8, r9, sl, fp, lr}
   89098:	6893      	ldr	r3, [r2, #8]
   8909a:	4691      	mov	r9, r2
   8909c:	b083      	sub	sp, #12
   8909e:	2b00      	cmp	r3, #0
   890a0:	d06e      	beq.n	89180 <__ssprint_r+0xec>
   890a2:	6817      	ldr	r7, [r2, #0]
   890a4:	4680      	mov	r8, r0
   890a6:	460c      	mov	r4, r1
   890a8:	6808      	ldr	r0, [r1, #0]
   890aa:	688d      	ldr	r5, [r1, #8]
   890ac:	3708      	adds	r7, #8
   890ae:	e044      	b.n	8913a <__ssprint_r+0xa6>
   890b0:	f8b4 c00c 	ldrh.w	ip, [r4, #12]
   890b4:	f41c 6f90 	tst.w	ip, #1152	; 0x480
   890b8:	d02e      	beq.n	89118 <__ssprint_r+0x84>
   890ba:	e9d4 1304 	ldrd	r1, r3, [r4, #16]
   890be:	1a45      	subs	r5, r0, r1
   890c0:	eb03 0343 	add.w	r3, r3, r3, lsl #1
   890c4:	eb03 73d3 	add.w	r3, r3, r3, lsr #31
   890c8:	19aa      	adds	r2, r5, r6
   890ca:	ea4f 0a63 	mov.w	sl, r3, asr #1
   890ce:	1c53      	adds	r3, r2, #1
   890d0:	4553      	cmp	r3, sl
   890d2:	4652      	mov	r2, sl
   890d4:	bf84      	itt	hi
   890d6:	469a      	movhi	sl, r3
   890d8:	4652      	movhi	r2, sl
   890da:	f41c 6f80 	tst.w	ip, #1024	; 0x400
   890de:	d036      	beq.n	8914e <__ssprint_r+0xba>
   890e0:	4611      	mov	r1, r2
   890e2:	4640      	mov	r0, r8
   890e4:	f7fe fbee 	bl	878c4 <_malloc_r>
   890e8:	2800      	cmp	r0, #0
   890ea:	d03a      	beq.n	89162 <__ssprint_r+0xce>
   890ec:	462a      	mov	r2, r5
   890ee:	6921      	ldr	r1, [r4, #16]
   890f0:	9001      	str	r0, [sp, #4]
   890f2:	f7fa f9c3 	bl	8347c <memcpy>
   890f6:	89a2      	ldrh	r2, [r4, #12]
   890f8:	9b01      	ldr	r3, [sp, #4]
   890fa:	f422 6290 	bic.w	r2, r2, #1152	; 0x480
   890fe:	f042 0280 	orr.w	r2, r2, #128	; 0x80
   89102:	81a2      	strh	r2, [r4, #12]
   89104:	1958      	adds	r0, r3, r5
   89106:	ebaa 0505 	sub.w	r5, sl, r5
   8910a:	60a5      	str	r5, [r4, #8]
   8910c:	f8c4 a014 	str.w	sl, [r4, #20]
   89110:	4635      	mov	r5, r6
   89112:	46b2      	mov	sl, r6
   89114:	6123      	str	r3, [r4, #16]
   89116:	6020      	str	r0, [r4, #0]
   89118:	4659      	mov	r1, fp
   8911a:	4652      	mov	r2, sl
   8911c:	f7fe fee0 	bl	87ee0 <memmove>
   89120:	f8d9 3008 	ldr.w	r3, [r9, #8]
   89124:	68a1      	ldr	r1, [r4, #8]
   89126:	6820      	ldr	r0, [r4, #0]
   89128:	1b4d      	subs	r5, r1, r5
   8912a:	4450      	add	r0, sl
   8912c:	1b9e      	subs	r6, r3, r6
   8912e:	60a5      	str	r5, [r4, #8]
   89130:	6020      	str	r0, [r4, #0]
   89132:	f8c9 6008 	str.w	r6, [r9, #8]
   89136:	b31e      	cbz	r6, 89180 <__ssprint_r+0xec>
   89138:	3708      	adds	r7, #8
   8913a:	e957 b602 	ldrd	fp, r6, [r7, #-8]
   8913e:	2e00      	cmp	r6, #0
   89140:	d0fa      	beq.n	89138 <__ssprint_r+0xa4>
   89142:	42b5      	cmp	r5, r6
   89144:	46aa      	mov	sl, r5
   89146:	d9b3      	bls.n	890b0 <__ssprint_r+0x1c>
   89148:	4635      	mov	r5, r6
   8914a:	46b2      	mov	sl, r6
   8914c:	e7e4      	b.n	89118 <__ssprint_r+0x84>
   8914e:	4640      	mov	r0, r8
   89150:	f7ff fc7a 	bl	88a48 <_realloc_r>
   89154:	4603      	mov	r3, r0
   89156:	2800      	cmp	r0, #0
   89158:	d1d4      	bne.n	89104 <__ssprint_r+0x70>
   8915a:	4640      	mov	r0, r8
   8915c:	6921      	ldr	r1, [r4, #16]
   8915e:	f7fd fff5 	bl	8714c <_free_r>
   89162:	230c      	movs	r3, #12
   89164:	2200      	movs	r2, #0
   89166:	f04f 30ff 	mov.w	r0, #4294967295	; 0xffffffff
   8916a:	f8c8 3000 	str.w	r3, [r8]
   8916e:	89a3      	ldrh	r3, [r4, #12]
   89170:	f043 0340 	orr.w	r3, r3, #64	; 0x40
   89174:	81a3      	strh	r3, [r4, #12]
   89176:	e9c9 2201 	strd	r2, r2, [r9, #4]
   8917a:	b003      	add	sp, #12
   8917c:	e8bd 8ff0 	ldmia.w	sp!, {r4, r5, r6, r7, r8, r9, sl, fp, pc}
   89180:	2300      	movs	r3, #0
   89182:	4618      	mov	r0, r3
   89184:	f8c9 3004 	str.w	r3, [r9, #4]
   89188:	b003      	add	sp, #12
   8918a:	e8bd 8ff0 	ldmia.w	sp!, {r4, r5, r6, r7, r8, r9, sl, fp, pc}
   8918e:	bf00      	nop

00089190 <_svfiprintf_r>:
   89190:	e92d 4ff0 	stmdb	sp!, {r4, r5, r6, r7, r8, r9, sl, fp, lr}
   89194:	b0ab      	sub	sp, #172	; 0xac
   89196:	9306      	str	r3, [sp, #24]
   89198:	898b      	ldrh	r3, [r1, #12]
   8919a:	4617      	mov	r7, r2
   8919c:	061a      	lsls	r2, r3, #24
   8919e:	4688      	mov	r8, r1
   891a0:	4683      	mov	fp, r0
   891a2:	d503      	bpl.n	891ac <_svfiprintf_r+0x1c>
   891a4:	690b      	ldr	r3, [r1, #16]
   891a6:	2b00      	cmp	r3, #0
   891a8:	f000 84a8 	beq.w	89afc <_svfiprintf_r+0x96c>
   891ac:	ab1a      	add	r3, sp, #104	; 0x68
   891ae:	930d      	str	r3, [sp, #52]	; 0x34
   891b0:	2300      	movs	r3, #0
   891b2:	465e      	mov	r6, fp
   891b4:	e9cd 330e 	strd	r3, r3, [sp, #56]	; 0x38
   891b8:	f10d 0968 	add.w	r9, sp, #104	; 0x68
   891bc:	9309      	str	r3, [sp, #36]	; 0x24
   891be:	9303      	str	r3, [sp, #12]
   891c0:	783b      	ldrb	r3, [r7, #0]
   891c2:	2b00      	cmp	r3, #0
   891c4:	f000 8135 	beq.w	89432 <_svfiprintf_r+0x2a2>
   891c8:	463c      	mov	r4, r7
   891ca:	e004      	b.n	891d6 <_svfiprintf_r+0x46>
   891cc:	f814 3f01 	ldrb.w	r3, [r4, #1]!
   891d0:	2b00      	cmp	r3, #0
   891d2:	f000 8156 	beq.w	89482 <_svfiprintf_r+0x2f2>
   891d6:	2b25      	cmp	r3, #37	; 0x25
   891d8:	d1f8      	bne.n	891cc <_svfiprintf_r+0x3c>
   891da:	1be5      	subs	r5, r4, r7
   891dc:	f040 8153 	bne.w	89486 <_svfiprintf_r+0x2f6>
   891e0:	7823      	ldrb	r3, [r4, #0]
   891e2:	2b00      	cmp	r3, #0
   891e4:	f000 8125 	beq.w	89432 <_svfiprintf_r+0x2a2>
   891e8:	2100      	movs	r1, #0
   891ea:	f04f 0200 	mov.w	r2, #0
   891ee:	f04f 3bff 	mov.w	fp, #4294967295	; 0xffffffff
   891f2:	4608      	mov	r0, r1
   891f4:	468a      	mov	sl, r1
   891f6:	7863      	ldrb	r3, [r4, #1]
   891f8:	1c67      	adds	r7, r4, #1
   891fa:	f88d 202f 	strb.w	r2, [sp, #47]	; 0x2f
   891fe:	9105      	str	r1, [sp, #20]
   89200:	3701      	adds	r7, #1
   89202:	f1a3 0220 	sub.w	r2, r3, #32
   89206:	2a58      	cmp	r2, #88	; 0x58
   89208:	f200 8157 	bhi.w	894ba <_svfiprintf_r+0x32a>
   8920c:	e8df f012 	tbh	[pc, r2, lsl #1]
   89210:	015502a9 	.word	0x015502a9
   89214:	02a50155 	.word	0x02a50155
   89218:	01550155 	.word	0x01550155
   8921c:	01550155 	.word	0x01550155
   89220:	01550155 	.word	0x01550155
   89224:	0297029b 	.word	0x0297029b
   89228:	01350155 	.word	0x01350155
   8922c:	0155027e 	.word	0x0155027e
   89230:	0059027a 	.word	0x0059027a
   89234:	00590059 	.word	0x00590059
   89238:	00590059 	.word	0x00590059
   8923c:	00590059 	.word	0x00590059
   89240:	00590059 	.word	0x00590059
   89244:	01550155 	.word	0x01550155
   89248:	01550155 	.word	0x01550155
   8924c:	01550155 	.word	0x01550155
   89250:	01550155 	.word	0x01550155
   89254:	01550155 	.word	0x01550155
   89258:	01550260 	.word	0x01550260
   8925c:	01550155 	.word	0x01550155
   89260:	01550155 	.word	0x01550155
   89264:	01550155 	.word	0x01550155
   89268:	01550155 	.word	0x01550155
   8926c:	01220155 	.word	0x01220155
   89270:	01550155 	.word	0x01550155
   89274:	01550155 	.word	0x01550155
   89278:	00680155 	.word	0x00680155
   8927c:	01550155 	.word	0x01550155
   89280:	01550214 	.word	0x01550214
   89284:	01550155 	.word	0x01550155
   89288:	01550155 	.word	0x01550155
   8928c:	01550155 	.word	0x01550155
   89290:	01550155 	.word	0x01550155
   89294:	02050155 	.word	0x02050155
   89298:	01550184 	.word	0x01550184
   8929c:	01550155 	.word	0x01550155
   892a0:	0184025c 	.word	0x0184025c
   892a4:	01550155 	.word	0x01550155
   892a8:	01550252 	.word	0x01550252
   892ac:	0124023c 	.word	0x0124023c
   892b0:	01e0022b 	.word	0x01e0022b
   892b4:	01bf0155 	.word	0x01bf0155
   892b8:	006a0155 	.word	0x006a0155
   892bc:	01550155 	.word	0x01550155
   892c0:	01e4      	.short	0x01e4
   892c2:	2400      	movs	r4, #0
   892c4:	f1a3 0230 	sub.w	r2, r3, #48	; 0x30
   892c8:	f817 3b01 	ldrb.w	r3, [r7], #1
   892cc:	eb04 0484 	add.w	r4, r4, r4, lsl #2
   892d0:	eb02 0444 	add.w	r4, r2, r4, lsl #1
   892d4:	f1a3 0230 	sub.w	r2, r3, #48	; 0x30
   892d8:	2a09      	cmp	r2, #9
   892da:	d9f5      	bls.n	892c8 <_svfiprintf_r+0x138>
   892dc:	9405      	str	r4, [sp, #20]
   892de:	e790      	b.n	89202 <_svfiprintf_r+0x72>
   892e0:	f04a 0a10 	orr.w	sl, sl, #16
   892e4:	f01a 0120 	ands.w	r1, sl, #32
   892e8:	f000 8108 	beq.w	894fc <_svfiprintf_r+0x36c>
   892ec:	9b06      	ldr	r3, [sp, #24]
   892ee:	3307      	adds	r3, #7
   892f0:	f023 0307 	bic.w	r3, r3, #7
   892f4:	461a      	mov	r2, r3
   892f6:	6859      	ldr	r1, [r3, #4]
   892f8:	2301      	movs	r3, #1
   892fa:	f852 0b08 	ldr.w	r0, [r2], #8
   892fe:	9206      	str	r2, [sp, #24]
   89300:	f04f 0200 	mov.w	r2, #0
   89304:	f88d 202f 	strb.w	r2, [sp, #47]	; 0x2f
   89308:	2200      	movs	r2, #0
   8930a:	9207      	str	r2, [sp, #28]
   8930c:	f1bb 3fff 	cmp.w	fp, #4294967295	; 0xffffffff
   89310:	f000 822f 	beq.w	89772 <_svfiprintf_r+0x5e2>
   89314:	f02a 0280 	bic.w	r2, sl, #128	; 0x80
   89318:	9202      	str	r2, [sp, #8]
   8931a:	ea50 0201 	orrs.w	r2, r0, r1
   8931e:	f040 8226 	bne.w	8976e <_svfiprintf_r+0x5de>
   89322:	f1bb 0f00 	cmp.w	fp, #0
   89326:	f040 840e 	bne.w	89b46 <_svfiprintf_r+0x9b6>
   8932a:	2b00      	cmp	r3, #0
   8932c:	f040 838b 	bne.w	89a46 <_svfiprintf_r+0x8b6>
   89330:	f01a 0301 	ands.w	r3, sl, #1
   89334:	9304      	str	r3, [sp, #16]
   89336:	f000 8388 	beq.w	89a4a <_svfiprintf_r+0x8ba>
   8933a:	2330      	movs	r3, #48	; 0x30
   8933c:	f10d 0467 	add.w	r4, sp, #103	; 0x67
   89340:	f88d 3067 	strb.w	r3, [sp, #103]	; 0x67
   89344:	9a04      	ldr	r2, [sp, #16]
   89346:	9b07      	ldr	r3, [sp, #28]
   89348:	455a      	cmp	r2, fp
   8934a:	bfb8      	it	lt
   8934c:	465a      	movlt	r2, fp
   8934e:	9201      	str	r2, [sp, #4]
   89350:	b113      	cbz	r3, 89358 <_svfiprintf_r+0x1c8>
   89352:	4613      	mov	r3, r2
   89354:	3301      	adds	r3, #1
   89356:	9301      	str	r3, [sp, #4]
   89358:	9b02      	ldr	r3, [sp, #8]
   8935a:	f013 0302 	ands.w	r3, r3, #2
   8935e:	9307      	str	r3, [sp, #28]
   89360:	d002      	beq.n	89368 <_svfiprintf_r+0x1d8>
   89362:	9b01      	ldr	r3, [sp, #4]
   89364:	3302      	adds	r3, #2
   89366:	9301      	str	r3, [sp, #4]
   89368:	9b02      	ldr	r3, [sp, #8]
   8936a:	f013 0384 	ands.w	r3, r3, #132	; 0x84
   8936e:	9308      	str	r3, [sp, #32]
   89370:	d105      	bne.n	8937e <_svfiprintf_r+0x1ee>
   89372:	9b05      	ldr	r3, [sp, #20]
   89374:	9a01      	ldr	r2, [sp, #4]
   89376:	1a9d      	subs	r5, r3, r2
   89378:	2d00      	cmp	r5, #0
   8937a:	f300 82ca 	bgt.w	89912 <_svfiprintf_r+0x782>
   8937e:	e9dd 210e 	ldrd	r2, r1, [sp, #56]	; 0x38
   89382:	f89d 002f 	ldrb.w	r0, [sp, #47]	; 0x2f
   89386:	b178      	cbz	r0, 893a8 <_svfiprintf_r+0x218>
   89388:	2001      	movs	r0, #1
   8938a:	3201      	adds	r2, #1
   8938c:	3101      	adds	r1, #1
   8938e:	f8c9 0004 	str.w	r0, [r9, #4]
   89392:	2a07      	cmp	r2, #7
   89394:	f10d 002f 	add.w	r0, sp, #47	; 0x2f
   89398:	e9cd 210e 	strd	r2, r1, [sp, #56]	; 0x38
   8939c:	f8c9 0000 	str.w	r0, [r9]
   893a0:	f300 82f2 	bgt.w	89988 <_svfiprintf_r+0x7f8>
   893a4:	f109 0908 	add.w	r9, r9, #8
   893a8:	9b07      	ldr	r3, [sp, #28]
   893aa:	b173      	cbz	r3, 893ca <_svfiprintf_r+0x23a>
   893ac:	2302      	movs	r3, #2
   893ae:	3201      	adds	r2, #1
   893b0:	3102      	adds	r1, #2
   893b2:	f8c9 3004 	str.w	r3, [r9, #4]
   893b6:	2a07      	cmp	r2, #7
   893b8:	ab0c      	add	r3, sp, #48	; 0x30
   893ba:	e9cd 210e 	strd	r2, r1, [sp, #56]	; 0x38
   893be:	f8c9 3000 	str.w	r3, [r9]
   893c2:	f300 82ee 	bgt.w	899a2 <_svfiprintf_r+0x812>
   893c6:	f109 0908 	add.w	r9, r9, #8
   893ca:	9b08      	ldr	r3, [sp, #32]
   893cc:	2b80      	cmp	r3, #128	; 0x80
   893ce:	f000 8206 	beq.w	897de <_svfiprintf_r+0x64e>
   893d2:	9b04      	ldr	r3, [sp, #16]
   893d4:	ebab 0503 	sub.w	r5, fp, r3
   893d8:	2d00      	cmp	r5, #0
   893da:	f300 8244 	bgt.w	89866 <_svfiprintf_r+0x6d6>
   893de:	9b04      	ldr	r3, [sp, #16]
   893e0:	3201      	adds	r2, #1
   893e2:	4419      	add	r1, r3
   893e4:	2a07      	cmp	r2, #7
   893e6:	e9cd 210e 	strd	r2, r1, [sp, #56]	; 0x38
   893ea:	f8c9 4000 	str.w	r4, [r9]
   893ee:	f8c9 3004 	str.w	r3, [r9, #4]
   893f2:	f300 8279 	bgt.w	898e8 <_svfiprintf_r+0x758>
   893f6:	f109 0908 	add.w	r9, r9, #8
   893fa:	9b02      	ldr	r3, [sp, #8]
   893fc:	075b      	lsls	r3, r3, #29
   893fe:	d505      	bpl.n	8940c <_svfiprintf_r+0x27c>
   89400:	9b05      	ldr	r3, [sp, #20]
   89402:	9a01      	ldr	r2, [sp, #4]
   89404:	1a9c      	subs	r4, r3, r2
   89406:	2c00      	cmp	r4, #0
   89408:	f300 82d8 	bgt.w	899bc <_svfiprintf_r+0x82c>
   8940c:	9b03      	ldr	r3, [sp, #12]
   8940e:	9a05      	ldr	r2, [sp, #20]
   89410:	9801      	ldr	r0, [sp, #4]
   89412:	4282      	cmp	r2, r0
   89414:	bfac      	ite	ge
   89416:	189b      	addge	r3, r3, r2
   89418:	181b      	addlt	r3, r3, r0
   8941a:	9303      	str	r3, [sp, #12]
   8941c:	2900      	cmp	r1, #0
   8941e:	f040 826f 	bne.w	89900 <_svfiprintf_r+0x770>
   89422:	2300      	movs	r3, #0
   89424:	930e      	str	r3, [sp, #56]	; 0x38
   89426:	783b      	ldrb	r3, [r7, #0]
   89428:	f10d 0968 	add.w	r9, sp, #104	; 0x68
   8942c:	2b00      	cmp	r3, #0
   8942e:	f47f aecb 	bne.w	891c8 <_svfiprintf_r+0x38>
   89432:	9b0f      	ldr	r3, [sp, #60]	; 0x3c
   89434:	2b00      	cmp	r3, #0
   89436:	f040 83a5 	bne.w	89b84 <_svfiprintf_r+0x9f4>
   8943a:	f8b8 300c 	ldrh.w	r3, [r8, #12]
   8943e:	f013 0f40 	tst.w	r3, #64	; 0x40
   89442:	9b03      	ldr	r3, [sp, #12]
   89444:	bf18      	it	ne
   89446:	f04f 33ff 	movne.w	r3, #4294967295	; 0xffffffff
   8944a:	9303      	str	r3, [sp, #12]
   8944c:	9803      	ldr	r0, [sp, #12]
   8944e:	b02b      	add	sp, #172	; 0xac
   89450:	e8bd 8ff0 	ldmia.w	sp!, {r4, r5, r6, r7, r8, r9, sl, fp, pc}
   89454:	f04a 0a10 	orr.w	sl, sl, #16
   89458:	f01a 0120 	ands.w	r1, sl, #32
   8945c:	d041      	beq.n	894e2 <_svfiprintf_r+0x352>
   8945e:	9b06      	ldr	r3, [sp, #24]
   89460:	3307      	adds	r3, #7
   89462:	f023 0307 	bic.w	r3, r3, #7
   89466:	461a      	mov	r2, r3
   89468:	f852 0b08 	ldr.w	r0, [r2], #8
   8946c:	6859      	ldr	r1, [r3, #4]
   8946e:	9206      	str	r2, [sp, #24]
   89470:	2300      	movs	r3, #0
   89472:	e745      	b.n	89300 <_svfiprintf_r+0x170>
   89474:	9b05      	ldr	r3, [sp, #20]
   89476:	425b      	negs	r3, r3
   89478:	9305      	str	r3, [sp, #20]
   8947a:	783b      	ldrb	r3, [r7, #0]
   8947c:	f04a 0a04 	orr.w	sl, sl, #4
   89480:	e6be      	b.n	89200 <_svfiprintf_r+0x70>
   89482:	1be5      	subs	r5, r4, r7
   89484:	d0d5      	beq.n	89432 <_svfiprintf_r+0x2a2>
   89486:	9b0f      	ldr	r3, [sp, #60]	; 0x3c
   89488:	e9c9 7500 	strd	r7, r5, [r9]
   8948c:	442b      	add	r3, r5
   8948e:	930f      	str	r3, [sp, #60]	; 0x3c
   89490:	9b0e      	ldr	r3, [sp, #56]	; 0x38
   89492:	3301      	adds	r3, #1
   89494:	2b07      	cmp	r3, #7
   89496:	930e      	str	r3, [sp, #56]	; 0x38
   89498:	dc05      	bgt.n	894a6 <_svfiprintf_r+0x316>
   8949a:	f109 0908 	add.w	r9, r9, #8
   8949e:	9b03      	ldr	r3, [sp, #12]
   894a0:	442b      	add	r3, r5
   894a2:	9303      	str	r3, [sp, #12]
   894a4:	e69c      	b.n	891e0 <_svfiprintf_r+0x50>
   894a6:	4641      	mov	r1, r8
   894a8:	4630      	mov	r0, r6
   894aa:	aa0d      	add	r2, sp, #52	; 0x34
   894ac:	f7ff fdf2 	bl	89094 <__ssprint_r>
   894b0:	2800      	cmp	r0, #0
   894b2:	d1c2      	bne.n	8943a <_svfiprintf_r+0x2aa>
   894b4:	f10d 0968 	add.w	r9, sp, #104	; 0x68
   894b8:	e7f1      	b.n	8949e <_svfiprintf_r+0x30e>
   894ba:	2900      	cmp	r1, #0
   894bc:	f040 8368 	bne.w	89b90 <_svfiprintf_r+0xa00>
   894c0:	2b00      	cmp	r3, #0
   894c2:	d0b6      	beq.n	89432 <_svfiprintf_r+0x2a2>
   894c4:	f88d 3040 	strb.w	r3, [sp, #64]	; 0x40
   894c8:	f04f 0300 	mov.w	r3, #0
   894cc:	f88d 302f 	strb.w	r3, [sp, #47]	; 0x2f
   894d0:	2301      	movs	r3, #1
   894d2:	ac10      	add	r4, sp, #64	; 0x40
   894d4:	9301      	str	r3, [sp, #4]
   894d6:	9304      	str	r3, [sp, #16]
   894d8:	f04f 0b00 	mov.w	fp, #0
   894dc:	f8cd a008 	str.w	sl, [sp, #8]
   894e0:	e73a      	b.n	89358 <_svfiprintf_r+0x1c8>
   894e2:	f01a 0310 	ands.w	r3, sl, #16
   894e6:	d147      	bne.n	89578 <_svfiprintf_r+0x3e8>
   894e8:	f01a 0140 	ands.w	r1, sl, #64	; 0x40
   894ec:	d044      	beq.n	89578 <_svfiprintf_r+0x3e8>
   894ee:	9a06      	ldr	r2, [sp, #24]
   894f0:	4619      	mov	r1, r3
   894f2:	f852 0b04 	ldr.w	r0, [r2], #4
   894f6:	9206      	str	r2, [sp, #24]
   894f8:	b280      	uxth	r0, r0
   894fa:	e701      	b.n	89300 <_svfiprintf_r+0x170>
   894fc:	f01a 0310 	ands.w	r3, sl, #16
   89500:	9a06      	ldr	r2, [sp, #24]
   89502:	d13f      	bne.n	89584 <_svfiprintf_r+0x3f4>
   89504:	f01a 0140 	ands.w	r1, sl, #64	; 0x40
   89508:	d03c      	beq.n	89584 <_svfiprintf_r+0x3f4>
   8950a:	f852 0b04 	ldr.w	r0, [r2], #4
   8950e:	4619      	mov	r1, r3
   89510:	9206      	str	r2, [sp, #24]
   89512:	2301      	movs	r3, #1
   89514:	b280      	uxth	r0, r0
   89516:	e6f3      	b.n	89300 <_svfiprintf_r+0x170>
   89518:	2900      	cmp	r1, #0
   8951a:	f040 8352 	bne.w	89bc2 <_svfiprintf_r+0xa32>
   8951e:	f01a 0f20 	tst.w	sl, #32
   89522:	9b06      	ldr	r3, [sp, #24]
   89524:	f000 80de 	beq.w	896e4 <_svfiprintf_r+0x554>
   89528:	3307      	adds	r3, #7
   8952a:	f023 0307 	bic.w	r3, r3, #7
   8952e:	461a      	mov	r2, r3
   89530:	685b      	ldr	r3, [r3, #4]
   89532:	f852 0b08 	ldr.w	r0, [r2], #8
   89536:	4619      	mov	r1, r3
   89538:	9206      	str	r2, [sp, #24]
   8953a:	2b00      	cmp	r3, #0
   8953c:	f2c0 8291 	blt.w	89a62 <_svfiprintf_r+0x8d2>
   89540:	f1bb 3fff 	cmp.w	fp, #4294967295	; 0xffffffff
   89544:	f000 82fb 	beq.w	89b3e <_svfiprintf_r+0x9ae>
   89548:	f89d 302f 	ldrb.w	r3, [sp, #47]	; 0x2f
   8954c:	f02a 0a80 	bic.w	sl, sl, #128	; 0x80
   89550:	9307      	str	r3, [sp, #28]
   89552:	ea50 0301 	orrs.w	r3, r0, r1
   89556:	f000 8270 	beq.w	89a3a <_svfiprintf_r+0x8aa>
   8955a:	280a      	cmp	r0, #10
   8955c:	f171 0300 	sbcs.w	r3, r1, #0
   89560:	f080 8296 	bcs.w	89a90 <_svfiprintf_r+0x900>
   89564:	2301      	movs	r3, #1
   89566:	3030      	adds	r0, #48	; 0x30
   89568:	f88d 0067 	strb.w	r0, [sp, #103]	; 0x67
   8956c:	f8cd a008 	str.w	sl, [sp, #8]
   89570:	9304      	str	r3, [sp, #16]
   89572:	f10d 0467 	add.w	r4, sp, #103	; 0x67
   89576:	e6e5      	b.n	89344 <_svfiprintf_r+0x1b4>
   89578:	9b06      	ldr	r3, [sp, #24]
   8957a:	f853 0b04 	ldr.w	r0, [r3], #4
   8957e:	9306      	str	r3, [sp, #24]
   89580:	460b      	mov	r3, r1
   89582:	e6bd      	b.n	89300 <_svfiprintf_r+0x170>
   89584:	f852 0b04 	ldr.w	r0, [r2], #4
   89588:	2301      	movs	r3, #1
   8958a:	9206      	str	r2, [sp, #24]
   8958c:	e6b8      	b.n	89300 <_svfiprintf_r+0x170>
   8958e:	f04f 0300 	mov.w	r3, #0
   89592:	9d06      	ldr	r5, [sp, #24]
   89594:	f88d 302f 	strb.w	r3, [sp, #47]	; 0x2f
   89598:	f855 4b04 	ldr.w	r4, [r5], #4
   8959c:	2c00      	cmp	r4, #0
   8959e:	f000 82e5 	beq.w	89b6c <_svfiprintf_r+0x9dc>
   895a2:	f1bb 3fff 	cmp.w	fp, #4294967295	; 0xffffffff
   895a6:	f000 829c 	beq.w	89ae2 <_svfiprintf_r+0x952>
   895aa:	465a      	mov	r2, fp
   895ac:	2100      	movs	r1, #0
   895ae:	4620      	mov	r0, r4
   895b0:	f7fe fc4e 	bl	87e50 <memchr>
   895b4:	2800      	cmp	r0, #0
   895b6:	f000 82ee 	beq.w	89b96 <_svfiprintf_r+0xa06>
   895ba:	1b03      	subs	r3, r0, r4
   895bc:	9304      	str	r3, [sp, #16]
   895be:	f89d 302f 	ldrb.w	r3, [sp, #47]	; 0x2f
   895c2:	f04f 0b00 	mov.w	fp, #0
   895c6:	9506      	str	r5, [sp, #24]
   895c8:	f8cd a008 	str.w	sl, [sp, #8]
   895cc:	9307      	str	r3, [sp, #28]
   895ce:	e6b9      	b.n	89344 <_svfiprintf_r+0x1b4>
   895d0:	783b      	ldrb	r3, [r7, #0]
   895d2:	f04a 0a20 	orr.w	sl, sl, #32
   895d6:	e613      	b.n	89200 <_svfiprintf_r+0x70>
   895d8:	2900      	cmp	r1, #0
   895da:	f040 82ef 	bne.w	89bbc <_svfiprintf_r+0xa2c>
   895de:	4aa8      	ldr	r2, [pc, #672]	; (89880 <_svfiprintf_r+0x6f0>)
   895e0:	f01a 0120 	ands.w	r1, sl, #32
   895e4:	9209      	str	r2, [sp, #36]	; 0x24
   895e6:	d02f      	beq.n	89648 <_svfiprintf_r+0x4b8>
   895e8:	9a06      	ldr	r2, [sp, #24]
   895ea:	3207      	adds	r2, #7
   895ec:	f022 0207 	bic.w	r2, r2, #7
   895f0:	6851      	ldr	r1, [r2, #4]
   895f2:	f852 0b08 	ldr.w	r0, [r2], #8
   895f6:	9206      	str	r2, [sp, #24]
   895f8:	f01a 0f01 	tst.w	sl, #1
   895fc:	d00b      	beq.n	89616 <_svfiprintf_r+0x486>
   895fe:	ea50 0201 	orrs.w	r2, r0, r1
   89602:	d008      	beq.n	89616 <_svfiprintf_r+0x486>
   89604:	f88d 3031 	strb.w	r3, [sp, #49]	; 0x31
   89608:	2330      	movs	r3, #48	; 0x30
   8960a:	f04a 0a02 	orr.w	sl, sl, #2
   8960e:	f88d 3030 	strb.w	r3, [sp, #48]	; 0x30
   89612:	2302      	movs	r3, #2
   89614:	e674      	b.n	89300 <_svfiprintf_r+0x170>
   89616:	2302      	movs	r3, #2
   89618:	e672      	b.n	89300 <_svfiprintf_r+0x170>
   8961a:	f04f 0200 	mov.w	r2, #0
   8961e:	2101      	movs	r1, #1
   89620:	9b06      	ldr	r3, [sp, #24]
   89622:	f88d 202f 	strb.w	r2, [sp, #47]	; 0x2f
   89626:	f853 2b04 	ldr.w	r2, [r3], #4
   8962a:	9101      	str	r1, [sp, #4]
   8962c:	ac10      	add	r4, sp, #64	; 0x40
   8962e:	f88d 2040 	strb.w	r2, [sp, #64]	; 0x40
   89632:	9306      	str	r3, [sp, #24]
   89634:	9104      	str	r1, [sp, #16]
   89636:	e74f      	b.n	894d8 <_svfiprintf_r+0x348>
   89638:	2900      	cmp	r1, #0
   8963a:	f040 82c5 	bne.w	89bc8 <_svfiprintf_r+0xa38>
   8963e:	4a91      	ldr	r2, [pc, #580]	; (89884 <_svfiprintf_r+0x6f4>)
   89640:	f01a 0120 	ands.w	r1, sl, #32
   89644:	9209      	str	r2, [sp, #36]	; 0x24
   89646:	d1cf      	bne.n	895e8 <_svfiprintf_r+0x458>
   89648:	f01a 0210 	ands.w	r2, sl, #16
   8964c:	f040 81ff 	bne.w	89a4e <_svfiprintf_r+0x8be>
   89650:	f01a 0140 	ands.w	r1, sl, #64	; 0x40
   89654:	f000 81fb 	beq.w	89a4e <_svfiprintf_r+0x8be>
   89658:	9c06      	ldr	r4, [sp, #24]
   8965a:	4611      	mov	r1, r2
   8965c:	f854 0b04 	ldr.w	r0, [r4], #4
   89660:	9406      	str	r4, [sp, #24]
   89662:	b280      	uxth	r0, r0
   89664:	e7c8      	b.n	895f8 <_svfiprintf_r+0x468>
   89666:	2230      	movs	r2, #48	; 0x30
   89668:	f88d 2030 	strb.w	r2, [sp, #48]	; 0x30
   8966c:	2278      	movs	r2, #120	; 0x78
   8966e:	9b06      	ldr	r3, [sp, #24]
   89670:	f88d 2031 	strb.w	r2, [sp, #49]	; 0x31
   89674:	f853 0b04 	ldr.w	r0, [r3], #4
   89678:	4a81      	ldr	r2, [pc, #516]	; (89880 <_svfiprintf_r+0x6f0>)
   8967a:	9306      	str	r3, [sp, #24]
   8967c:	2100      	movs	r1, #0
   8967e:	2302      	movs	r3, #2
   89680:	f04a 0a02 	orr.w	sl, sl, #2
   89684:	9209      	str	r2, [sp, #36]	; 0x24
   89686:	e63b      	b.n	89300 <_svfiprintf_r+0x170>
   89688:	2900      	cmp	r1, #0
   8968a:	f040 828f 	bne.w	89bac <_svfiprintf_r+0xa1c>
   8968e:	f01a 0f20 	tst.w	sl, #32
   89692:	f040 821c 	bne.w	89ace <_svfiprintf_r+0x93e>
   89696:	f01a 0f10 	tst.w	sl, #16
   8969a:	f040 823d 	bne.w	89b18 <_svfiprintf_r+0x988>
   8969e:	f01a 0f40 	tst.w	sl, #64	; 0x40
   896a2:	f000 8239 	beq.w	89b18 <_svfiprintf_r+0x988>
   896a6:	9b06      	ldr	r3, [sp, #24]
   896a8:	9903      	ldr	r1, [sp, #12]
   896aa:	f853 2b04 	ldr.w	r2, [r3], #4
   896ae:	8011      	strh	r1, [r2, #0]
   896b0:	9306      	str	r3, [sp, #24]
   896b2:	e585      	b.n	891c0 <_svfiprintf_r+0x30>
   896b4:	783b      	ldrb	r3, [r7, #0]
   896b6:	2b6c      	cmp	r3, #108	; 0x6c
   896b8:	bf03      	ittte	eq
   896ba:	787b      	ldrbeq	r3, [r7, #1]
   896bc:	f04a 0a20 	orreq.w	sl, sl, #32
   896c0:	3701      	addeq	r7, #1
   896c2:	f04a 0a10 	orrne.w	sl, sl, #16
   896c6:	e59b      	b.n	89200 <_svfiprintf_r+0x70>
   896c8:	783b      	ldrb	r3, [r7, #0]
   896ca:	f04a 0a40 	orr.w	sl, sl, #64	; 0x40
   896ce:	e597      	b.n	89200 <_svfiprintf_r+0x70>
   896d0:	2900      	cmp	r1, #0
   896d2:	f040 827c 	bne.w	89bce <_svfiprintf_r+0xa3e>
   896d6:	f04a 0a10 	orr.w	sl, sl, #16
   896da:	f01a 0f20 	tst.w	sl, #32
   896de:	9b06      	ldr	r3, [sp, #24]
   896e0:	f47f af22 	bne.w	89528 <_svfiprintf_r+0x398>
   896e4:	f853 0b04 	ldr.w	r0, [r3], #4
   896e8:	f01a 0f10 	tst.w	sl, #16
   896ec:	9306      	str	r3, [sp, #24]
   896ee:	f040 81b3 	bne.w	89a58 <_svfiprintf_r+0x8c8>
   896f2:	f01a 0f40 	tst.w	sl, #64	; 0x40
   896f6:	f000 81af 	beq.w	89a58 <_svfiprintf_r+0x8c8>
   896fa:	f340 31c0 	sbfx	r1, r0, #15, #1
   896fe:	460b      	mov	r3, r1
   89700:	b200      	sxth	r0, r0
   89702:	e71a      	b.n	8953a <_svfiprintf_r+0x3aa>
   89704:	783b      	ldrb	r3, [r7, #0]
   89706:	f04a 0a80 	orr.w	sl, sl, #128	; 0x80
   8970a:	e579      	b.n	89200 <_svfiprintf_r+0x70>
   8970c:	463c      	mov	r4, r7
   8970e:	f814 3b01 	ldrb.w	r3, [r4], #1
   89712:	2b2a      	cmp	r3, #42	; 0x2a
   89714:	f000 8265 	beq.w	89be2 <_svfiprintf_r+0xa52>
   89718:	f1a3 0230 	sub.w	r2, r3, #48	; 0x30
   8971c:	2a09      	cmp	r2, #9
   8971e:	4627      	mov	r7, r4
   89720:	f04f 0b00 	mov.w	fp, #0
   89724:	f63f ad6d 	bhi.w	89202 <_svfiprintf_r+0x72>
   89728:	f817 3b01 	ldrb.w	r3, [r7], #1
   8972c:	eb0b 0b8b 	add.w	fp, fp, fp, lsl #2
   89730:	eb02 0b4b 	add.w	fp, r2, fp, lsl #1
   89734:	f1a3 0230 	sub.w	r2, r3, #48	; 0x30
   89738:	2a09      	cmp	r2, #9
   8973a:	d9f5      	bls.n	89728 <_svfiprintf_r+0x598>
   8973c:	e561      	b.n	89202 <_svfiprintf_r+0x72>
   8973e:	2101      	movs	r1, #1
   89740:	202b      	movs	r0, #43	; 0x2b
   89742:	783b      	ldrb	r3, [r7, #0]
   89744:	e55c      	b.n	89200 <_svfiprintf_r+0x70>
   89746:	9b06      	ldr	r3, [sp, #24]
   89748:	f853 2b04 	ldr.w	r2, [r3], #4
   8974c:	2a00      	cmp	r2, #0
   8974e:	e9cd 2305 	strd	r2, r3, [sp, #20]
   89752:	f6ff ae8f 	blt.w	89474 <_svfiprintf_r+0x2e4>
   89756:	783b      	ldrb	r3, [r7, #0]
   89758:	e552      	b.n	89200 <_svfiprintf_r+0x70>
   8975a:	783b      	ldrb	r3, [r7, #0]
   8975c:	f04a 0a01 	orr.w	sl, sl, #1
   89760:	e54e      	b.n	89200 <_svfiprintf_r+0x70>
   89762:	2800      	cmp	r0, #0
   89764:	d1f7      	bne.n	89756 <_svfiprintf_r+0x5c6>
   89766:	2101      	movs	r1, #1
   89768:	2020      	movs	r0, #32
   8976a:	783b      	ldrb	r3, [r7, #0]
   8976c:	e548      	b.n	89200 <_svfiprintf_r+0x70>
   8976e:	f8dd a008 	ldr.w	sl, [sp, #8]
   89772:	2b01      	cmp	r3, #1
   89774:	f43f aef1 	beq.w	8955a <_svfiprintf_r+0x3ca>
   89778:	2b02      	cmp	r3, #2
   8977a:	ac1a      	add	r4, sp, #104	; 0x68
   8977c:	d112      	bne.n	897a4 <_svfiprintf_r+0x614>
   8977e:	9a09      	ldr	r2, [sp, #36]	; 0x24
   89780:	f000 030f 	and.w	r3, r0, #15
   89784:	5cd3      	ldrb	r3, [r2, r3]
   89786:	0900      	lsrs	r0, r0, #4
   89788:	ea40 7001 	orr.w	r0, r0, r1, lsl #28
   8978c:	0909      	lsrs	r1, r1, #4
   8978e:	f804 3d01 	strb.w	r3, [r4, #-1]!
   89792:	ea50 0301 	orrs.w	r3, r0, r1
   89796:	d1f3      	bne.n	89780 <_svfiprintf_r+0x5f0>
   89798:	ab1a      	add	r3, sp, #104	; 0x68
   8979a:	1b1b      	subs	r3, r3, r4
   8979c:	f8cd a008 	str.w	sl, [sp, #8]
   897a0:	9304      	str	r3, [sp, #16]
   897a2:	e5cf      	b.n	89344 <_svfiprintf_r+0x1b4>
   897a4:	f000 0307 	and.w	r3, r0, #7
   897a8:	08c0      	lsrs	r0, r0, #3
   897aa:	ea40 7041 	orr.w	r0, r0, r1, lsl #29
   897ae:	08c9      	lsrs	r1, r1, #3
   897b0:	3330      	adds	r3, #48	; 0x30
   897b2:	ea50 0501 	orrs.w	r5, r0, r1
   897b6:	4622      	mov	r2, r4
   897b8:	f804 3d01 	strb.w	r3, [r4, #-1]!
   897bc:	d1f2      	bne.n	897a4 <_svfiprintf_r+0x614>
   897be:	f01a 0f01 	tst.w	sl, #1
   897c2:	d0e9      	beq.n	89798 <_svfiprintf_r+0x608>
   897c4:	2b30      	cmp	r3, #48	; 0x30
   897c6:	d0e7      	beq.n	89798 <_svfiprintf_r+0x608>
   897c8:	2330      	movs	r3, #48	; 0x30
   897ca:	3a02      	subs	r2, #2
   897cc:	f804 3c01 	strb.w	r3, [r4, #-1]
   897d0:	ab1a      	add	r3, sp, #104	; 0x68
   897d2:	1a9b      	subs	r3, r3, r2
   897d4:	4614      	mov	r4, r2
   897d6:	f8cd a008 	str.w	sl, [sp, #8]
   897da:	9304      	str	r3, [sp, #16]
   897dc:	e5b2      	b.n	89344 <_svfiprintf_r+0x1b4>
   897de:	9b05      	ldr	r3, [sp, #20]
   897e0:	9801      	ldr	r0, [sp, #4]
   897e2:	1a1d      	subs	r5, r3, r0
   897e4:	2d00      	cmp	r5, #0
   897e6:	f77f adf4 	ble.w	893d2 <_svfiprintf_r+0x242>
   897ea:	2d10      	cmp	r5, #16
   897ec:	f340 81f6 	ble.w	89bdc <_svfiprintf_r+0xa4c>
   897f0:	f8df a094 	ldr.w	sl, [pc, #148]	; 89888 <_svfiprintf_r+0x6f8>
   897f4:	2310      	movs	r3, #16
   897f6:	4650      	mov	r0, sl
   897f8:	46a2      	mov	sl, r4
   897fa:	4604      	mov	r4, r0
   897fc:	e004      	b.n	89808 <_svfiprintf_r+0x678>
   897fe:	3d10      	subs	r5, #16
   89800:	2d10      	cmp	r5, #16
   89802:	f109 0908 	add.w	r9, r9, #8
   89806:	dd18      	ble.n	8983a <_svfiprintf_r+0x6aa>
   89808:	3201      	adds	r2, #1
   8980a:	3110      	adds	r1, #16
   8980c:	2a07      	cmp	r2, #7
   8980e:	e9c9 4300 	strd	r4, r3, [r9]
   89812:	e9cd 210e 	strd	r2, r1, [sp, #56]	; 0x38
   89816:	ddf2      	ble.n	897fe <_svfiprintf_r+0x66e>
   89818:	4641      	mov	r1, r8
   8981a:	4630      	mov	r0, r6
   8981c:	aa0d      	add	r2, sp, #52	; 0x34
   8981e:	f7ff fc39 	bl	89094 <__ssprint_r>
   89822:	2800      	cmp	r0, #0
   89824:	f47f ae09 	bne.w	8943a <_svfiprintf_r+0x2aa>
   89828:	e9dd 210e 	ldrd	r2, r1, [sp, #56]	; 0x38
   8982c:	3d10      	subs	r5, #16
   8982e:	2d10      	cmp	r5, #16
   89830:	f04f 0310 	mov.w	r3, #16
   89834:	f10d 0968 	add.w	r9, sp, #104	; 0x68
   89838:	dce6      	bgt.n	89808 <_svfiprintf_r+0x678>
   8983a:	4623      	mov	r3, r4
   8983c:	4654      	mov	r4, sl
   8983e:	469a      	mov	sl, r3
   89840:	3201      	adds	r2, #1
   89842:	4429      	add	r1, r5
   89844:	2a07      	cmp	r2, #7
   89846:	e9cd 210e 	strd	r2, r1, [sp, #56]	; 0x38
   8984a:	f8c9 a000 	str.w	sl, [r9]
   8984e:	f8c9 5004 	str.w	r5, [r9, #4]
   89852:	f300 817e 	bgt.w	89b52 <_svfiprintf_r+0x9c2>
   89856:	9b04      	ldr	r3, [sp, #16]
   89858:	f109 0908 	add.w	r9, r9, #8
   8985c:	ebab 0503 	sub.w	r5, fp, r3
   89860:	2d00      	cmp	r5, #0
   89862:	f77f adbc 	ble.w	893de <_svfiprintf_r+0x24e>
   89866:	2d10      	cmp	r5, #16
   89868:	f340 8189 	ble.w	89b7e <_svfiprintf_r+0x9ee>
   8986c:	f8df a018 	ldr.w	sl, [pc, #24]	; 89888 <_svfiprintf_r+0x6f8>
   89870:	460b      	mov	r3, r1
   89872:	4651      	mov	r1, sl
   89874:	f04f 0b10 	mov.w	fp, #16
   89878:	46a2      	mov	sl, r4
   8987a:	460c      	mov	r4, r1
   8987c:	e00b      	b.n	89896 <_svfiprintf_r+0x706>
   8987e:	bf00      	nop
   89880:	0008afdc 	.word	0x0008afdc
   89884:	0008aff0 	.word	0x0008aff0
   89888:	0008b228 	.word	0x0008b228
   8988c:	3d10      	subs	r5, #16
   8988e:	2d10      	cmp	r5, #16
   89890:	f109 0908 	add.w	r9, r9, #8
   89894:	dd16      	ble.n	898c4 <_svfiprintf_r+0x734>
   89896:	3201      	adds	r2, #1
   89898:	3310      	adds	r3, #16
   8989a:	2a07      	cmp	r2, #7
   8989c:	e9c9 4b00 	strd	r4, fp, [r9]
   898a0:	e9cd 230e 	strd	r2, r3, [sp, #56]	; 0x38
   898a4:	ddf2      	ble.n	8988c <_svfiprintf_r+0x6fc>
   898a6:	4641      	mov	r1, r8
   898a8:	4630      	mov	r0, r6
   898aa:	aa0d      	add	r2, sp, #52	; 0x34
   898ac:	f7ff fbf2 	bl	89094 <__ssprint_r>
   898b0:	2800      	cmp	r0, #0
   898b2:	f47f adc2 	bne.w	8943a <_svfiprintf_r+0x2aa>
   898b6:	e9dd 230e 	ldrd	r2, r3, [sp, #56]	; 0x38
   898ba:	3d10      	subs	r5, #16
   898bc:	2d10      	cmp	r5, #16
   898be:	f10d 0968 	add.w	r9, sp, #104	; 0x68
   898c2:	dce8      	bgt.n	89896 <_svfiprintf_r+0x706>
   898c4:	4619      	mov	r1, r3
   898c6:	4623      	mov	r3, r4
   898c8:	4654      	mov	r4, sl
   898ca:	469a      	mov	sl, r3
   898cc:	3201      	adds	r2, #1
   898ce:	4429      	add	r1, r5
   898d0:	2a07      	cmp	r2, #7
   898d2:	e9cd 210e 	strd	r2, r1, [sp, #56]	; 0x38
   898d6:	f8c9 a000 	str.w	sl, [r9]
   898da:	f8c9 5004 	str.w	r5, [r9, #4]
   898de:	f300 80ca 	bgt.w	89a76 <_svfiprintf_r+0x8e6>
   898e2:	f109 0908 	add.w	r9, r9, #8
   898e6:	e57a      	b.n	893de <_svfiprintf_r+0x24e>
   898e8:	4641      	mov	r1, r8
   898ea:	4630      	mov	r0, r6
   898ec:	aa0d      	add	r2, sp, #52	; 0x34
   898ee:	f7ff fbd1 	bl	89094 <__ssprint_r>
   898f2:	2800      	cmp	r0, #0
   898f4:	f47f ada1 	bne.w	8943a <_svfiprintf_r+0x2aa>
   898f8:	990f      	ldr	r1, [sp, #60]	; 0x3c
   898fa:	f10d 0968 	add.w	r9, sp, #104	; 0x68
   898fe:	e57c      	b.n	893fa <_svfiprintf_r+0x26a>
   89900:	4641      	mov	r1, r8
   89902:	4630      	mov	r0, r6
   89904:	aa0d      	add	r2, sp, #52	; 0x34
   89906:	f7ff fbc5 	bl	89094 <__ssprint_r>
   8990a:	2800      	cmp	r0, #0
   8990c:	f43f ad89 	beq.w	89422 <_svfiprintf_r+0x292>
   89910:	e593      	b.n	8943a <_svfiprintf_r+0x2aa>
   89912:	2d10      	cmp	r5, #16
   89914:	f340 814d 	ble.w	89bb2 <_svfiprintf_r+0xa22>
   89918:	e9dd 210e 	ldrd	r2, r1, [sp, #56]	; 0x38
   8991c:	f8df a2e4 	ldr.w	sl, [pc, #740]	; 89c04 <_svfiprintf_r+0xa74>
   89920:	2310      	movs	r3, #16
   89922:	4650      	mov	r0, sl
   89924:	46a2      	mov	sl, r4
   89926:	4604      	mov	r4, r0
   89928:	e004      	b.n	89934 <_svfiprintf_r+0x7a4>
   8992a:	3d10      	subs	r5, #16
   8992c:	2d10      	cmp	r5, #16
   8992e:	f109 0908 	add.w	r9, r9, #8
   89932:	dd18      	ble.n	89966 <_svfiprintf_r+0x7d6>
   89934:	3201      	adds	r2, #1
   89936:	3110      	adds	r1, #16
   89938:	2a07      	cmp	r2, #7
   8993a:	e9c9 4300 	strd	r4, r3, [r9]
   8993e:	e9cd 210e 	strd	r2, r1, [sp, #56]	; 0x38
   89942:	ddf2      	ble.n	8992a <_svfiprintf_r+0x79a>
   89944:	4641      	mov	r1, r8
   89946:	4630      	mov	r0, r6
   89948:	aa0d      	add	r2, sp, #52	; 0x34
   8994a:	f7ff fba3 	bl	89094 <__ssprint_r>
   8994e:	2800      	cmp	r0, #0
   89950:	f47f ad73 	bne.w	8943a <_svfiprintf_r+0x2aa>
   89954:	e9dd 210e 	ldrd	r2, r1, [sp, #56]	; 0x38
   89958:	3d10      	subs	r5, #16
   8995a:	2d10      	cmp	r5, #16
   8995c:	f04f 0310 	mov.w	r3, #16
   89960:	f10d 0968 	add.w	r9, sp, #104	; 0x68
   89964:	dce6      	bgt.n	89934 <_svfiprintf_r+0x7a4>
   89966:	4623      	mov	r3, r4
   89968:	4654      	mov	r4, sl
   8996a:	469a      	mov	sl, r3
   8996c:	3201      	adds	r2, #1
   8996e:	4429      	add	r1, r5
   89970:	2a07      	cmp	r2, #7
   89972:	e9cd 210e 	strd	r2, r1, [sp, #56]	; 0x38
   89976:	f8c9 a000 	str.w	sl, [r9]
   8997a:	f8c9 5004 	str.w	r5, [r9, #4]
   8997e:	f300 80d3 	bgt.w	89b28 <_svfiprintf_r+0x998>
   89982:	f109 0908 	add.w	r9, r9, #8
   89986:	e4fc      	b.n	89382 <_svfiprintf_r+0x1f2>
   89988:	4641      	mov	r1, r8
   8998a:	4630      	mov	r0, r6
   8998c:	aa0d      	add	r2, sp, #52	; 0x34
   8998e:	f7ff fb81 	bl	89094 <__ssprint_r>
   89992:	2800      	cmp	r0, #0
   89994:	f47f ad51 	bne.w	8943a <_svfiprintf_r+0x2aa>
   89998:	e9dd 210e 	ldrd	r2, r1, [sp, #56]	; 0x38
   8999c:	f10d 0968 	add.w	r9, sp, #104	; 0x68
   899a0:	e502      	b.n	893a8 <_svfiprintf_r+0x218>
   899a2:	4641      	mov	r1, r8
   899a4:	4630      	mov	r0, r6
   899a6:	aa0d      	add	r2, sp, #52	; 0x34
   899a8:	f7ff fb74 	bl	89094 <__ssprint_r>
   899ac:	2800      	cmp	r0, #0
   899ae:	f47f ad44 	bne.w	8943a <_svfiprintf_r+0x2aa>
   899b2:	e9dd 210e 	ldrd	r2, r1, [sp, #56]	; 0x38
   899b6:	f10d 0968 	add.w	r9, sp, #104	; 0x68
   899ba:	e506      	b.n	893ca <_svfiprintf_r+0x23a>
   899bc:	2c10      	cmp	r4, #16
   899be:	f340 8109 	ble.w	89bd4 <_svfiprintf_r+0xa44>
   899c2:	f8df a240 	ldr.w	sl, [pc, #576]	; 89c04 <_svfiprintf_r+0xa74>
   899c6:	460a      	mov	r2, r1
   899c8:	4651      	mov	r1, sl
   899ca:	2510      	movs	r5, #16
   899cc:	46b2      	mov	sl, r6
   899ce:	9b0e      	ldr	r3, [sp, #56]	; 0x38
   899d0:	460e      	mov	r6, r1
   899d2:	e004      	b.n	899de <_svfiprintf_r+0x84e>
   899d4:	3c10      	subs	r4, #16
   899d6:	2c10      	cmp	r4, #16
   899d8:	f109 0908 	add.w	r9, r9, #8
   899dc:	dd16      	ble.n	89a0c <_svfiprintf_r+0x87c>
   899de:	3301      	adds	r3, #1
   899e0:	3210      	adds	r2, #16
   899e2:	2b07      	cmp	r3, #7
   899e4:	e9c9 6500 	strd	r6, r5, [r9]
   899e8:	e9cd 320e 	strd	r3, r2, [sp, #56]	; 0x38
   899ec:	ddf2      	ble.n	899d4 <_svfiprintf_r+0x844>
   899ee:	4641      	mov	r1, r8
   899f0:	4650      	mov	r0, sl
   899f2:	aa0d      	add	r2, sp, #52	; 0x34
   899f4:	f7ff fb4e 	bl	89094 <__ssprint_r>
   899f8:	2800      	cmp	r0, #0
   899fa:	f47f ad1e 	bne.w	8943a <_svfiprintf_r+0x2aa>
   899fe:	e9dd 320e 	ldrd	r3, r2, [sp, #56]	; 0x38
   89a02:	3c10      	subs	r4, #16
   89a04:	2c10      	cmp	r4, #16
   89a06:	f10d 0968 	add.w	r9, sp, #104	; 0x68
   89a0a:	dce8      	bgt.n	899de <_svfiprintf_r+0x84e>
   89a0c:	4611      	mov	r1, r2
   89a0e:	4632      	mov	r2, r6
   89a10:	4656      	mov	r6, sl
   89a12:	4692      	mov	sl, r2
   89a14:	3301      	adds	r3, #1
   89a16:	4421      	add	r1, r4
   89a18:	2b07      	cmp	r3, #7
   89a1a:	e9c9 a400 	strd	sl, r4, [r9]
   89a1e:	e9cd 310e 	strd	r3, r1, [sp, #56]	; 0x38
   89a22:	f77f acf3 	ble.w	8940c <_svfiprintf_r+0x27c>
   89a26:	4641      	mov	r1, r8
   89a28:	4630      	mov	r0, r6
   89a2a:	aa0d      	add	r2, sp, #52	; 0x34
   89a2c:	f7ff fb32 	bl	89094 <__ssprint_r>
   89a30:	2800      	cmp	r0, #0
   89a32:	f47f ad02 	bne.w	8943a <_svfiprintf_r+0x2aa>
   89a36:	990f      	ldr	r1, [sp, #60]	; 0x3c
   89a38:	e4e8      	b.n	8940c <_svfiprintf_r+0x27c>
   89a3a:	f1bb 0f00 	cmp.w	fp, #0
   89a3e:	f47f ad91 	bne.w	89564 <_svfiprintf_r+0x3d4>
   89a42:	f8cd a008 	str.w	sl, [sp, #8]
   89a46:	f8cd b010 	str.w	fp, [sp, #16]
   89a4a:	ac1a      	add	r4, sp, #104	; 0x68
   89a4c:	e47a      	b.n	89344 <_svfiprintf_r+0x1b4>
   89a4e:	9a06      	ldr	r2, [sp, #24]
   89a50:	f852 0b04 	ldr.w	r0, [r2], #4
   89a54:	9206      	str	r2, [sp, #24]
   89a56:	e5cf      	b.n	895f8 <_svfiprintf_r+0x468>
   89a58:	17c1      	asrs	r1, r0, #31
   89a5a:	460b      	mov	r3, r1
   89a5c:	2b00      	cmp	r3, #0
   89a5e:	f6bf ad6f 	bge.w	89540 <_svfiprintf_r+0x3b0>
   89a62:	222d      	movs	r2, #45	; 0x2d
   89a64:	4240      	negs	r0, r0
   89a66:	f04f 0301 	mov.w	r3, #1
   89a6a:	eb61 0141 	sbc.w	r1, r1, r1, lsl #1
   89a6e:	f88d 202f 	strb.w	r2, [sp, #47]	; 0x2f
   89a72:	9207      	str	r2, [sp, #28]
   89a74:	e44a      	b.n	8930c <_svfiprintf_r+0x17c>
   89a76:	4641      	mov	r1, r8
   89a78:	4630      	mov	r0, r6
   89a7a:	aa0d      	add	r2, sp, #52	; 0x34
   89a7c:	f7ff fb0a 	bl	89094 <__ssprint_r>
   89a80:	2800      	cmp	r0, #0
   89a82:	f47f acda 	bne.w	8943a <_svfiprintf_r+0x2aa>
   89a86:	e9dd 210e 	ldrd	r2, r1, [sp, #56]	; 0x38
   89a8a:	f10d 0968 	add.w	r9, sp, #104	; 0x68
   89a8e:	e4a6      	b.n	893de <_svfiprintf_r+0x24e>
   89a90:	ac1a      	add	r4, sp, #104	; 0x68
   89a92:	f8cd a004 	str.w	sl, [sp, #4]
   89a96:	220a      	movs	r2, #10
   89a98:	2300      	movs	r3, #0
   89a9a:	4682      	mov	sl, r0
   89a9c:	460d      	mov	r5, r1
   89a9e:	f001 f8c9 	bl	8ac34 <__aeabi_uldivmod>
   89aa2:	3230      	adds	r2, #48	; 0x30
   89aa4:	2300      	movs	r3, #0
   89aa6:	f804 2d01 	strb.w	r2, [r4, #-1]!
   89aaa:	4650      	mov	r0, sl
   89aac:	4629      	mov	r1, r5
   89aae:	220a      	movs	r2, #10
   89ab0:	f001 f8c0 	bl	8ac34 <__aeabi_uldivmod>
   89ab4:	f1ba 0f0a 	cmp.w	sl, #10
   89ab8:	f175 0300 	sbcs.w	r3, r5, #0
   89abc:	d2eb      	bcs.n	89a96 <_svfiprintf_r+0x906>
   89abe:	f8dd a004 	ldr.w	sl, [sp, #4]
   89ac2:	ab1a      	add	r3, sp, #104	; 0x68
   89ac4:	1b1b      	subs	r3, r3, r4
   89ac6:	f8cd a008 	str.w	sl, [sp, #8]
   89aca:	9304      	str	r3, [sp, #16]
   89acc:	e43a      	b.n	89344 <_svfiprintf_r+0x1b4>
   89ace:	9b06      	ldr	r3, [sp, #24]
   89ad0:	9803      	ldr	r0, [sp, #12]
   89ad2:	f853 1b04 	ldr.w	r1, [r3], #4
   89ad6:	17c2      	asrs	r2, r0, #31
   89ad8:	e9c1 0200 	strd	r0, r2, [r1]
   89adc:	9306      	str	r3, [sp, #24]
   89ade:	f7ff bb6f 	b.w	891c0 <_svfiprintf_r+0x30>
   89ae2:	4620      	mov	r0, r4
   89ae4:	9506      	str	r5, [sp, #24]
   89ae6:	f8cd a008 	str.w	sl, [sp, #8]
   89aea:	f7f9 fe8f 	bl	8380c <strlen>
   89aee:	f89d 302f 	ldrb.w	r3, [sp, #47]	; 0x2f
   89af2:	f04f 0b00 	mov.w	fp, #0
   89af6:	9307      	str	r3, [sp, #28]
   89af8:	9004      	str	r0, [sp, #16]
   89afa:	e423      	b.n	89344 <_svfiprintf_r+0x1b4>
   89afc:	2140      	movs	r1, #64	; 0x40
   89afe:	f7fd fee1 	bl	878c4 <_malloc_r>
   89b02:	f8c8 0000 	str.w	r0, [r8]
   89b06:	f8c8 0010 	str.w	r0, [r8, #16]
   89b0a:	2800      	cmp	r0, #0
   89b0c:	d073      	beq.n	89bf6 <_svfiprintf_r+0xa66>
   89b0e:	2340      	movs	r3, #64	; 0x40
   89b10:	f8c8 3014 	str.w	r3, [r8, #20]
   89b14:	f7ff bb4a 	b.w	891ac <_svfiprintf_r+0x1c>
   89b18:	9b06      	ldr	r3, [sp, #24]
   89b1a:	9903      	ldr	r1, [sp, #12]
   89b1c:	f853 2b04 	ldr.w	r2, [r3], #4
   89b20:	6011      	str	r1, [r2, #0]
   89b22:	9306      	str	r3, [sp, #24]
   89b24:	f7ff bb4c 	b.w	891c0 <_svfiprintf_r+0x30>
   89b28:	4641      	mov	r1, r8
   89b2a:	4630      	mov	r0, r6
   89b2c:	aa0d      	add	r2, sp, #52	; 0x34
   89b2e:	f7ff fab1 	bl	89094 <__ssprint_r>
   89b32:	2800      	cmp	r0, #0
   89b34:	f47f ac81 	bne.w	8943a <_svfiprintf_r+0x2aa>
   89b38:	f10d 0968 	add.w	r9, sp, #104	; 0x68
   89b3c:	e41f      	b.n	8937e <_svfiprintf_r+0x1ee>
   89b3e:	f89d 302f 	ldrb.w	r3, [sp, #47]	; 0x2f
   89b42:	9307      	str	r3, [sp, #28]
   89b44:	e509      	b.n	8955a <_svfiprintf_r+0x3ca>
   89b46:	2b01      	cmp	r3, #1
   89b48:	f8dd a008 	ldr.w	sl, [sp, #8]
   89b4c:	f47f ae14 	bne.w	89778 <_svfiprintf_r+0x5e8>
   89b50:	e508      	b.n	89564 <_svfiprintf_r+0x3d4>
   89b52:	4641      	mov	r1, r8
   89b54:	4630      	mov	r0, r6
   89b56:	aa0d      	add	r2, sp, #52	; 0x34
   89b58:	f7ff fa9c 	bl	89094 <__ssprint_r>
   89b5c:	2800      	cmp	r0, #0
   89b5e:	f47f ac6c 	bne.w	8943a <_svfiprintf_r+0x2aa>
   89b62:	e9dd 210e 	ldrd	r2, r1, [sp, #56]	; 0x38
   89b66:	f10d 0968 	add.w	r9, sp, #104	; 0x68
   89b6a:	e432      	b.n	893d2 <_svfiprintf_r+0x242>
   89b6c:	465b      	mov	r3, fp
   89b6e:	2b06      	cmp	r3, #6
   89b70:	bf28      	it	cs
   89b72:	2306      	movcs	r3, #6
   89b74:	4c24      	ldr	r4, [pc, #144]	; (89c08 <_svfiprintf_r+0xa78>)
   89b76:	9304      	str	r3, [sp, #16]
   89b78:	9506      	str	r5, [sp, #24]
   89b7a:	9301      	str	r3, [sp, #4]
   89b7c:	e4ac      	b.n	894d8 <_svfiprintf_r+0x348>
   89b7e:	f8df a08c 	ldr.w	sl, [pc, #140]	; 89c0c <_svfiprintf_r+0xa7c>
   89b82:	e6a3      	b.n	898cc <_svfiprintf_r+0x73c>
   89b84:	4641      	mov	r1, r8
   89b86:	4630      	mov	r0, r6
   89b88:	aa0d      	add	r2, sp, #52	; 0x34
   89b8a:	f7ff fa83 	bl	89094 <__ssprint_r>
   89b8e:	e454      	b.n	8943a <_svfiprintf_r+0x2aa>
   89b90:	f88d 002f 	strb.w	r0, [sp, #47]	; 0x2f
   89b94:	e494      	b.n	894c0 <_svfiprintf_r+0x330>
   89b96:	f89d 302f 	ldrb.w	r3, [sp, #47]	; 0x2f
   89b9a:	f8cd b010 	str.w	fp, [sp, #16]
   89b9e:	9506      	str	r5, [sp, #24]
   89ba0:	4683      	mov	fp, r0
   89ba2:	f8cd a008 	str.w	sl, [sp, #8]
   89ba6:	9307      	str	r3, [sp, #28]
   89ba8:	f7ff bbcc 	b.w	89344 <_svfiprintf_r+0x1b4>
   89bac:	f88d 002f 	strb.w	r0, [sp, #47]	; 0x2f
   89bb0:	e56d      	b.n	8968e <_svfiprintf_r+0x4fe>
   89bb2:	f8df a050 	ldr.w	sl, [pc, #80]	; 89c04 <_svfiprintf_r+0xa74>
   89bb6:	e9dd 210e 	ldrd	r2, r1, [sp, #56]	; 0x38
   89bba:	e6d7      	b.n	8996c <_svfiprintf_r+0x7dc>
   89bbc:	f88d 002f 	strb.w	r0, [sp, #47]	; 0x2f
   89bc0:	e50d      	b.n	895de <_svfiprintf_r+0x44e>
   89bc2:	f88d 002f 	strb.w	r0, [sp, #47]	; 0x2f
   89bc6:	e4aa      	b.n	8951e <_svfiprintf_r+0x38e>
   89bc8:	f88d 002f 	strb.w	r0, [sp, #47]	; 0x2f
   89bcc:	e537      	b.n	8963e <_svfiprintf_r+0x4ae>
   89bce:	f88d 002f 	strb.w	r0, [sp, #47]	; 0x2f
   89bd2:	e580      	b.n	896d6 <_svfiprintf_r+0x546>
   89bd4:	9b0e      	ldr	r3, [sp, #56]	; 0x38
   89bd6:	f8df a02c 	ldr.w	sl, [pc, #44]	; 89c04 <_svfiprintf_r+0xa74>
   89bda:	e71b      	b.n	89a14 <_svfiprintf_r+0x884>
   89bdc:	f8df a02c 	ldr.w	sl, [pc, #44]	; 89c0c <_svfiprintf_r+0xa7c>
   89be0:	e62e      	b.n	89840 <_svfiprintf_r+0x6b0>
   89be2:	9d06      	ldr	r5, [sp, #24]
   89be4:	787b      	ldrb	r3, [r7, #1]
   89be6:	f855 2b04 	ldr.w	r2, [r5], #4
   89bea:	4627      	mov	r7, r4
   89bec:	9506      	str	r5, [sp, #24]
   89bee:	ea42 7be2 	orr.w	fp, r2, r2, asr #31
   89bf2:	f7ff bb05 	b.w	89200 <_svfiprintf_r+0x70>
   89bf6:	230c      	movs	r3, #12
   89bf8:	f04f 32ff 	mov.w	r2, #4294967295	; 0xffffffff
   89bfc:	f8cb 3000 	str.w	r3, [fp]
   89c00:	9203      	str	r2, [sp, #12]
   89c02:	e423      	b.n	8944c <_svfiprintf_r+0x2bc>
   89c04:	0008b218 	.word	0x0008b218
   89c08:	0008b004 	.word	0x0008b004
   89c0c:	0008b228 	.word	0x0008b228

00089c10 <__swbuf_r>:
   89c10:	b5f8      	push	{r3, r4, r5, r6, r7, lr}
   89c12:	4606      	mov	r6, r0
   89c14:	460d      	mov	r5, r1
   89c16:	4614      	mov	r4, r2
   89c18:	b110      	cbz	r0, 89c20 <__swbuf_r+0x10>
   89c1a:	6b83      	ldr	r3, [r0, #56]	; 0x38
   89c1c:	2b00      	cmp	r3, #0
   89c1e:	d043      	beq.n	89ca8 <__swbuf_r+0x98>
   89c20:	f9b4 200c 	ldrsh.w	r2, [r4, #12]
   89c24:	69a3      	ldr	r3, [r4, #24]
   89c26:	0710      	lsls	r0, r2, #28
   89c28:	60a3      	str	r3, [r4, #8]
   89c2a:	b291      	uxth	r1, r2
   89c2c:	d51b      	bpl.n	89c66 <__swbuf_r+0x56>
   89c2e:	6923      	ldr	r3, [r4, #16]
   89c30:	b1cb      	cbz	r3, 89c66 <__swbuf_r+0x56>
   89c32:	b2ed      	uxtb	r5, r5
   89c34:	0489      	lsls	r1, r1, #18
   89c36:	462f      	mov	r7, r5
   89c38:	d522      	bpl.n	89c80 <__swbuf_r+0x70>
   89c3a:	6822      	ldr	r2, [r4, #0]
   89c3c:	6961      	ldr	r1, [r4, #20]
   89c3e:	1ad3      	subs	r3, r2, r3
   89c40:	4299      	cmp	r1, r3
   89c42:	dd29      	ble.n	89c98 <__swbuf_r+0x88>
   89c44:	3301      	adds	r3, #1
   89c46:	68a1      	ldr	r1, [r4, #8]
   89c48:	3901      	subs	r1, #1
   89c4a:	60a1      	str	r1, [r4, #8]
   89c4c:	1c51      	adds	r1, r2, #1
   89c4e:	6021      	str	r1, [r4, #0]
   89c50:	7015      	strb	r5, [r2, #0]
   89c52:	6962      	ldr	r2, [r4, #20]
   89c54:	429a      	cmp	r2, r3
   89c56:	d02a      	beq.n	89cae <__swbuf_r+0x9e>
   89c58:	89a3      	ldrh	r3, [r4, #12]
   89c5a:	07db      	lsls	r3, r3, #31
   89c5c:	d501      	bpl.n	89c62 <__swbuf_r+0x52>
   89c5e:	2d0a      	cmp	r5, #10
   89c60:	d025      	beq.n	89cae <__swbuf_r+0x9e>
   89c62:	4638      	mov	r0, r7
   89c64:	bdf8      	pop	{r3, r4, r5, r6, r7, pc}
   89c66:	4621      	mov	r1, r4
   89c68:	4630      	mov	r0, r6
   89c6a:	f7fb ff21 	bl	85ab0 <__swsetup_r>
   89c6e:	bb20      	cbnz	r0, 89cba <__swbuf_r+0xaa>
   89c70:	f9b4 200c 	ldrsh.w	r2, [r4, #12]
   89c74:	b2ed      	uxtb	r5, r5
   89c76:	b291      	uxth	r1, r2
   89c78:	0489      	lsls	r1, r1, #18
   89c7a:	462f      	mov	r7, r5
   89c7c:	6923      	ldr	r3, [r4, #16]
   89c7e:	d4dc      	bmi.n	89c3a <__swbuf_r+0x2a>
   89c80:	f442 5200 	orr.w	r2, r2, #8192	; 0x2000
   89c84:	81a2      	strh	r2, [r4, #12]
   89c86:	6e62      	ldr	r2, [r4, #100]	; 0x64
   89c88:	6961      	ldr	r1, [r4, #20]
   89c8a:	f422 5200 	bic.w	r2, r2, #8192	; 0x2000
   89c8e:	6662      	str	r2, [r4, #100]	; 0x64
   89c90:	6822      	ldr	r2, [r4, #0]
   89c92:	1ad3      	subs	r3, r2, r3
   89c94:	4299      	cmp	r1, r3
   89c96:	dcd5      	bgt.n	89c44 <__swbuf_r+0x34>
   89c98:	4621      	mov	r1, r4
   89c9a:	4630      	mov	r0, r6
   89c9c:	f7fd f83c 	bl	86d18 <_fflush_r>
   89ca0:	b958      	cbnz	r0, 89cba <__swbuf_r+0xaa>
   89ca2:	2301      	movs	r3, #1
   89ca4:	6822      	ldr	r2, [r4, #0]
   89ca6:	e7ce      	b.n	89c46 <__swbuf_r+0x36>
   89ca8:	f7fd f95e 	bl	86f68 <__sinit>
   89cac:	e7b8      	b.n	89c20 <__swbuf_r+0x10>
   89cae:	4621      	mov	r1, r4
   89cb0:	4630      	mov	r0, r6
   89cb2:	f7fd f831 	bl	86d18 <_fflush_r>
   89cb6:	2800      	cmp	r0, #0
   89cb8:	d0d3      	beq.n	89c62 <__swbuf_r+0x52>
   89cba:	f04f 37ff 	mov.w	r7, #4294967295	; 0xffffffff
   89cbe:	e7d0      	b.n	89c62 <__swbuf_r+0x52>

00089cc0 <__swbuf>:
   89cc0:	4603      	mov	r3, r0
   89cc2:	460a      	mov	r2, r1
   89cc4:	4902      	ldr	r1, [pc, #8]	; (89cd0 <__swbuf+0x10>)
   89cc6:	6808      	ldr	r0, [r1, #0]
   89cc8:	4619      	mov	r1, r3
   89cca:	f7ff bfa1 	b.w	89c10 <__swbuf_r>
   89cce:	bf00      	nop
   89cd0:	200003b0 	.word	0x200003b0

00089cd4 <_wcrtomb_r>:
   89cd4:	b570      	push	{r4, r5, r6, lr}
   89cd6:	4605      	mov	r5, r0
   89cd8:	461c      	mov	r4, r3
   89cda:	b084      	sub	sp, #16
   89cdc:	b139      	cbz	r1, 89cee <_wcrtomb_r+0x1a>
   89cde:	4e0b      	ldr	r6, [pc, #44]	; (89d0c <_wcrtomb_r+0x38>)
   89ce0:	f8d6 60e0 	ldr.w	r6, [r6, #224]	; 0xe0
   89ce4:	47b0      	blx	r6
   89ce6:	1c43      	adds	r3, r0, #1
   89ce8:	d009      	beq.n	89cfe <_wcrtomb_r+0x2a>
   89cea:	b004      	add	sp, #16
   89cec:	bd70      	pop	{r4, r5, r6, pc}
   89cee:	460a      	mov	r2, r1
   89cf0:	4906      	ldr	r1, [pc, #24]	; (89d0c <_wcrtomb_r+0x38>)
   89cf2:	f8d1 60e0 	ldr.w	r6, [r1, #224]	; 0xe0
   89cf6:	a901      	add	r1, sp, #4
   89cf8:	47b0      	blx	r6
   89cfa:	1c43      	adds	r3, r0, #1
   89cfc:	d1f5      	bne.n	89cea <_wcrtomb_r+0x16>
   89cfe:	2200      	movs	r2, #0
   89d00:	238a      	movs	r3, #138	; 0x8a
   89d02:	6022      	str	r2, [r4, #0]
   89d04:	602b      	str	r3, [r5, #0]
   89d06:	b004      	add	sp, #16
   89d08:	bd70      	pop	{r4, r5, r6, pc}
   89d0a:	bf00      	nop
   89d0c:	200007e0 	.word	0x200007e0

00089d10 <wcrtomb>:
   89d10:	b570      	push	{r4, r5, r6, lr}
   89d12:	4b10      	ldr	r3, [pc, #64]	; (89d54 <wcrtomb+0x44>)
   89d14:	4614      	mov	r4, r2
   89d16:	681d      	ldr	r5, [r3, #0]
   89d18:	b084      	sub	sp, #16
   89d1a:	b158      	cbz	r0, 89d34 <wcrtomb+0x24>
   89d1c:	4b0e      	ldr	r3, [pc, #56]	; (89d58 <wcrtomb+0x48>)
   89d1e:	460a      	mov	r2, r1
   89d20:	f8d3 60e0 	ldr.w	r6, [r3, #224]	; 0xe0
   89d24:	4601      	mov	r1, r0
   89d26:	4623      	mov	r3, r4
   89d28:	4628      	mov	r0, r5
   89d2a:	47b0      	blx	r6
   89d2c:	1c43      	adds	r3, r0, #1
   89d2e:	d00b      	beq.n	89d48 <wcrtomb+0x38>
   89d30:	b004      	add	sp, #16
   89d32:	bd70      	pop	{r4, r5, r6, pc}
   89d34:	4908      	ldr	r1, [pc, #32]	; (89d58 <wcrtomb+0x48>)
   89d36:	4613      	mov	r3, r2
   89d38:	f8d1 60e0 	ldr.w	r6, [r1, #224]	; 0xe0
   89d3c:	4602      	mov	r2, r0
   89d3e:	a901      	add	r1, sp, #4
   89d40:	4628      	mov	r0, r5
   89d42:	47b0      	blx	r6
   89d44:	1c43      	adds	r3, r0, #1
   89d46:	d1f3      	bne.n	89d30 <wcrtomb+0x20>
   89d48:	2200      	movs	r2, #0
   89d4a:	238a      	movs	r3, #138	; 0x8a
   89d4c:	6022      	str	r2, [r4, #0]
   89d4e:	602b      	str	r3, [r5, #0]
   89d50:	b004      	add	sp, #16
   89d52:	bd70      	pop	{r4, r5, r6, pc}
   89d54:	200003b0 	.word	0x200003b0
   89d58:	200007e0 	.word	0x200007e0

00089d5c <_wctomb_r>:
   89d5c:	b410      	push	{r4}
   89d5e:	4c03      	ldr	r4, [pc, #12]	; (89d6c <_wctomb_r+0x10>)
   89d60:	f8d4 40e0 	ldr.w	r4, [r4, #224]	; 0xe0
   89d64:	46a4      	mov	ip, r4
   89d66:	bc10      	pop	{r4}
   89d68:	4760      	bx	ip
   89d6a:	bf00      	nop
   89d6c:	200007e0 	.word	0x200007e0

00089d70 <__ascii_wctomb>:
   89d70:	4603      	mov	r3, r0
   89d72:	b149      	cbz	r1, 89d88 <__ascii_wctomb+0x18>
   89d74:	2aff      	cmp	r2, #255	; 0xff
   89d76:	d802      	bhi.n	89d7e <__ascii_wctomb+0xe>
   89d78:	2001      	movs	r0, #1
   89d7a:	700a      	strb	r2, [r1, #0]
   89d7c:	4770      	bx	lr
   89d7e:	228a      	movs	r2, #138	; 0x8a
   89d80:	f04f 30ff 	mov.w	r0, #4294967295	; 0xffffffff
   89d84:	601a      	str	r2, [r3, #0]
   89d86:	4770      	bx	lr
   89d88:	4608      	mov	r0, r1
   89d8a:	4770      	bx	lr

00089d8c <_write_r>:
   89d8c:	b538      	push	{r3, r4, r5, lr}
   89d8e:	460c      	mov	r4, r1
   89d90:	4611      	mov	r1, r2
   89d92:	2200      	movs	r2, #0
   89d94:	4684      	mov	ip, r0
   89d96:	4d07      	ldr	r5, [pc, #28]	; (89db4 <_write_r+0x28>)
   89d98:	4620      	mov	r0, r4
   89d9a:	602a      	str	r2, [r5, #0]
   89d9c:	461a      	mov	r2, r3
   89d9e:	4664      	mov	r4, ip
   89da0:	f7f9 fae2 	bl	83368 <_write>
   89da4:	1c43      	adds	r3, r0, #1
   89da6:	d000      	beq.n	89daa <_write_r+0x1e>
   89da8:	bd38      	pop	{r3, r4, r5, pc}
   89daa:	682b      	ldr	r3, [r5, #0]
   89dac:	2b00      	cmp	r3, #0
   89dae:	d0fb      	beq.n	89da8 <_write_r+0x1c>
   89db0:	6023      	str	r3, [r4, #0]
   89db2:	bd38      	pop	{r3, r4, r5, pc}
   89db4:	20003704 	.word	0x20003704

00089db8 <__assert_func>:
   89db8:	4614      	mov	r4, r2
   89dba:	b500      	push	{lr}
   89dbc:	461a      	mov	r2, r3
   89dbe:	4b0a      	ldr	r3, [pc, #40]	; (89de8 <__assert_func+0x30>)
   89dc0:	460d      	mov	r5, r1
   89dc2:	681b      	ldr	r3, [r3, #0]
   89dc4:	b085      	sub	sp, #20
   89dc6:	68de      	ldr	r6, [r3, #12]
   89dc8:	4603      	mov	r3, r0
   89dca:	b14c      	cbz	r4, 89de0 <__assert_func+0x28>
   89dcc:	4907      	ldr	r1, [pc, #28]	; (89dec <__assert_func+0x34>)
   89dce:	9101      	str	r1, [sp, #4]
   89dd0:	4630      	mov	r0, r6
   89dd2:	4907      	ldr	r1, [pc, #28]	; (89df0 <__assert_func+0x38>)
   89dd4:	9402      	str	r4, [sp, #8]
   89dd6:	9500      	str	r5, [sp, #0]
   89dd8:	f000 f8ce 	bl	89f78 <fiprintf>
   89ddc:	f000 f932 	bl	8a044 <abort>
   89de0:	4904      	ldr	r1, [pc, #16]	; (89df4 <__assert_func+0x3c>)
   89de2:	460c      	mov	r4, r1
   89de4:	e7f3      	b.n	89dce <__assert_func+0x16>
   89de6:	bf00      	nop
   89de8:	200003b0 	.word	0x200003b0
   89dec:	0008b238 	.word	0x0008b238
   89df0:	0008b248 	.word	0x0008b248
   89df4:	0008af8c 	.word	0x0008af8c

00089df8 <__assert>:
   89df8:	b508      	push	{r3, lr}
   89dfa:	4613      	mov	r3, r2
   89dfc:	2200      	movs	r2, #0
   89dfe:	f7ff ffdb 	bl	89db8 <__assert_func>
   89e02:	bf00      	nop

00089e04 <_calloc_r>:
   89e04:	b510      	push	{r4, lr}
   89e06:	fb02 f101 	mul.w	r1, r2, r1
   89e0a:	f7fd fd5b 	bl	878c4 <_malloc_r>
   89e0e:	4604      	mov	r4, r0
   89e10:	b168      	cbz	r0, 89e2e <_calloc_r+0x2a>
   89e12:	f850 2c04 	ldr.w	r2, [r0, #-4]
   89e16:	f022 0203 	bic.w	r2, r2, #3
   89e1a:	3a04      	subs	r2, #4
   89e1c:	2a24      	cmp	r2, #36	; 0x24
   89e1e:	d818      	bhi.n	89e52 <_calloc_r+0x4e>
   89e20:	2a13      	cmp	r2, #19
   89e22:	d806      	bhi.n	89e32 <_calloc_r+0x2e>
   89e24:	4602      	mov	r2, r0
   89e26:	2300      	movs	r3, #0
   89e28:	e9c2 3300 	strd	r3, r3, [r2]
   89e2c:	6093      	str	r3, [r2, #8]
   89e2e:	4620      	mov	r0, r4
   89e30:	bd10      	pop	{r4, pc}
   89e32:	2300      	movs	r3, #0
   89e34:	2a1b      	cmp	r2, #27
   89e36:	e9c0 3300 	strd	r3, r3, [r0]
   89e3a:	d90f      	bls.n	89e5c <_calloc_r+0x58>
   89e3c:	2a24      	cmp	r2, #36	; 0x24
   89e3e:	e9c0 3302 	strd	r3, r3, [r0, #8]
   89e42:	bf11      	iteee	ne
   89e44:	f100 0210 	addne.w	r2, r0, #16
   89e48:	6103      	streq	r3, [r0, #16]
   89e4a:	f100 0218 	addeq.w	r2, r0, #24
   89e4e:	6143      	streq	r3, [r0, #20]
   89e50:	e7e9      	b.n	89e26 <_calloc_r+0x22>
   89e52:	2100      	movs	r1, #0
   89e54:	f7f9 fb88 	bl	83568 <memset>
   89e58:	4620      	mov	r0, r4
   89e5a:	bd10      	pop	{r4, pc}
   89e5c:	f100 0208 	add.w	r2, r0, #8
   89e60:	e7e1      	b.n	89e26 <_calloc_r+0x22>
   89e62:	bf00      	nop

00089e64 <_close_r>:
   89e64:	2200      	movs	r2, #0
   89e66:	b538      	push	{r3, r4, r5, lr}
   89e68:	4d06      	ldr	r5, [pc, #24]	; (89e84 <_close_r+0x20>)
   89e6a:	4604      	mov	r4, r0
   89e6c:	4608      	mov	r0, r1
   89e6e:	602a      	str	r2, [r5, #0]
   89e70:	f7f7 fef6 	bl	81c60 <_close>
   89e74:	1c43      	adds	r3, r0, #1
   89e76:	d000      	beq.n	89e7a <_close_r+0x16>
   89e78:	bd38      	pop	{r3, r4, r5, pc}
   89e7a:	682b      	ldr	r3, [r5, #0]
   89e7c:	2b00      	cmp	r3, #0
   89e7e:	d0fb      	beq.n	89e78 <_close_r+0x14>
   89e80:	6023      	str	r3, [r4, #0]
   89e82:	bd38      	pop	{r3, r4, r5, pc}
   89e84:	20003704 	.word	0x20003704

00089e88 <_fclose_r.part.0>:
   89e88:	b570      	push	{r4, r5, r6, lr}
   89e8a:	460c      	mov	r4, r1
   89e8c:	4606      	mov	r6, r0
   89e8e:	f7fc feb1 	bl	86bf4 <__sflush_r>
   89e92:	6ae3      	ldr	r3, [r4, #44]	; 0x2c
   89e94:	4605      	mov	r5, r0
   89e96:	b133      	cbz	r3, 89ea6 <_fclose_r.part.0+0x1e>
   89e98:	4630      	mov	r0, r6
   89e9a:	69e1      	ldr	r1, [r4, #28]
   89e9c:	4798      	blx	r3
   89e9e:	2800      	cmp	r0, #0
   89ea0:	bfb8      	it	lt
   89ea2:	f04f 35ff 	movlt.w	r5, #4294967295	; 0xffffffff
   89ea6:	89a3      	ldrh	r3, [r4, #12]
   89ea8:	061b      	lsls	r3, r3, #24
   89eaa:	d419      	bmi.n	89ee0 <_fclose_r.part.0+0x58>
   89eac:	6b21      	ldr	r1, [r4, #48]	; 0x30
   89eae:	b141      	cbz	r1, 89ec2 <_fclose_r.part.0+0x3a>
   89eb0:	f104 0340 	add.w	r3, r4, #64	; 0x40
   89eb4:	4299      	cmp	r1, r3
   89eb6:	d002      	beq.n	89ebe <_fclose_r.part.0+0x36>
   89eb8:	4630      	mov	r0, r6
   89eba:	f7fd f947 	bl	8714c <_free_r>
   89ebe:	2300      	movs	r3, #0
   89ec0:	6323      	str	r3, [r4, #48]	; 0x30
   89ec2:	6c61      	ldr	r1, [r4, #68]	; 0x44
   89ec4:	b121      	cbz	r1, 89ed0 <_fclose_r.part.0+0x48>
   89ec6:	4630      	mov	r0, r6
   89ec8:	f7fd f940 	bl	8714c <_free_r>
   89ecc:	2300      	movs	r3, #0
   89ece:	6463      	str	r3, [r4, #68]	; 0x44
   89ed0:	f7fd f84e 	bl	86f70 <__sfp_lock_acquire>
   89ed4:	2300      	movs	r3, #0
   89ed6:	81a3      	strh	r3, [r4, #12]
   89ed8:	f7fd f84c 	bl	86f74 <__sfp_lock_release>
   89edc:	4628      	mov	r0, r5
   89ede:	bd70      	pop	{r4, r5, r6, pc}
   89ee0:	4630      	mov	r0, r6
   89ee2:	6921      	ldr	r1, [r4, #16]
   89ee4:	f7fd f932 	bl	8714c <_free_r>
   89ee8:	e7e0      	b.n	89eac <_fclose_r.part.0+0x24>
   89eea:	bf00      	nop

00089eec <_fclose_r>:
   89eec:	b1b1      	cbz	r1, 89f1c <_fclose_r+0x30>
   89eee:	b538      	push	{r3, r4, r5, lr}
   89ef0:	4605      	mov	r5, r0
   89ef2:	460c      	mov	r4, r1
   89ef4:	b108      	cbz	r0, 89efa <_fclose_r+0xe>
   89ef6:	6b83      	ldr	r3, [r0, #56]	; 0x38
   89ef8:	b14b      	cbz	r3, 89f0e <_fclose_r+0x22>
   89efa:	f9b4 300c 	ldrsh.w	r3, [r4, #12]
   89efe:	b90b      	cbnz	r3, 89f04 <_fclose_r+0x18>
   89f00:	2000      	movs	r0, #0
   89f02:	bd38      	pop	{r3, r4, r5, pc}
   89f04:	4621      	mov	r1, r4
   89f06:	4628      	mov	r0, r5
   89f08:	e8bd 4038 	ldmia.w	sp!, {r3, r4, r5, lr}
   89f0c:	e7bc      	b.n	89e88 <_fclose_r.part.0>
   89f0e:	f7fd f82b 	bl	86f68 <__sinit>
   89f12:	f9b4 300c 	ldrsh.w	r3, [r4, #12]
   89f16:	2b00      	cmp	r3, #0
   89f18:	d0f2      	beq.n	89f00 <_fclose_r+0x14>
   89f1a:	e7f3      	b.n	89f04 <_fclose_r+0x18>
   89f1c:	2000      	movs	r0, #0
   89f1e:	4770      	bx	lr

00089f20 <fclose>:
   89f20:	b1c0      	cbz	r0, 89f54 <fclose+0x34>
   89f22:	b538      	push	{r3, r4, r5, lr}
   89f24:	4b0c      	ldr	r3, [pc, #48]	; (89f58 <fclose+0x38>)
   89f26:	4604      	mov	r4, r0
   89f28:	681d      	ldr	r5, [r3, #0]
   89f2a:	b10d      	cbz	r5, 89f30 <fclose+0x10>
   89f2c:	6bab      	ldr	r3, [r5, #56]	; 0x38
   89f2e:	b14b      	cbz	r3, 89f44 <fclose+0x24>
   89f30:	f9b4 300c 	ldrsh.w	r3, [r4, #12]
   89f34:	b90b      	cbnz	r3, 89f3a <fclose+0x1a>
   89f36:	2000      	movs	r0, #0
   89f38:	bd38      	pop	{r3, r4, r5, pc}
   89f3a:	4621      	mov	r1, r4
   89f3c:	4628      	mov	r0, r5
   89f3e:	e8bd 4038 	ldmia.w	sp!, {r3, r4, r5, lr}
   89f42:	e7a1      	b.n	89e88 <_fclose_r.part.0>
   89f44:	4628      	mov	r0, r5
   89f46:	f7fd f80f 	bl	86f68 <__sinit>
   89f4a:	f9b4 300c 	ldrsh.w	r3, [r4, #12]
   89f4e:	2b00      	cmp	r3, #0
   89f50:	d0f1      	beq.n	89f36 <fclose+0x16>
   89f52:	e7f2      	b.n	89f3a <fclose+0x1a>
   89f54:	2000      	movs	r0, #0
   89f56:	4770      	bx	lr
   89f58:	200003b0 	.word	0x200003b0

00089f5c <_fiprintf_r>:
   89f5c:	b40c      	push	{r2, r3}
   89f5e:	b500      	push	{lr}
   89f60:	b083      	sub	sp, #12
   89f62:	ab04      	add	r3, sp, #16
   89f64:	f853 2b04 	ldr.w	r2, [r3], #4
   89f68:	9301      	str	r3, [sp, #4]
   89f6a:	f7fa ff43 	bl	84df4 <_vfiprintf_r>
   89f6e:	b003      	add	sp, #12
   89f70:	f85d eb04 	ldr.w	lr, [sp], #4
   89f74:	b002      	add	sp, #8
   89f76:	4770      	bx	lr

00089f78 <fiprintf>:
   89f78:	b40e      	push	{r1, r2, r3}
   89f7a:	b500      	push	{lr}
   89f7c:	4a07      	ldr	r2, [pc, #28]	; (89f9c <fiprintf+0x24>)
   89f7e:	b082      	sub	sp, #8
   89f80:	ab03      	add	r3, sp, #12
   89f82:	4601      	mov	r1, r0
   89f84:	6810      	ldr	r0, [r2, #0]
   89f86:	f853 2b04 	ldr.w	r2, [r3], #4
   89f8a:	9301      	str	r3, [sp, #4]
   89f8c:	f7fa ff32 	bl	84df4 <_vfiprintf_r>
   89f90:	b002      	add	sp, #8
   89f92:	f85d eb04 	ldr.w	lr, [sp], #4
   89f96:	b003      	add	sp, #12
   89f98:	4770      	bx	lr
   89f9a:	bf00      	nop
   89f9c:	200003b0 	.word	0x200003b0

00089fa0 <_fstat_r>:
   89fa0:	b570      	push	{r4, r5, r6, lr}
   89fa2:	2600      	movs	r6, #0
   89fa4:	4d07      	ldr	r5, [pc, #28]	; (89fc4 <_fstat_r+0x24>)
   89fa6:	4604      	mov	r4, r0
   89fa8:	4608      	mov	r0, r1
   89faa:	4611      	mov	r1, r2
   89fac:	602e      	str	r6, [r5, #0]
   89fae:	f7f7 fe5b 	bl	81c68 <_fstat>
   89fb2:	1c43      	adds	r3, r0, #1
   89fb4:	d000      	beq.n	89fb8 <_fstat_r+0x18>
   89fb6:	bd70      	pop	{r4, r5, r6, pc}
   89fb8:	682b      	ldr	r3, [r5, #0]
   89fba:	2b00      	cmp	r3, #0
   89fbc:	d0fb      	beq.n	89fb6 <_fstat_r+0x16>
   89fbe:	6023      	str	r3, [r4, #0]
   89fc0:	bd70      	pop	{r4, r5, r6, pc}
   89fc2:	bf00      	nop
   89fc4:	20003704 	.word	0x20003704

00089fc8 <_isatty_r>:
   89fc8:	2200      	movs	r2, #0
   89fca:	b538      	push	{r3, r4, r5, lr}
   89fcc:	4d06      	ldr	r5, [pc, #24]	; (89fe8 <_isatty_r+0x20>)
   89fce:	4604      	mov	r4, r0
   89fd0:	4608      	mov	r0, r1
   89fd2:	602a      	str	r2, [r5, #0]
   89fd4:	f7f7 fe4e 	bl	81c74 <_isatty>
   89fd8:	1c43      	adds	r3, r0, #1
   89fda:	d000      	beq.n	89fde <_isatty_r+0x16>
   89fdc:	bd38      	pop	{r3, r4, r5, pc}
   89fde:	682b      	ldr	r3, [r5, #0]
   89fe0:	2b00      	cmp	r3, #0
   89fe2:	d0fb      	beq.n	89fdc <_isatty_r+0x14>
   89fe4:	6023      	str	r3, [r4, #0]
   89fe6:	bd38      	pop	{r3, r4, r5, pc}
   89fe8:	20003704 	.word	0x20003704

00089fec <_lseek_r>:
   89fec:	b538      	push	{r3, r4, r5, lr}
   89fee:	460c      	mov	r4, r1
   89ff0:	4611      	mov	r1, r2
   89ff2:	2200      	movs	r2, #0
   89ff4:	4684      	mov	ip, r0
   89ff6:	4d07      	ldr	r5, [pc, #28]	; (8a014 <_lseek_r+0x28>)
   89ff8:	4620      	mov	r0, r4
   89ffa:	602a      	str	r2, [r5, #0]
   89ffc:	461a      	mov	r2, r3
   89ffe:	4664      	mov	r4, ip
   8a000:	f7f7 fe3a 	bl	81c78 <_lseek>
   8a004:	1c43      	adds	r3, r0, #1
   8a006:	d000      	beq.n	8a00a <_lseek_r+0x1e>
   8a008:	bd38      	pop	{r3, r4, r5, pc}
   8a00a:	682b      	ldr	r3, [r5, #0]
   8a00c:	2b00      	cmp	r3, #0
   8a00e:	d0fb      	beq.n	8a008 <_lseek_r+0x1c>
   8a010:	6023      	str	r3, [r4, #0]
   8a012:	bd38      	pop	{r3, r4, r5, pc}
   8a014:	20003704 	.word	0x20003704

0008a018 <_read_r>:
   8a018:	b538      	push	{r3, r4, r5, lr}
   8a01a:	460c      	mov	r4, r1
   8a01c:	4611      	mov	r1, r2
   8a01e:	2200      	movs	r2, #0
   8a020:	4684      	mov	ip, r0
   8a022:	4d07      	ldr	r5, [pc, #28]	; (8a040 <_read_r+0x28>)
   8a024:	4620      	mov	r0, r4
   8a026:	602a      	str	r2, [r5, #0]
   8a028:	461a      	mov	r2, r3
   8a02a:	4664      	mov	r4, ip
   8a02c:	f7f7 fd70 	bl	81b10 <_read>
   8a030:	1c43      	adds	r3, r0, #1
   8a032:	d000      	beq.n	8a036 <_read_r+0x1e>
   8a034:	bd38      	pop	{r3, r4, r5, pc}
   8a036:	682b      	ldr	r3, [r5, #0]
   8a038:	2b00      	cmp	r3, #0
   8a03a:	d0fb      	beq.n	8a034 <_read_r+0x1c>
   8a03c:	6023      	str	r3, [r4, #0]
   8a03e:	bd38      	pop	{r3, r4, r5, pc}
   8a040:	20003704 	.word	0x20003704

0008a044 <abort>:
   8a044:	2006      	movs	r0, #6
   8a046:	b508      	push	{r3, lr}
   8a048:	f000 f8a2 	bl	8a190 <raise>
   8a04c:	2001      	movs	r0, #1
   8a04e:	f7f7 fe15 	bl	81c7c <_exit>
   8a052:	bf00      	nop

0008a054 <_init_signal_r>:
   8a054:	b538      	push	{r3, r4, r5, lr}
   8a056:	f8d0 42dc 	ldr.w	r4, [r0, #732]	; 0x2dc
   8a05a:	b10c      	cbz	r4, 8a060 <_init_signal_r+0xc>
   8a05c:	2000      	movs	r0, #0
   8a05e:	bd38      	pop	{r3, r4, r5, pc}
   8a060:	2180      	movs	r1, #128	; 0x80
   8a062:	4605      	mov	r5, r0
   8a064:	f7fd fc2e 	bl	878c4 <_malloc_r>
   8a068:	4602      	mov	r2, r0
   8a06a:	f8c5 02dc 	str.w	r0, [r5, #732]	; 0x2dc
   8a06e:	b130      	cbz	r0, 8a07e <_init_signal_r+0x2a>
   8a070:	1f03      	subs	r3, r0, #4
   8a072:	327c      	adds	r2, #124	; 0x7c
   8a074:	f843 4f04 	str.w	r4, [r3, #4]!
   8a078:	4293      	cmp	r3, r2
   8a07a:	d1fb      	bne.n	8a074 <_init_signal_r+0x20>
   8a07c:	e7ee      	b.n	8a05c <_init_signal_r+0x8>
   8a07e:	f04f 30ff 	mov.w	r0, #4294967295	; 0xffffffff
   8a082:	bd38      	pop	{r3, r4, r5, pc}

0008a084 <_signal_r>:
   8a084:	291f      	cmp	r1, #31
   8a086:	b5f8      	push	{r3, r4, r5, r6, r7, lr}
   8a088:	4605      	mov	r5, r0
   8a08a:	d809      	bhi.n	8a0a0 <_signal_r+0x1c>
   8a08c:	f8d0 62dc 	ldr.w	r6, [r0, #732]	; 0x2dc
   8a090:	460c      	mov	r4, r1
   8a092:	4617      	mov	r7, r2
   8a094:	b14e      	cbz	r6, 8a0aa <_signal_r+0x26>
   8a096:	f856 0024 	ldr.w	r0, [r6, r4, lsl #2]
   8a09a:	f846 7024 	str.w	r7, [r6, r4, lsl #2]
   8a09e:	bdf8      	pop	{r3, r4, r5, r6, r7, pc}
   8a0a0:	2316      	movs	r3, #22
   8a0a2:	f04f 30ff 	mov.w	r0, #4294967295	; 0xffffffff
   8a0a6:	602b      	str	r3, [r5, #0]
   8a0a8:	bdf8      	pop	{r3, r4, r5, r6, r7, pc}
   8a0aa:	2180      	movs	r1, #128	; 0x80
   8a0ac:	f7fd fc0a 	bl	878c4 <_malloc_r>
   8a0b0:	4606      	mov	r6, r0
   8a0b2:	f8c5 02dc 	str.w	r0, [r5, #732]	; 0x2dc
   8a0b6:	b140      	cbz	r0, 8a0ca <_signal_r+0x46>
   8a0b8:	2100      	movs	r1, #0
   8a0ba:	1f03      	subs	r3, r0, #4
   8a0bc:	f100 057c 	add.w	r5, r0, #124	; 0x7c
   8a0c0:	f843 1f04 	str.w	r1, [r3, #4]!
   8a0c4:	429d      	cmp	r5, r3
   8a0c6:	d1fb      	bne.n	8a0c0 <_signal_r+0x3c>
   8a0c8:	e7e5      	b.n	8a096 <_signal_r+0x12>
   8a0ca:	f04f 30ff 	mov.w	r0, #4294967295	; 0xffffffff
   8a0ce:	bdf8      	pop	{r3, r4, r5, r6, r7, pc}

0008a0d0 <_raise_r>:
   8a0d0:	291f      	cmp	r1, #31
   8a0d2:	b538      	push	{r3, r4, r5, lr}
   8a0d4:	4605      	mov	r5, r0
   8a0d6:	d821      	bhi.n	8a11c <_raise_r+0x4c>
   8a0d8:	f8d0 22dc 	ldr.w	r2, [r0, #732]	; 0x2dc
   8a0dc:	460c      	mov	r4, r1
   8a0de:	b16a      	cbz	r2, 8a0fc <_raise_r+0x2c>
   8a0e0:	f852 3021 	ldr.w	r3, [r2, r1, lsl #2]
   8a0e4:	b153      	cbz	r3, 8a0fc <_raise_r+0x2c>
   8a0e6:	2b01      	cmp	r3, #1
   8a0e8:	d016      	beq.n	8a118 <_raise_r+0x48>
   8a0ea:	1c59      	adds	r1, r3, #1
   8a0ec:	d010      	beq.n	8a110 <_raise_r+0x40>
   8a0ee:	2500      	movs	r5, #0
   8a0f0:	4620      	mov	r0, r4
   8a0f2:	f842 5024 	str.w	r5, [r2, r4, lsl #2]
   8a0f6:	4798      	blx	r3
   8a0f8:	4628      	mov	r0, r5
   8a0fa:	bd38      	pop	{r3, r4, r5, pc}
   8a0fc:	4628      	mov	r0, r5
   8a0fe:	f000 f903 	bl	8a308 <_getpid_r>
   8a102:	4622      	mov	r2, r4
   8a104:	4601      	mov	r1, r0
   8a106:	4628      	mov	r0, r5
   8a108:	e8bd 4038 	ldmia.w	sp!, {r3, r4, r5, lr}
   8a10c:	f000 b8e8 	b.w	8a2e0 <_kill_r>
   8a110:	2316      	movs	r3, #22
   8a112:	2001      	movs	r0, #1
   8a114:	602b      	str	r3, [r5, #0]
   8a116:	bd38      	pop	{r3, r4, r5, pc}
   8a118:	2000      	movs	r0, #0
   8a11a:	bd38      	pop	{r3, r4, r5, pc}
   8a11c:	2316      	movs	r3, #22
   8a11e:	f04f 30ff 	mov.w	r0, #4294967295	; 0xffffffff
   8a122:	602b      	str	r3, [r5, #0]
   8a124:	bd38      	pop	{r3, r4, r5, pc}
   8a126:	bf00      	nop

0008a128 <__sigtramp_r>:
   8a128:	291f      	cmp	r1, #31
   8a12a:	d82d      	bhi.n	8a188 <__sigtramp_r+0x60>
   8a12c:	f8d0 22dc 	ldr.w	r2, [r0, #732]	; 0x2dc
   8a130:	b538      	push	{r3, r4, r5, lr}
   8a132:	460c      	mov	r4, r1
   8a134:	4605      	mov	r5, r0
   8a136:	b182      	cbz	r2, 8a15a <__sigtramp_r+0x32>
   8a138:	f852 3024 	ldr.w	r3, [r2, r4, lsl #2]
   8a13c:	eb02 0284 	add.w	r2, r2, r4, lsl #2
   8a140:	b14b      	cbz	r3, 8a156 <__sigtramp_r+0x2e>
   8a142:	1c59      	adds	r1, r3, #1
   8a144:	d01b      	beq.n	8a17e <__sigtramp_r+0x56>
   8a146:	2b01      	cmp	r3, #1
   8a148:	d017      	beq.n	8a17a <__sigtramp_r+0x52>
   8a14a:	2500      	movs	r5, #0
   8a14c:	4620      	mov	r0, r4
   8a14e:	6015      	str	r5, [r2, #0]
   8a150:	4798      	blx	r3
   8a152:	4628      	mov	r0, r5
   8a154:	bd38      	pop	{r3, r4, r5, pc}
   8a156:	2001      	movs	r0, #1
   8a158:	bd38      	pop	{r3, r4, r5, pc}
   8a15a:	2180      	movs	r1, #128	; 0x80
   8a15c:	f7fd fbb2 	bl	878c4 <_malloc_r>
   8a160:	4602      	mov	r2, r0
   8a162:	f8c5 02dc 	str.w	r0, [r5, #732]	; 0x2dc
   8a166:	b160      	cbz	r0, 8a182 <__sigtramp_r+0x5a>
   8a168:	2000      	movs	r0, #0
   8a16a:	1f13      	subs	r3, r2, #4
   8a16c:	f102 017c 	add.w	r1, r2, #124	; 0x7c
   8a170:	f843 0f04 	str.w	r0, [r3, #4]!
   8a174:	4299      	cmp	r1, r3
   8a176:	d1fb      	bne.n	8a170 <__sigtramp_r+0x48>
   8a178:	e7de      	b.n	8a138 <__sigtramp_r+0x10>
   8a17a:	2003      	movs	r0, #3
   8a17c:	bd38      	pop	{r3, r4, r5, pc}
   8a17e:	2002      	movs	r0, #2
   8a180:	bd38      	pop	{r3, r4, r5, pc}
   8a182:	f04f 30ff 	mov.w	r0, #4294967295	; 0xffffffff
   8a186:	bd38      	pop	{r3, r4, r5, pc}
   8a188:	f04f 30ff 	mov.w	r0, #4294967295	; 0xffffffff
   8a18c:	4770      	bx	lr
   8a18e:	bf00      	nop

0008a190 <raise>:
   8a190:	b538      	push	{r3, r4, r5, lr}
   8a192:	4b15      	ldr	r3, [pc, #84]	; (8a1e8 <raise+0x58>)
   8a194:	281f      	cmp	r0, #31
   8a196:	681d      	ldr	r5, [r3, #0]
   8a198:	d820      	bhi.n	8a1dc <raise+0x4c>
   8a19a:	f8d5 22dc 	ldr.w	r2, [r5, #732]	; 0x2dc
   8a19e:	4604      	mov	r4, r0
   8a1a0:	b162      	cbz	r2, 8a1bc <raise+0x2c>
   8a1a2:	f852 3020 	ldr.w	r3, [r2, r0, lsl #2]
   8a1a6:	b14b      	cbz	r3, 8a1bc <raise+0x2c>
   8a1a8:	2b01      	cmp	r3, #1
   8a1aa:	d015      	beq.n	8a1d8 <raise+0x48>
   8a1ac:	1c59      	adds	r1, r3, #1
   8a1ae:	d00f      	beq.n	8a1d0 <raise+0x40>
   8a1b0:	2500      	movs	r5, #0
   8a1b2:	f842 5020 	str.w	r5, [r2, r0, lsl #2]
   8a1b6:	4798      	blx	r3
   8a1b8:	4628      	mov	r0, r5
   8a1ba:	bd38      	pop	{r3, r4, r5, pc}
   8a1bc:	4628      	mov	r0, r5
   8a1be:	f000 f8a3 	bl	8a308 <_getpid_r>
   8a1c2:	4622      	mov	r2, r4
   8a1c4:	4601      	mov	r1, r0
   8a1c6:	4628      	mov	r0, r5
   8a1c8:	e8bd 4038 	ldmia.w	sp!, {r3, r4, r5, lr}
   8a1cc:	f000 b888 	b.w	8a2e0 <_kill_r>
   8a1d0:	2316      	movs	r3, #22
   8a1d2:	2001      	movs	r0, #1
   8a1d4:	602b      	str	r3, [r5, #0]
   8a1d6:	bd38      	pop	{r3, r4, r5, pc}
   8a1d8:	2000      	movs	r0, #0
   8a1da:	bd38      	pop	{r3, r4, r5, pc}
   8a1dc:	2316      	movs	r3, #22
   8a1de:	f04f 30ff 	mov.w	r0, #4294967295	; 0xffffffff
   8a1e2:	602b      	str	r3, [r5, #0]
   8a1e4:	bd38      	pop	{r3, r4, r5, pc}
   8a1e6:	bf00      	nop
   8a1e8:	200003b0 	.word	0x200003b0

0008a1ec <signal>:
   8a1ec:	4b13      	ldr	r3, [pc, #76]	; (8a23c <signal+0x50>)
   8a1ee:	281f      	cmp	r0, #31
   8a1f0:	b570      	push	{r4, r5, r6, lr}
   8a1f2:	681e      	ldr	r6, [r3, #0]
   8a1f4:	d809      	bhi.n	8a20a <signal+0x1e>
   8a1f6:	460d      	mov	r5, r1
   8a1f8:	f8d6 12dc 	ldr.w	r1, [r6, #732]	; 0x2dc
   8a1fc:	4604      	mov	r4, r0
   8a1fe:	b149      	cbz	r1, 8a214 <signal+0x28>
   8a200:	f851 0024 	ldr.w	r0, [r1, r4, lsl #2]
   8a204:	f841 5024 	str.w	r5, [r1, r4, lsl #2]
   8a208:	bd70      	pop	{r4, r5, r6, pc}
   8a20a:	2316      	movs	r3, #22
   8a20c:	f04f 30ff 	mov.w	r0, #4294967295	; 0xffffffff
   8a210:	6033      	str	r3, [r6, #0]
   8a212:	bd70      	pop	{r4, r5, r6, pc}
   8a214:	2180      	movs	r1, #128	; 0x80
   8a216:	4630      	mov	r0, r6
   8a218:	f7fd fb54 	bl	878c4 <_malloc_r>
   8a21c:	4601      	mov	r1, r0
   8a21e:	f8c6 02dc 	str.w	r0, [r6, #732]	; 0x2dc
   8a222:	b140      	cbz	r0, 8a236 <signal+0x4a>
   8a224:	2200      	movs	r2, #0
   8a226:	1f03      	subs	r3, r0, #4
   8a228:	f100 0c7c 	add.w	ip, r0, #124	; 0x7c
   8a22c:	f843 2f04 	str.w	r2, [r3, #4]!
   8a230:	4563      	cmp	r3, ip
   8a232:	d1fb      	bne.n	8a22c <signal+0x40>
   8a234:	e7e4      	b.n	8a200 <signal+0x14>
   8a236:	f04f 30ff 	mov.w	r0, #4294967295	; 0xffffffff
   8a23a:	bd70      	pop	{r4, r5, r6, pc}
   8a23c:	200003b0 	.word	0x200003b0

0008a240 <_init_signal>:
   8a240:	b538      	push	{r3, r4, r5, lr}
   8a242:	4b0c      	ldr	r3, [pc, #48]	; (8a274 <_init_signal+0x34>)
   8a244:	681d      	ldr	r5, [r3, #0]
   8a246:	f8d5 42dc 	ldr.w	r4, [r5, #732]	; 0x2dc
   8a24a:	b10c      	cbz	r4, 8a250 <_init_signal+0x10>
   8a24c:	2000      	movs	r0, #0
   8a24e:	bd38      	pop	{r3, r4, r5, pc}
   8a250:	2180      	movs	r1, #128	; 0x80
   8a252:	4628      	mov	r0, r5
   8a254:	f7fd fb36 	bl	878c4 <_malloc_r>
   8a258:	f8c5 02dc 	str.w	r0, [r5, #732]	; 0x2dc
   8a25c:	b138      	cbz	r0, 8a26e <_init_signal+0x2e>
   8a25e:	1f03      	subs	r3, r0, #4
   8a260:	f100 027c 	add.w	r2, r0, #124	; 0x7c
   8a264:	f843 4f04 	str.w	r4, [r3, #4]!
   8a268:	4293      	cmp	r3, r2
   8a26a:	d1fb      	bne.n	8a264 <_init_signal+0x24>
   8a26c:	e7ee      	b.n	8a24c <_init_signal+0xc>
   8a26e:	f04f 30ff 	mov.w	r0, #4294967295	; 0xffffffff
   8a272:	bd38      	pop	{r3, r4, r5, pc}
   8a274:	200003b0 	.word	0x200003b0

0008a278 <__sigtramp>:
   8a278:	b538      	push	{r3, r4, r5, lr}
   8a27a:	4b18      	ldr	r3, [pc, #96]	; (8a2dc <__sigtramp+0x64>)
   8a27c:	281f      	cmp	r0, #31
   8a27e:	681d      	ldr	r5, [r3, #0]
   8a280:	d829      	bhi.n	8a2d6 <__sigtramp+0x5e>
   8a282:	f8d5 22dc 	ldr.w	r2, [r5, #732]	; 0x2dc
   8a286:	4604      	mov	r4, r0
   8a288:	b182      	cbz	r2, 8a2ac <__sigtramp+0x34>
   8a28a:	f852 3024 	ldr.w	r3, [r2, r4, lsl #2]
   8a28e:	eb02 0284 	add.w	r2, r2, r4, lsl #2
   8a292:	b14b      	cbz	r3, 8a2a8 <__sigtramp+0x30>
   8a294:	1c59      	adds	r1, r3, #1
   8a296:	d01c      	beq.n	8a2d2 <__sigtramp+0x5a>
   8a298:	2b01      	cmp	r3, #1
   8a29a:	d018      	beq.n	8a2ce <__sigtramp+0x56>
   8a29c:	2500      	movs	r5, #0
   8a29e:	4620      	mov	r0, r4
   8a2a0:	6015      	str	r5, [r2, #0]
   8a2a2:	4798      	blx	r3
   8a2a4:	4628      	mov	r0, r5
   8a2a6:	bd38      	pop	{r3, r4, r5, pc}
   8a2a8:	2001      	movs	r0, #1
   8a2aa:	bd38      	pop	{r3, r4, r5, pc}
   8a2ac:	2180      	movs	r1, #128	; 0x80
   8a2ae:	4628      	mov	r0, r5
   8a2b0:	f7fd fb08 	bl	878c4 <_malloc_r>
   8a2b4:	4602      	mov	r2, r0
   8a2b6:	f8c5 02dc 	str.w	r0, [r5, #732]	; 0x2dc
   8a2ba:	b160      	cbz	r0, 8a2d6 <__sigtramp+0x5e>
   8a2bc:	2000      	movs	r0, #0
   8a2be:	1f13      	subs	r3, r2, #4
   8a2c0:	f102 017c 	add.w	r1, r2, #124	; 0x7c
   8a2c4:	f843 0f04 	str.w	r0, [r3, #4]!
   8a2c8:	428b      	cmp	r3, r1
   8a2ca:	d1fb      	bne.n	8a2c4 <__sigtramp+0x4c>
   8a2cc:	e7dd      	b.n	8a28a <__sigtramp+0x12>
   8a2ce:	2003      	movs	r0, #3
   8a2d0:	bd38      	pop	{r3, r4, r5, pc}
   8a2d2:	2002      	movs	r0, #2
   8a2d4:	bd38      	pop	{r3, r4, r5, pc}
   8a2d6:	f04f 30ff 	mov.w	r0, #4294967295	; 0xffffffff
   8a2da:	bd38      	pop	{r3, r4, r5, pc}
   8a2dc:	200003b0 	.word	0x200003b0

0008a2e0 <_kill_r>:
   8a2e0:	b570      	push	{r4, r5, r6, lr}
   8a2e2:	2600      	movs	r6, #0
   8a2e4:	4d07      	ldr	r5, [pc, #28]	; (8a304 <_kill_r+0x24>)
   8a2e6:	4604      	mov	r4, r0
   8a2e8:	4608      	mov	r0, r1
   8a2ea:	4611      	mov	r1, r2
   8a2ec:	602e      	str	r6, [r5, #0]
   8a2ee:	f7f7 fccf 	bl	81c90 <_kill>
   8a2f2:	1c43      	adds	r3, r0, #1
   8a2f4:	d000      	beq.n	8a2f8 <_kill_r+0x18>
   8a2f6:	bd70      	pop	{r4, r5, r6, pc}
   8a2f8:	682b      	ldr	r3, [r5, #0]
   8a2fa:	2b00      	cmp	r3, #0
   8a2fc:	d0fb      	beq.n	8a2f6 <_kill_r+0x16>
   8a2fe:	6023      	str	r3, [r4, #0]
   8a300:	bd70      	pop	{r4, r5, r6, pc}
   8a302:	bf00      	nop
   8a304:	20003704 	.word	0x20003704

0008a308 <_getpid_r>:
   8a308:	f7f7 bcc4 	b.w	81c94 <_getpid>

0008a30c <__aeabi_drsub>:
   8a30c:	f081 4100 	eor.w	r1, r1, #2147483648	; 0x80000000
   8a310:	e002      	b.n	8a318 <__adddf3>
   8a312:	bf00      	nop

0008a314 <__aeabi_dsub>:
   8a314:	f083 4300 	eor.w	r3, r3, #2147483648	; 0x80000000

0008a318 <__adddf3>:
   8a318:	b530      	push	{r4, r5, lr}
   8a31a:	ea4f 0441 	mov.w	r4, r1, lsl #1
   8a31e:	ea4f 0543 	mov.w	r5, r3, lsl #1
   8a322:	ea94 0f05 	teq	r4, r5
   8a326:	bf08      	it	eq
   8a328:	ea90 0f02 	teqeq	r0, r2
   8a32c:	bf1f      	itttt	ne
   8a32e:	ea54 0c00 	orrsne.w	ip, r4, r0
   8a332:	ea55 0c02 	orrsne.w	ip, r5, r2
   8a336:	ea7f 5c64 	mvnsne.w	ip, r4, asr #21
   8a33a:	ea7f 5c65 	mvnsne.w	ip, r5, asr #21
   8a33e:	f000 80e2 	beq.w	8a506 <__adddf3+0x1ee>
   8a342:	ea4f 5454 	mov.w	r4, r4, lsr #21
   8a346:	ebd4 5555 	rsbs	r5, r4, r5, lsr #21
   8a34a:	bfb8      	it	lt
   8a34c:	426d      	neglt	r5, r5
   8a34e:	dd0c      	ble.n	8a36a <__adddf3+0x52>
   8a350:	442c      	add	r4, r5
   8a352:	ea80 0202 	eor.w	r2, r0, r2
   8a356:	ea81 0303 	eor.w	r3, r1, r3
   8a35a:	ea82 0000 	eor.w	r0, r2, r0
   8a35e:	ea83 0101 	eor.w	r1, r3, r1
   8a362:	ea80 0202 	eor.w	r2, r0, r2
   8a366:	ea81 0303 	eor.w	r3, r1, r3
   8a36a:	2d36      	cmp	r5, #54	; 0x36
   8a36c:	bf88      	it	hi
   8a36e:	bd30      	pophi	{r4, r5, pc}
   8a370:	f011 4f00 	tst.w	r1, #2147483648	; 0x80000000
   8a374:	ea4f 3101 	mov.w	r1, r1, lsl #12
   8a378:	f44f 1c80 	mov.w	ip, #1048576	; 0x100000
   8a37c:	ea4c 3111 	orr.w	r1, ip, r1, lsr #12
   8a380:	d002      	beq.n	8a388 <__adddf3+0x70>
   8a382:	4240      	negs	r0, r0
   8a384:	eb61 0141 	sbc.w	r1, r1, r1, lsl #1
   8a388:	f013 4f00 	tst.w	r3, #2147483648	; 0x80000000
   8a38c:	ea4f 3303 	mov.w	r3, r3, lsl #12
   8a390:	ea4c 3313 	orr.w	r3, ip, r3, lsr #12
   8a394:	d002      	beq.n	8a39c <__adddf3+0x84>
   8a396:	4252      	negs	r2, r2
   8a398:	eb63 0343 	sbc.w	r3, r3, r3, lsl #1
   8a39c:	ea94 0f05 	teq	r4, r5
   8a3a0:	f000 80a7 	beq.w	8a4f2 <__adddf3+0x1da>
   8a3a4:	f1a4 0401 	sub.w	r4, r4, #1
   8a3a8:	f1d5 0e20 	rsbs	lr, r5, #32
   8a3ac:	db0d      	blt.n	8a3ca <__adddf3+0xb2>
   8a3ae:	fa02 fc0e 	lsl.w	ip, r2, lr
   8a3b2:	fa22 f205 	lsr.w	r2, r2, r5
   8a3b6:	1880      	adds	r0, r0, r2
   8a3b8:	f141 0100 	adc.w	r1, r1, #0
   8a3bc:	fa03 f20e 	lsl.w	r2, r3, lr
   8a3c0:	1880      	adds	r0, r0, r2
   8a3c2:	fa43 f305 	asr.w	r3, r3, r5
   8a3c6:	4159      	adcs	r1, r3
   8a3c8:	e00e      	b.n	8a3e8 <__adddf3+0xd0>
   8a3ca:	f1a5 0520 	sub.w	r5, r5, #32
   8a3ce:	f10e 0e20 	add.w	lr, lr, #32
   8a3d2:	2a01      	cmp	r2, #1
   8a3d4:	fa03 fc0e 	lsl.w	ip, r3, lr
   8a3d8:	bf28      	it	cs
   8a3da:	f04c 0c02 	orrcs.w	ip, ip, #2
   8a3de:	fa43 f305 	asr.w	r3, r3, r5
   8a3e2:	18c0      	adds	r0, r0, r3
   8a3e4:	eb51 71e3 	adcs.w	r1, r1, r3, asr #31
   8a3e8:	f001 4500 	and.w	r5, r1, #2147483648	; 0x80000000
   8a3ec:	d507      	bpl.n	8a3fe <__adddf3+0xe6>
   8a3ee:	f04f 0e00 	mov.w	lr, #0
   8a3f2:	f1dc 0c00 	rsbs	ip, ip, #0
   8a3f6:	eb7e 0000 	sbcs.w	r0, lr, r0
   8a3fa:	eb6e 0101 	sbc.w	r1, lr, r1
   8a3fe:	f5b1 1f80 	cmp.w	r1, #1048576	; 0x100000
   8a402:	d31b      	bcc.n	8a43c <__adddf3+0x124>
   8a404:	f5b1 1f00 	cmp.w	r1, #2097152	; 0x200000
   8a408:	d30c      	bcc.n	8a424 <__adddf3+0x10c>
   8a40a:	0849      	lsrs	r1, r1, #1
   8a40c:	ea5f 0030 	movs.w	r0, r0, rrx
   8a410:	ea4f 0c3c 	mov.w	ip, ip, rrx
   8a414:	f104 0401 	add.w	r4, r4, #1
   8a418:	ea4f 5244 	mov.w	r2, r4, lsl #21
   8a41c:	f512 0f80 	cmn.w	r2, #4194304	; 0x400000
   8a420:	f080 809a 	bcs.w	8a558 <__adddf3+0x240>
   8a424:	f1bc 4f00 	cmp.w	ip, #2147483648	; 0x80000000
   8a428:	bf08      	it	eq
   8a42a:	ea5f 0c50 	movseq.w	ip, r0, lsr #1
   8a42e:	f150 0000 	adcs.w	r0, r0, #0
   8a432:	eb41 5104 	adc.w	r1, r1, r4, lsl #20
   8a436:	ea41 0105 	orr.w	r1, r1, r5
   8a43a:	bd30      	pop	{r4, r5, pc}
   8a43c:	ea5f 0c4c 	movs.w	ip, ip, lsl #1
   8a440:	4140      	adcs	r0, r0
   8a442:	eb41 0101 	adc.w	r1, r1, r1
   8a446:	3c01      	subs	r4, #1
   8a448:	bf28      	it	cs
   8a44a:	f5b1 1f80 	cmpcs.w	r1, #1048576	; 0x100000
   8a44e:	d2e9      	bcs.n	8a424 <__adddf3+0x10c>
   8a450:	f091 0f00 	teq	r1, #0
   8a454:	bf04      	itt	eq
   8a456:	4601      	moveq	r1, r0
   8a458:	2000      	moveq	r0, #0
   8a45a:	fab1 f381 	clz	r3, r1
   8a45e:	bf08      	it	eq
   8a460:	3320      	addeq	r3, #32
   8a462:	f1a3 030b 	sub.w	r3, r3, #11
   8a466:	f1b3 0220 	subs.w	r2, r3, #32
   8a46a:	da0c      	bge.n	8a486 <__adddf3+0x16e>
   8a46c:	320c      	adds	r2, #12
   8a46e:	dd08      	ble.n	8a482 <__adddf3+0x16a>
   8a470:	f102 0c14 	add.w	ip, r2, #20
   8a474:	f1c2 020c 	rsb	r2, r2, #12
   8a478:	fa01 f00c 	lsl.w	r0, r1, ip
   8a47c:	fa21 f102 	lsr.w	r1, r1, r2
   8a480:	e00c      	b.n	8a49c <__adddf3+0x184>
   8a482:	f102 0214 	add.w	r2, r2, #20
   8a486:	bfd8      	it	le
   8a488:	f1c2 0c20 	rsble	ip, r2, #32
   8a48c:	fa01 f102 	lsl.w	r1, r1, r2
   8a490:	fa20 fc0c 	lsr.w	ip, r0, ip
   8a494:	bfdc      	itt	le
   8a496:	ea41 010c 	orrle.w	r1, r1, ip
   8a49a:	4090      	lslle	r0, r2
   8a49c:	1ae4      	subs	r4, r4, r3
   8a49e:	bfa2      	ittt	ge
   8a4a0:	eb01 5104 	addge.w	r1, r1, r4, lsl #20
   8a4a4:	4329      	orrge	r1, r5
   8a4a6:	bd30      	popge	{r4, r5, pc}
   8a4a8:	ea6f 0404 	mvn.w	r4, r4
   8a4ac:	3c1f      	subs	r4, #31
   8a4ae:	da1c      	bge.n	8a4ea <__adddf3+0x1d2>
   8a4b0:	340c      	adds	r4, #12
   8a4b2:	dc0e      	bgt.n	8a4d2 <__adddf3+0x1ba>
   8a4b4:	f104 0414 	add.w	r4, r4, #20
   8a4b8:	f1c4 0220 	rsb	r2, r4, #32
   8a4bc:	fa20 f004 	lsr.w	r0, r0, r4
   8a4c0:	fa01 f302 	lsl.w	r3, r1, r2
   8a4c4:	ea40 0003 	orr.w	r0, r0, r3
   8a4c8:	fa21 f304 	lsr.w	r3, r1, r4
   8a4cc:	ea45 0103 	orr.w	r1, r5, r3
   8a4d0:	bd30      	pop	{r4, r5, pc}
   8a4d2:	f1c4 040c 	rsb	r4, r4, #12
   8a4d6:	f1c4 0220 	rsb	r2, r4, #32
   8a4da:	fa20 f002 	lsr.w	r0, r0, r2
   8a4de:	fa01 f304 	lsl.w	r3, r1, r4
   8a4e2:	ea40 0003 	orr.w	r0, r0, r3
   8a4e6:	4629      	mov	r1, r5
   8a4e8:	bd30      	pop	{r4, r5, pc}
   8a4ea:	fa21 f004 	lsr.w	r0, r1, r4
   8a4ee:	4629      	mov	r1, r5
   8a4f0:	bd30      	pop	{r4, r5, pc}
   8a4f2:	f094 0f00 	teq	r4, #0
   8a4f6:	f483 1380 	eor.w	r3, r3, #1048576	; 0x100000
   8a4fa:	bf06      	itte	eq
   8a4fc:	f481 1180 	eoreq.w	r1, r1, #1048576	; 0x100000
   8a500:	3401      	addeq	r4, #1
   8a502:	3d01      	subne	r5, #1
   8a504:	e74e      	b.n	8a3a4 <__adddf3+0x8c>
   8a506:	ea7f 5c64 	mvns.w	ip, r4, asr #21
   8a50a:	bf18      	it	ne
   8a50c:	ea7f 5c65 	mvnsne.w	ip, r5, asr #21
   8a510:	d029      	beq.n	8a566 <__adddf3+0x24e>
   8a512:	ea94 0f05 	teq	r4, r5
   8a516:	bf08      	it	eq
   8a518:	ea90 0f02 	teqeq	r0, r2
   8a51c:	d005      	beq.n	8a52a <__adddf3+0x212>
   8a51e:	ea54 0c00 	orrs.w	ip, r4, r0
   8a522:	bf04      	itt	eq
   8a524:	4619      	moveq	r1, r3
   8a526:	4610      	moveq	r0, r2
   8a528:	bd30      	pop	{r4, r5, pc}
   8a52a:	ea91 0f03 	teq	r1, r3
   8a52e:	bf1e      	ittt	ne
   8a530:	2100      	movne	r1, #0
   8a532:	2000      	movne	r0, #0
   8a534:	bd30      	popne	{r4, r5, pc}
   8a536:	ea5f 5c54 	movs.w	ip, r4, lsr #21
   8a53a:	d105      	bne.n	8a548 <__adddf3+0x230>
   8a53c:	0040      	lsls	r0, r0, #1
   8a53e:	4149      	adcs	r1, r1
   8a540:	bf28      	it	cs
   8a542:	f041 4100 	orrcs.w	r1, r1, #2147483648	; 0x80000000
   8a546:	bd30      	pop	{r4, r5, pc}
   8a548:	f514 0480 	adds.w	r4, r4, #4194304	; 0x400000
   8a54c:	bf3c      	itt	cc
   8a54e:	f501 1180 	addcc.w	r1, r1, #1048576	; 0x100000
   8a552:	bd30      	popcc	{r4, r5, pc}
   8a554:	f001 4500 	and.w	r5, r1, #2147483648	; 0x80000000
   8a558:	f045 41fe 	orr.w	r1, r5, #2130706432	; 0x7f000000
   8a55c:	f441 0170 	orr.w	r1, r1, #15728640	; 0xf00000
   8a560:	f04f 0000 	mov.w	r0, #0
   8a564:	bd30      	pop	{r4, r5, pc}
   8a566:	ea7f 5c64 	mvns.w	ip, r4, asr #21
   8a56a:	bf1a      	itte	ne
   8a56c:	4619      	movne	r1, r3
   8a56e:	4610      	movne	r0, r2
   8a570:	ea7f 5c65 	mvnseq.w	ip, r5, asr #21
   8a574:	bf1c      	itt	ne
   8a576:	460b      	movne	r3, r1
   8a578:	4602      	movne	r2, r0
   8a57a:	ea50 3401 	orrs.w	r4, r0, r1, lsl #12
   8a57e:	bf06      	itte	eq
   8a580:	ea52 3503 	orrseq.w	r5, r2, r3, lsl #12
   8a584:	ea91 0f03 	teqeq	r1, r3
   8a588:	f441 2100 	orrne.w	r1, r1, #524288	; 0x80000
   8a58c:	bd30      	pop	{r4, r5, pc}
   8a58e:	bf00      	nop

0008a590 <__aeabi_ui2d>:
   8a590:	f090 0f00 	teq	r0, #0
   8a594:	bf04      	itt	eq
   8a596:	2100      	moveq	r1, #0
   8a598:	4770      	bxeq	lr
   8a59a:	b530      	push	{r4, r5, lr}
   8a59c:	f44f 6480 	mov.w	r4, #1024	; 0x400
   8a5a0:	f104 0432 	add.w	r4, r4, #50	; 0x32
   8a5a4:	f04f 0500 	mov.w	r5, #0
   8a5a8:	f04f 0100 	mov.w	r1, #0
   8a5ac:	e750      	b.n	8a450 <__adddf3+0x138>
   8a5ae:	bf00      	nop

0008a5b0 <__aeabi_i2d>:
   8a5b0:	f090 0f00 	teq	r0, #0
   8a5b4:	bf04      	itt	eq
   8a5b6:	2100      	moveq	r1, #0
   8a5b8:	4770      	bxeq	lr
   8a5ba:	b530      	push	{r4, r5, lr}
   8a5bc:	f44f 6480 	mov.w	r4, #1024	; 0x400
   8a5c0:	f104 0432 	add.w	r4, r4, #50	; 0x32
   8a5c4:	f010 4500 	ands.w	r5, r0, #2147483648	; 0x80000000
   8a5c8:	bf48      	it	mi
   8a5ca:	4240      	negmi	r0, r0
   8a5cc:	f04f 0100 	mov.w	r1, #0
   8a5d0:	e73e      	b.n	8a450 <__adddf3+0x138>
   8a5d2:	bf00      	nop

0008a5d4 <__aeabi_f2d>:
   8a5d4:	0042      	lsls	r2, r0, #1
   8a5d6:	ea4f 01e2 	mov.w	r1, r2, asr #3
   8a5da:	ea4f 0131 	mov.w	r1, r1, rrx
   8a5de:	ea4f 7002 	mov.w	r0, r2, lsl #28
   8a5e2:	bf1f      	itttt	ne
   8a5e4:	f012 437f 	andsne.w	r3, r2, #4278190080	; 0xff000000
   8a5e8:	f093 4f7f 	teqne	r3, #4278190080	; 0xff000000
   8a5ec:	f081 5160 	eorne.w	r1, r1, #939524096	; 0x38000000
   8a5f0:	4770      	bxne	lr
   8a5f2:	f032 427f 	bics.w	r2, r2, #4278190080	; 0xff000000
   8a5f6:	bf08      	it	eq
   8a5f8:	4770      	bxeq	lr
   8a5fa:	f093 4f7f 	teq	r3, #4278190080	; 0xff000000
   8a5fe:	bf04      	itt	eq
   8a600:	f441 2100 	orreq.w	r1, r1, #524288	; 0x80000
   8a604:	4770      	bxeq	lr
   8a606:	b530      	push	{r4, r5, lr}
   8a608:	f44f 7460 	mov.w	r4, #896	; 0x380
   8a60c:	f001 4500 	and.w	r5, r1, #2147483648	; 0x80000000
   8a610:	f021 4100 	bic.w	r1, r1, #2147483648	; 0x80000000
   8a614:	e71c      	b.n	8a450 <__adddf3+0x138>
   8a616:	bf00      	nop

0008a618 <__aeabi_ul2d>:
   8a618:	ea50 0201 	orrs.w	r2, r0, r1
   8a61c:	bf08      	it	eq
   8a61e:	4770      	bxeq	lr
   8a620:	b530      	push	{r4, r5, lr}
   8a622:	f04f 0500 	mov.w	r5, #0
   8a626:	e00a      	b.n	8a63e <__aeabi_l2d+0x16>

0008a628 <__aeabi_l2d>:
   8a628:	ea50 0201 	orrs.w	r2, r0, r1
   8a62c:	bf08      	it	eq
   8a62e:	4770      	bxeq	lr
   8a630:	b530      	push	{r4, r5, lr}
   8a632:	f011 4500 	ands.w	r5, r1, #2147483648	; 0x80000000
   8a636:	d502      	bpl.n	8a63e <__aeabi_l2d+0x16>
   8a638:	4240      	negs	r0, r0
   8a63a:	eb61 0141 	sbc.w	r1, r1, r1, lsl #1
   8a63e:	f44f 6480 	mov.w	r4, #1024	; 0x400
   8a642:	f104 0432 	add.w	r4, r4, #50	; 0x32
   8a646:	ea5f 5c91 	movs.w	ip, r1, lsr #22
   8a64a:	f43f aed8 	beq.w	8a3fe <__adddf3+0xe6>
   8a64e:	f04f 0203 	mov.w	r2, #3
   8a652:	ea5f 0cdc 	movs.w	ip, ip, lsr #3
   8a656:	bf18      	it	ne
   8a658:	3203      	addne	r2, #3
   8a65a:	ea5f 0cdc 	movs.w	ip, ip, lsr #3
   8a65e:	bf18      	it	ne
   8a660:	3203      	addne	r2, #3
   8a662:	eb02 02dc 	add.w	r2, r2, ip, lsr #3
   8a666:	f1c2 0320 	rsb	r3, r2, #32
   8a66a:	fa00 fc03 	lsl.w	ip, r0, r3
   8a66e:	fa20 f002 	lsr.w	r0, r0, r2
   8a672:	fa01 fe03 	lsl.w	lr, r1, r3
   8a676:	ea40 000e 	orr.w	r0, r0, lr
   8a67a:	fa21 f102 	lsr.w	r1, r1, r2
   8a67e:	4414      	add	r4, r2
   8a680:	e6bd      	b.n	8a3fe <__adddf3+0xe6>
   8a682:	bf00      	nop

0008a684 <__aeabi_dmul>:
   8a684:	b570      	push	{r4, r5, r6, lr}
   8a686:	f04f 0cff 	mov.w	ip, #255	; 0xff
   8a68a:	f44c 6ce0 	orr.w	ip, ip, #1792	; 0x700
   8a68e:	ea1c 5411 	ands.w	r4, ip, r1, lsr #20
   8a692:	bf1d      	ittte	ne
   8a694:	ea1c 5513 	andsne.w	r5, ip, r3, lsr #20
   8a698:	ea94 0f0c 	teqne	r4, ip
   8a69c:	ea95 0f0c 	teqne	r5, ip
   8a6a0:	f000 f8de 	bleq	8a860 <__aeabi_dmul+0x1dc>
   8a6a4:	442c      	add	r4, r5
   8a6a6:	ea81 0603 	eor.w	r6, r1, r3
   8a6aa:	ea21 514c 	bic.w	r1, r1, ip, lsl #21
   8a6ae:	ea23 534c 	bic.w	r3, r3, ip, lsl #21
   8a6b2:	ea50 3501 	orrs.w	r5, r0, r1, lsl #12
   8a6b6:	bf18      	it	ne
   8a6b8:	ea52 3503 	orrsne.w	r5, r2, r3, lsl #12
   8a6bc:	f441 1180 	orr.w	r1, r1, #1048576	; 0x100000
   8a6c0:	f443 1380 	orr.w	r3, r3, #1048576	; 0x100000
   8a6c4:	d038      	beq.n	8a738 <__aeabi_dmul+0xb4>
   8a6c6:	fba0 ce02 	umull	ip, lr, r0, r2
   8a6ca:	f04f 0500 	mov.w	r5, #0
   8a6ce:	fbe1 e502 	umlal	lr, r5, r1, r2
   8a6d2:	f006 4200 	and.w	r2, r6, #2147483648	; 0x80000000
   8a6d6:	fbe0 e503 	umlal	lr, r5, r0, r3
   8a6da:	f04f 0600 	mov.w	r6, #0
   8a6de:	fbe1 5603 	umlal	r5, r6, r1, r3
   8a6e2:	f09c 0f00 	teq	ip, #0
   8a6e6:	bf18      	it	ne
   8a6e8:	f04e 0e01 	orrne.w	lr, lr, #1
   8a6ec:	f1a4 04ff 	sub.w	r4, r4, #255	; 0xff
   8a6f0:	f5b6 7f00 	cmp.w	r6, #512	; 0x200
   8a6f4:	f564 7440 	sbc.w	r4, r4, #768	; 0x300
   8a6f8:	d204      	bcs.n	8a704 <__aeabi_dmul+0x80>
   8a6fa:	ea5f 0e4e 	movs.w	lr, lr, lsl #1
   8a6fe:	416d      	adcs	r5, r5
   8a700:	eb46 0606 	adc.w	r6, r6, r6
   8a704:	ea42 21c6 	orr.w	r1, r2, r6, lsl #11
   8a708:	ea41 5155 	orr.w	r1, r1, r5, lsr #21
   8a70c:	ea4f 20c5 	mov.w	r0, r5, lsl #11
   8a710:	ea40 505e 	orr.w	r0, r0, lr, lsr #21
   8a714:	ea4f 2ece 	mov.w	lr, lr, lsl #11
   8a718:	f1b4 0cfd 	subs.w	ip, r4, #253	; 0xfd
   8a71c:	bf88      	it	hi
   8a71e:	f5bc 6fe0 	cmphi.w	ip, #1792	; 0x700
   8a722:	d81e      	bhi.n	8a762 <__aeabi_dmul+0xde>
   8a724:	f1be 4f00 	cmp.w	lr, #2147483648	; 0x80000000
   8a728:	bf08      	it	eq
   8a72a:	ea5f 0e50 	movseq.w	lr, r0, lsr #1
   8a72e:	f150 0000 	adcs.w	r0, r0, #0
   8a732:	eb41 5104 	adc.w	r1, r1, r4, lsl #20
   8a736:	bd70      	pop	{r4, r5, r6, pc}
   8a738:	f006 4600 	and.w	r6, r6, #2147483648	; 0x80000000
   8a73c:	ea46 0101 	orr.w	r1, r6, r1
   8a740:	ea40 0002 	orr.w	r0, r0, r2
   8a744:	ea81 0103 	eor.w	r1, r1, r3
   8a748:	ebb4 045c 	subs.w	r4, r4, ip, lsr #1
   8a74c:	bfc2      	ittt	gt
   8a74e:	ebd4 050c 	rsbsgt	r5, r4, ip
   8a752:	ea41 5104 	orrgt.w	r1, r1, r4, lsl #20
   8a756:	bd70      	popgt	{r4, r5, r6, pc}
   8a758:	f441 1180 	orr.w	r1, r1, #1048576	; 0x100000
   8a75c:	f04f 0e00 	mov.w	lr, #0
   8a760:	3c01      	subs	r4, #1
   8a762:	f300 80ab 	bgt.w	8a8bc <__aeabi_dmul+0x238>
   8a766:	f114 0f36 	cmn.w	r4, #54	; 0x36
   8a76a:	bfde      	ittt	le
   8a76c:	2000      	movle	r0, #0
   8a76e:	f001 4100 	andle.w	r1, r1, #2147483648	; 0x80000000
   8a772:	bd70      	pople	{r4, r5, r6, pc}
   8a774:	f1c4 0400 	rsb	r4, r4, #0
   8a778:	3c20      	subs	r4, #32
   8a77a:	da35      	bge.n	8a7e8 <__aeabi_dmul+0x164>
   8a77c:	340c      	adds	r4, #12
   8a77e:	dc1b      	bgt.n	8a7b8 <__aeabi_dmul+0x134>
   8a780:	f104 0414 	add.w	r4, r4, #20
   8a784:	f1c4 0520 	rsb	r5, r4, #32
   8a788:	fa00 f305 	lsl.w	r3, r0, r5
   8a78c:	fa20 f004 	lsr.w	r0, r0, r4
   8a790:	fa01 f205 	lsl.w	r2, r1, r5
   8a794:	ea40 0002 	orr.w	r0, r0, r2
   8a798:	f001 4200 	and.w	r2, r1, #2147483648	; 0x80000000
   8a79c:	f021 4100 	bic.w	r1, r1, #2147483648	; 0x80000000
   8a7a0:	eb10 70d3 	adds.w	r0, r0, r3, lsr #31
   8a7a4:	fa21 f604 	lsr.w	r6, r1, r4
   8a7a8:	eb42 0106 	adc.w	r1, r2, r6
   8a7ac:	ea5e 0e43 	orrs.w	lr, lr, r3, lsl #1
   8a7b0:	bf08      	it	eq
   8a7b2:	ea20 70d3 	biceq.w	r0, r0, r3, lsr #31
   8a7b6:	bd70      	pop	{r4, r5, r6, pc}
   8a7b8:	f1c4 040c 	rsb	r4, r4, #12
   8a7bc:	f1c4 0520 	rsb	r5, r4, #32
   8a7c0:	fa00 f304 	lsl.w	r3, r0, r4
   8a7c4:	fa20 f005 	lsr.w	r0, r0, r5
   8a7c8:	fa01 f204 	lsl.w	r2, r1, r4
   8a7cc:	ea40 0002 	orr.w	r0, r0, r2
   8a7d0:	f001 4100 	and.w	r1, r1, #2147483648	; 0x80000000
   8a7d4:	eb10 70d3 	adds.w	r0, r0, r3, lsr #31
   8a7d8:	f141 0100 	adc.w	r1, r1, #0
   8a7dc:	ea5e 0e43 	orrs.w	lr, lr, r3, lsl #1
   8a7e0:	bf08      	it	eq
   8a7e2:	ea20 70d3 	biceq.w	r0, r0, r3, lsr #31
   8a7e6:	bd70      	pop	{r4, r5, r6, pc}
   8a7e8:	f1c4 0520 	rsb	r5, r4, #32
   8a7ec:	fa00 f205 	lsl.w	r2, r0, r5
   8a7f0:	ea4e 0e02 	orr.w	lr, lr, r2
   8a7f4:	fa20 f304 	lsr.w	r3, r0, r4
   8a7f8:	fa01 f205 	lsl.w	r2, r1, r5
   8a7fc:	ea43 0302 	orr.w	r3, r3, r2
   8a800:	fa21 f004 	lsr.w	r0, r1, r4
   8a804:	f001 4100 	and.w	r1, r1, #2147483648	; 0x80000000
   8a808:	fa21 f204 	lsr.w	r2, r1, r4
   8a80c:	ea20 0002 	bic.w	r0, r0, r2
   8a810:	eb00 70d3 	add.w	r0, r0, r3, lsr #31
   8a814:	ea5e 0e43 	orrs.w	lr, lr, r3, lsl #1
   8a818:	bf08      	it	eq
   8a81a:	ea20 70d3 	biceq.w	r0, r0, r3, lsr #31
   8a81e:	bd70      	pop	{r4, r5, r6, pc}
   8a820:	f094 0f00 	teq	r4, #0
   8a824:	d10f      	bne.n	8a846 <__aeabi_dmul+0x1c2>
   8a826:	f001 4600 	and.w	r6, r1, #2147483648	; 0x80000000
   8a82a:	0040      	lsls	r0, r0, #1
   8a82c:	eb41 0101 	adc.w	r1, r1, r1
   8a830:	f411 1f80 	tst.w	r1, #1048576	; 0x100000
   8a834:	bf08      	it	eq
   8a836:	3c01      	subeq	r4, #1
   8a838:	d0f7      	beq.n	8a82a <__aeabi_dmul+0x1a6>
   8a83a:	ea41 0106 	orr.w	r1, r1, r6
   8a83e:	f095 0f00 	teq	r5, #0
   8a842:	bf18      	it	ne
   8a844:	4770      	bxne	lr
   8a846:	f003 4600 	and.w	r6, r3, #2147483648	; 0x80000000
   8a84a:	0052      	lsls	r2, r2, #1
   8a84c:	eb43 0303 	adc.w	r3, r3, r3
   8a850:	f413 1f80 	tst.w	r3, #1048576	; 0x100000
   8a854:	bf08      	it	eq
   8a856:	3d01      	subeq	r5, #1
   8a858:	d0f7      	beq.n	8a84a <__aeabi_dmul+0x1c6>
   8a85a:	ea43 0306 	orr.w	r3, r3, r6
   8a85e:	4770      	bx	lr
   8a860:	ea94 0f0c 	teq	r4, ip
   8a864:	ea0c 5513 	and.w	r5, ip, r3, lsr #20
   8a868:	bf18      	it	ne
   8a86a:	ea95 0f0c 	teqne	r5, ip
   8a86e:	d00c      	beq.n	8a88a <__aeabi_dmul+0x206>
   8a870:	ea50 0641 	orrs.w	r6, r0, r1, lsl #1
   8a874:	bf18      	it	ne
   8a876:	ea52 0643 	orrsne.w	r6, r2, r3, lsl #1
   8a87a:	d1d1      	bne.n	8a820 <__aeabi_dmul+0x19c>
   8a87c:	ea81 0103 	eor.w	r1, r1, r3
   8a880:	f001 4100 	and.w	r1, r1, #2147483648	; 0x80000000
   8a884:	f04f 0000 	mov.w	r0, #0
   8a888:	bd70      	pop	{r4, r5, r6, pc}
   8a88a:	ea50 0641 	orrs.w	r6, r0, r1, lsl #1
   8a88e:	bf06      	itte	eq
   8a890:	4610      	moveq	r0, r2
   8a892:	4619      	moveq	r1, r3
   8a894:	ea52 0643 	orrsne.w	r6, r2, r3, lsl #1
   8a898:	d019      	beq.n	8a8ce <__aeabi_dmul+0x24a>
   8a89a:	ea94 0f0c 	teq	r4, ip
   8a89e:	d102      	bne.n	8a8a6 <__aeabi_dmul+0x222>
   8a8a0:	ea50 3601 	orrs.w	r6, r0, r1, lsl #12
   8a8a4:	d113      	bne.n	8a8ce <__aeabi_dmul+0x24a>
   8a8a6:	ea95 0f0c 	teq	r5, ip
   8a8aa:	d105      	bne.n	8a8b8 <__aeabi_dmul+0x234>
   8a8ac:	ea52 3603 	orrs.w	r6, r2, r3, lsl #12
   8a8b0:	bf1c      	itt	ne
   8a8b2:	4610      	movne	r0, r2
   8a8b4:	4619      	movne	r1, r3
   8a8b6:	d10a      	bne.n	8a8ce <__aeabi_dmul+0x24a>
   8a8b8:	ea81 0103 	eor.w	r1, r1, r3
   8a8bc:	f001 4100 	and.w	r1, r1, #2147483648	; 0x80000000
   8a8c0:	f041 41fe 	orr.w	r1, r1, #2130706432	; 0x7f000000
   8a8c4:	f441 0170 	orr.w	r1, r1, #15728640	; 0xf00000
   8a8c8:	f04f 0000 	mov.w	r0, #0
   8a8cc:	bd70      	pop	{r4, r5, r6, pc}
   8a8ce:	f041 41fe 	orr.w	r1, r1, #2130706432	; 0x7f000000
   8a8d2:	f441 0178 	orr.w	r1, r1, #16252928	; 0xf80000
   8a8d6:	bd70      	pop	{r4, r5, r6, pc}

0008a8d8 <__aeabi_ddiv>:
   8a8d8:	b570      	push	{r4, r5, r6, lr}
   8a8da:	f04f 0cff 	mov.w	ip, #255	; 0xff
   8a8de:	f44c 6ce0 	orr.w	ip, ip, #1792	; 0x700
   8a8e2:	ea1c 5411 	ands.w	r4, ip, r1, lsr #20
   8a8e6:	bf1d      	ittte	ne
   8a8e8:	ea1c 5513 	andsne.w	r5, ip, r3, lsr #20
   8a8ec:	ea94 0f0c 	teqne	r4, ip
   8a8f0:	ea95 0f0c 	teqne	r5, ip
   8a8f4:	f000 f8a7 	bleq	8aa46 <__aeabi_ddiv+0x16e>
   8a8f8:	eba4 0405 	sub.w	r4, r4, r5
   8a8fc:	ea81 0e03 	eor.w	lr, r1, r3
   8a900:	ea52 3503 	orrs.w	r5, r2, r3, lsl #12
   8a904:	ea4f 3101 	mov.w	r1, r1, lsl #12
   8a908:	f000 8088 	beq.w	8aa1c <__aeabi_ddiv+0x144>
   8a90c:	ea4f 3303 	mov.w	r3, r3, lsl #12
   8a910:	f04f 5580 	mov.w	r5, #268435456	; 0x10000000
   8a914:	ea45 1313 	orr.w	r3, r5, r3, lsr #4
   8a918:	ea43 6312 	orr.w	r3, r3, r2, lsr #24
   8a91c:	ea4f 2202 	mov.w	r2, r2, lsl #8
   8a920:	ea45 1511 	orr.w	r5, r5, r1, lsr #4
   8a924:	ea45 6510 	orr.w	r5, r5, r0, lsr #24
   8a928:	ea4f 2600 	mov.w	r6, r0, lsl #8
   8a92c:	f00e 4100 	and.w	r1, lr, #2147483648	; 0x80000000
   8a930:	429d      	cmp	r5, r3
   8a932:	bf08      	it	eq
   8a934:	4296      	cmpeq	r6, r2
   8a936:	f144 04fd 	adc.w	r4, r4, #253	; 0xfd
   8a93a:	f504 7440 	add.w	r4, r4, #768	; 0x300
   8a93e:	d202      	bcs.n	8a946 <__aeabi_ddiv+0x6e>
   8a940:	085b      	lsrs	r3, r3, #1
   8a942:	ea4f 0232 	mov.w	r2, r2, rrx
   8a946:	1ab6      	subs	r6, r6, r2
   8a948:	eb65 0503 	sbc.w	r5, r5, r3
   8a94c:	085b      	lsrs	r3, r3, #1
   8a94e:	ea4f 0232 	mov.w	r2, r2, rrx
   8a952:	f44f 1080 	mov.w	r0, #1048576	; 0x100000
   8a956:	f44f 2c00 	mov.w	ip, #524288	; 0x80000
   8a95a:	ebb6 0e02 	subs.w	lr, r6, r2
   8a95e:	eb75 0e03 	sbcs.w	lr, r5, r3
   8a962:	bf22      	ittt	cs
   8a964:	1ab6      	subcs	r6, r6, r2
   8a966:	4675      	movcs	r5, lr
   8a968:	ea40 000c 	orrcs.w	r0, r0, ip
   8a96c:	085b      	lsrs	r3, r3, #1
   8a96e:	ea4f 0232 	mov.w	r2, r2, rrx
   8a972:	ebb6 0e02 	subs.w	lr, r6, r2
   8a976:	eb75 0e03 	sbcs.w	lr, r5, r3
   8a97a:	bf22      	ittt	cs
   8a97c:	1ab6      	subcs	r6, r6, r2
   8a97e:	4675      	movcs	r5, lr
   8a980:	ea40 005c 	orrcs.w	r0, r0, ip, lsr #1
   8a984:	085b      	lsrs	r3, r3, #1
   8a986:	ea4f 0232 	mov.w	r2, r2, rrx
   8a98a:	ebb6 0e02 	subs.w	lr, r6, r2
   8a98e:	eb75 0e03 	sbcs.w	lr, r5, r3
   8a992:	bf22      	ittt	cs
   8a994:	1ab6      	subcs	r6, r6, r2
   8a996:	4675      	movcs	r5, lr
   8a998:	ea40 009c 	orrcs.w	r0, r0, ip, lsr #2
   8a99c:	085b      	lsrs	r3, r3, #1
   8a99e:	ea4f 0232 	mov.w	r2, r2, rrx
   8a9a2:	ebb6 0e02 	subs.w	lr, r6, r2
   8a9a6:	eb75 0e03 	sbcs.w	lr, r5, r3
   8a9aa:	bf22      	ittt	cs
   8a9ac:	1ab6      	subcs	r6, r6, r2
   8a9ae:	4675      	movcs	r5, lr
   8a9b0:	ea40 00dc 	orrcs.w	r0, r0, ip, lsr #3
   8a9b4:	ea55 0e06 	orrs.w	lr, r5, r6
   8a9b8:	d018      	beq.n	8a9ec <__aeabi_ddiv+0x114>
   8a9ba:	ea4f 1505 	mov.w	r5, r5, lsl #4
   8a9be:	ea45 7516 	orr.w	r5, r5, r6, lsr #28
   8a9c2:	ea4f 1606 	mov.w	r6, r6, lsl #4
   8a9c6:	ea4f 03c3 	mov.w	r3, r3, lsl #3
   8a9ca:	ea43 7352 	orr.w	r3, r3, r2, lsr #29
   8a9ce:	ea4f 02c2 	mov.w	r2, r2, lsl #3
   8a9d2:	ea5f 1c1c 	movs.w	ip, ip, lsr #4
   8a9d6:	d1c0      	bne.n	8a95a <__aeabi_ddiv+0x82>
   8a9d8:	f411 1f80 	tst.w	r1, #1048576	; 0x100000
   8a9dc:	d10b      	bne.n	8a9f6 <__aeabi_ddiv+0x11e>
   8a9de:	ea41 0100 	orr.w	r1, r1, r0
   8a9e2:	f04f 0000 	mov.w	r0, #0
   8a9e6:	f04f 4c00 	mov.w	ip, #2147483648	; 0x80000000
   8a9ea:	e7b6      	b.n	8a95a <__aeabi_ddiv+0x82>
   8a9ec:	f411 1f80 	tst.w	r1, #1048576	; 0x100000
   8a9f0:	bf04      	itt	eq
   8a9f2:	4301      	orreq	r1, r0
   8a9f4:	2000      	moveq	r0, #0
   8a9f6:	f1b4 0cfd 	subs.w	ip, r4, #253	; 0xfd
   8a9fa:	bf88      	it	hi
   8a9fc:	f5bc 6fe0 	cmphi.w	ip, #1792	; 0x700
   8aa00:	f63f aeaf 	bhi.w	8a762 <__aeabi_dmul+0xde>
   8aa04:	ebb5 0c03 	subs.w	ip, r5, r3
   8aa08:	bf04      	itt	eq
   8aa0a:	ebb6 0c02 	subseq.w	ip, r6, r2
   8aa0e:	ea5f 0c50 	movseq.w	ip, r0, lsr #1
   8aa12:	f150 0000 	adcs.w	r0, r0, #0
   8aa16:	eb41 5104 	adc.w	r1, r1, r4, lsl #20
   8aa1a:	bd70      	pop	{r4, r5, r6, pc}
   8aa1c:	f00e 4e00 	and.w	lr, lr, #2147483648	; 0x80000000
   8aa20:	ea4e 3111 	orr.w	r1, lr, r1, lsr #12
   8aa24:	eb14 045c 	adds.w	r4, r4, ip, lsr #1
   8aa28:	bfc2      	ittt	gt
   8aa2a:	ebd4 050c 	rsbsgt	r5, r4, ip
   8aa2e:	ea41 5104 	orrgt.w	r1, r1, r4, lsl #20
   8aa32:	bd70      	popgt	{r4, r5, r6, pc}
   8aa34:	f441 1180 	orr.w	r1, r1, #1048576	; 0x100000
   8aa38:	f04f 0e00 	mov.w	lr, #0
   8aa3c:	3c01      	subs	r4, #1
   8aa3e:	e690      	b.n	8a762 <__aeabi_dmul+0xde>
   8aa40:	ea45 0e06 	orr.w	lr, r5, r6
   8aa44:	e68d      	b.n	8a762 <__aeabi_dmul+0xde>
   8aa46:	ea0c 5513 	and.w	r5, ip, r3, lsr #20
   8aa4a:	ea94 0f0c 	teq	r4, ip
   8aa4e:	bf08      	it	eq
   8aa50:	ea95 0f0c 	teqeq	r5, ip
   8aa54:	f43f af3b 	beq.w	8a8ce <__aeabi_dmul+0x24a>
   8aa58:	ea94 0f0c 	teq	r4, ip
   8aa5c:	d10a      	bne.n	8aa74 <__aeabi_ddiv+0x19c>
   8aa5e:	ea50 3401 	orrs.w	r4, r0, r1, lsl #12
   8aa62:	f47f af34 	bne.w	8a8ce <__aeabi_dmul+0x24a>
   8aa66:	ea95 0f0c 	teq	r5, ip
   8aa6a:	f47f af25 	bne.w	8a8b8 <__aeabi_dmul+0x234>
   8aa6e:	4610      	mov	r0, r2
   8aa70:	4619      	mov	r1, r3
   8aa72:	e72c      	b.n	8a8ce <__aeabi_dmul+0x24a>
   8aa74:	ea95 0f0c 	teq	r5, ip
   8aa78:	d106      	bne.n	8aa88 <__aeabi_ddiv+0x1b0>
   8aa7a:	ea52 3503 	orrs.w	r5, r2, r3, lsl #12
   8aa7e:	f43f aefd 	beq.w	8a87c <__aeabi_dmul+0x1f8>
   8aa82:	4610      	mov	r0, r2
   8aa84:	4619      	mov	r1, r3
   8aa86:	e722      	b.n	8a8ce <__aeabi_dmul+0x24a>
   8aa88:	ea50 0641 	orrs.w	r6, r0, r1, lsl #1
   8aa8c:	bf18      	it	ne
   8aa8e:	ea52 0643 	orrsne.w	r6, r2, r3, lsl #1
   8aa92:	f47f aec5 	bne.w	8a820 <__aeabi_dmul+0x19c>
   8aa96:	ea50 0441 	orrs.w	r4, r0, r1, lsl #1
   8aa9a:	f47f af0d 	bne.w	8a8b8 <__aeabi_dmul+0x234>
   8aa9e:	ea52 0543 	orrs.w	r5, r2, r3, lsl #1
   8aaa2:	f47f aeeb 	bne.w	8a87c <__aeabi_dmul+0x1f8>
   8aaa6:	e712      	b.n	8a8ce <__aeabi_dmul+0x24a>

0008aaa8 <__gedf2>:
   8aaa8:	f04f 3cff 	mov.w	ip, #4294967295	; 0xffffffff
   8aaac:	e006      	b.n	8aabc <__cmpdf2+0x4>
   8aaae:	bf00      	nop

0008aab0 <__ledf2>:
   8aab0:	f04f 0c01 	mov.w	ip, #1
   8aab4:	e002      	b.n	8aabc <__cmpdf2+0x4>
   8aab6:	bf00      	nop

0008aab8 <__cmpdf2>:
   8aab8:	f04f 0c01 	mov.w	ip, #1
   8aabc:	f84d cd04 	str.w	ip, [sp, #-4]!
   8aac0:	ea4f 0c41 	mov.w	ip, r1, lsl #1
   8aac4:	ea7f 5c6c 	mvns.w	ip, ip, asr #21
   8aac8:	ea4f 0c43 	mov.w	ip, r3, lsl #1
   8aacc:	bf18      	it	ne
   8aace:	ea7f 5c6c 	mvnsne.w	ip, ip, asr #21
   8aad2:	d01b      	beq.n	8ab0c <__cmpdf2+0x54>
   8aad4:	b001      	add	sp, #4
   8aad6:	ea50 0c41 	orrs.w	ip, r0, r1, lsl #1
   8aada:	bf0c      	ite	eq
   8aadc:	ea52 0c43 	orrseq.w	ip, r2, r3, lsl #1
   8aae0:	ea91 0f03 	teqne	r1, r3
   8aae4:	bf02      	ittt	eq
   8aae6:	ea90 0f02 	teqeq	r0, r2
   8aaea:	2000      	moveq	r0, #0
   8aaec:	4770      	bxeq	lr
   8aaee:	f110 0f00 	cmn.w	r0, #0
   8aaf2:	ea91 0f03 	teq	r1, r3
   8aaf6:	bf58      	it	pl
   8aaf8:	4299      	cmppl	r1, r3
   8aafa:	bf08      	it	eq
   8aafc:	4290      	cmpeq	r0, r2
   8aafe:	bf2c      	ite	cs
   8ab00:	17d8      	asrcs	r0, r3, #31
   8ab02:	ea6f 70e3 	mvncc.w	r0, r3, asr #31
   8ab06:	f040 0001 	orr.w	r0, r0, #1
   8ab0a:	4770      	bx	lr
   8ab0c:	ea4f 0c41 	mov.w	ip, r1, lsl #1
   8ab10:	ea7f 5c6c 	mvns.w	ip, ip, asr #21
   8ab14:	d102      	bne.n	8ab1c <__cmpdf2+0x64>
   8ab16:	ea50 3c01 	orrs.w	ip, r0, r1, lsl #12
   8ab1a:	d107      	bne.n	8ab2c <__cmpdf2+0x74>
   8ab1c:	ea4f 0c43 	mov.w	ip, r3, lsl #1
   8ab20:	ea7f 5c6c 	mvns.w	ip, ip, asr #21
   8ab24:	d1d6      	bne.n	8aad4 <__cmpdf2+0x1c>
   8ab26:	ea52 3c03 	orrs.w	ip, r2, r3, lsl #12
   8ab2a:	d0d3      	beq.n	8aad4 <__cmpdf2+0x1c>
   8ab2c:	f85d 0b04 	ldr.w	r0, [sp], #4
   8ab30:	4770      	bx	lr
   8ab32:	bf00      	nop

0008ab34 <__aeabi_cdrcmple>:
   8ab34:	4684      	mov	ip, r0
   8ab36:	4610      	mov	r0, r2
   8ab38:	4662      	mov	r2, ip
   8ab3a:	468c      	mov	ip, r1
   8ab3c:	4619      	mov	r1, r3
   8ab3e:	4663      	mov	r3, ip
   8ab40:	e000      	b.n	8ab44 <__aeabi_cdcmpeq>
   8ab42:	bf00      	nop

0008ab44 <__aeabi_cdcmpeq>:
   8ab44:	b501      	push	{r0, lr}
   8ab46:	f7ff ffb7 	bl	8aab8 <__cmpdf2>
   8ab4a:	2800      	cmp	r0, #0
   8ab4c:	bf48      	it	mi
   8ab4e:	f110 0f00 	cmnmi.w	r0, #0
   8ab52:	bd01      	pop	{r0, pc}

0008ab54 <__aeabi_dcmpeq>:
   8ab54:	f84d ed08 	str.w	lr, [sp, #-8]!
   8ab58:	f7ff fff4 	bl	8ab44 <__aeabi_cdcmpeq>
   8ab5c:	bf0c      	ite	eq
   8ab5e:	2001      	moveq	r0, #1
   8ab60:	2000      	movne	r0, #0
   8ab62:	f85d fb08 	ldr.w	pc, [sp], #8
   8ab66:	bf00      	nop

0008ab68 <__aeabi_dcmplt>:
   8ab68:	f84d ed08 	str.w	lr, [sp, #-8]!
   8ab6c:	f7ff ffea 	bl	8ab44 <__aeabi_cdcmpeq>
   8ab70:	bf34      	ite	cc
   8ab72:	2001      	movcc	r0, #1
   8ab74:	2000      	movcs	r0, #0
   8ab76:	f85d fb08 	ldr.w	pc, [sp], #8
   8ab7a:	bf00      	nop

0008ab7c <__aeabi_dcmple>:
   8ab7c:	f84d ed08 	str.w	lr, [sp, #-8]!
   8ab80:	f7ff ffe0 	bl	8ab44 <__aeabi_cdcmpeq>
   8ab84:	bf94      	ite	ls
   8ab86:	2001      	movls	r0, #1
   8ab88:	2000      	movhi	r0, #0
   8ab8a:	f85d fb08 	ldr.w	pc, [sp], #8
   8ab8e:	bf00      	nop

0008ab90 <__aeabi_dcmpge>:
   8ab90:	f84d ed08 	str.w	lr, [sp, #-8]!
   8ab94:	f7ff ffce 	bl	8ab34 <__aeabi_cdrcmple>
   8ab98:	bf94      	ite	ls
   8ab9a:	2001      	movls	r0, #1
   8ab9c:	2000      	movhi	r0, #0
   8ab9e:	f85d fb08 	ldr.w	pc, [sp], #8
   8aba2:	bf00      	nop

0008aba4 <__aeabi_dcmpgt>:
   8aba4:	f84d ed08 	str.w	lr, [sp, #-8]!
   8aba8:	f7ff ffc4 	bl	8ab34 <__aeabi_cdrcmple>
   8abac:	bf34      	ite	cc
   8abae:	2001      	movcc	r0, #1
   8abb0:	2000      	movcs	r0, #0
   8abb2:	f85d fb08 	ldr.w	pc, [sp], #8
   8abb6:	bf00      	nop

0008abb8 <__aeabi_dcmpun>:
   8abb8:	ea4f 0c41 	mov.w	ip, r1, lsl #1
   8abbc:	ea7f 5c6c 	mvns.w	ip, ip, asr #21
   8abc0:	d102      	bne.n	8abc8 <__aeabi_dcmpun+0x10>
   8abc2:	ea50 3c01 	orrs.w	ip, r0, r1, lsl #12
   8abc6:	d10a      	bne.n	8abde <__aeabi_dcmpun+0x26>
   8abc8:	ea4f 0c43 	mov.w	ip, r3, lsl #1
   8abcc:	ea7f 5c6c 	mvns.w	ip, ip, asr #21
   8abd0:	d102      	bne.n	8abd8 <__aeabi_dcmpun+0x20>
   8abd2:	ea52 3c03 	orrs.w	ip, r2, r3, lsl #12
   8abd6:	d102      	bne.n	8abde <__aeabi_dcmpun+0x26>
   8abd8:	f04f 0000 	mov.w	r0, #0
   8abdc:	4770      	bx	lr
   8abde:	f04f 0001 	mov.w	r0, #1
   8abe2:	4770      	bx	lr

0008abe4 <__aeabi_d2iz>:
   8abe4:	ea4f 0241 	mov.w	r2, r1, lsl #1
   8abe8:	f512 1200 	adds.w	r2, r2, #2097152	; 0x200000
   8abec:	d215      	bcs.n	8ac1a <__aeabi_d2iz+0x36>
   8abee:	d511      	bpl.n	8ac14 <__aeabi_d2iz+0x30>
   8abf0:	f46f 7378 	mvn.w	r3, #992	; 0x3e0
   8abf4:	ebb3 5262 	subs.w	r2, r3, r2, asr #21
   8abf8:	d912      	bls.n	8ac20 <__aeabi_d2iz+0x3c>
   8abfa:	ea4f 23c1 	mov.w	r3, r1, lsl #11
   8abfe:	f043 4300 	orr.w	r3, r3, #2147483648	; 0x80000000
   8ac02:	ea43 5350 	orr.w	r3, r3, r0, lsr #21
   8ac06:	f011 4f00 	tst.w	r1, #2147483648	; 0x80000000
   8ac0a:	fa23 f002 	lsr.w	r0, r3, r2
   8ac0e:	bf18      	it	ne
   8ac10:	4240      	negne	r0, r0
   8ac12:	4770      	bx	lr
   8ac14:	f04f 0000 	mov.w	r0, #0
   8ac18:	4770      	bx	lr
   8ac1a:	ea50 3001 	orrs.w	r0, r0, r1, lsl #12
   8ac1e:	d105      	bne.n	8ac2c <__aeabi_d2iz+0x48>
   8ac20:	f011 4000 	ands.w	r0, r1, #2147483648	; 0x80000000
   8ac24:	bf08      	it	eq
   8ac26:	f06f 4000 	mvneq.w	r0, #2147483648	; 0x80000000
   8ac2a:	4770      	bx	lr
   8ac2c:	f04f 0000 	mov.w	r0, #0
   8ac30:	4770      	bx	lr
   8ac32:	bf00      	nop

0008ac34 <__aeabi_uldivmod>:
   8ac34:	b953      	cbnz	r3, 8ac4c <__aeabi_uldivmod+0x18>
   8ac36:	b94a      	cbnz	r2, 8ac4c <__aeabi_uldivmod+0x18>
   8ac38:	2900      	cmp	r1, #0
   8ac3a:	bf08      	it	eq
   8ac3c:	2800      	cmpeq	r0, #0
   8ac3e:	bf1c      	itt	ne
   8ac40:	f04f 31ff 	movne.w	r1, #4294967295	; 0xffffffff
   8ac44:	f04f 30ff 	movne.w	r0, #4294967295	; 0xffffffff
   8ac48:	f000 b976 	b.w	8af38 <__aeabi_idiv0>
   8ac4c:	f1ad 0c08 	sub.w	ip, sp, #8
   8ac50:	e96d ce04 	strd	ip, lr, [sp, #-16]!
   8ac54:	f000 f806 	bl	8ac64 <__udivmoddi4>
   8ac58:	f8dd e004 	ldr.w	lr, [sp, #4]
   8ac5c:	e9dd 2302 	ldrd	r2, r3, [sp, #8]
   8ac60:	b004      	add	sp, #16
   8ac62:	4770      	bx	lr

0008ac64 <__udivmoddi4>:
   8ac64:	e92d 47f0 	stmdb	sp!, {r4, r5, r6, r7, r8, r9, sl, lr}
   8ac68:	9e08      	ldr	r6, [sp, #32]
   8ac6a:	460d      	mov	r5, r1
   8ac6c:	4604      	mov	r4, r0
   8ac6e:	4688      	mov	r8, r1
   8ac70:	2b00      	cmp	r3, #0
   8ac72:	d14d      	bne.n	8ad10 <__udivmoddi4+0xac>
   8ac74:	428a      	cmp	r2, r1
   8ac76:	4694      	mov	ip, r2
   8ac78:	d968      	bls.n	8ad4c <__udivmoddi4+0xe8>
   8ac7a:	fab2 f282 	clz	r2, r2
   8ac7e:	b152      	cbz	r2, 8ac96 <__udivmoddi4+0x32>
   8ac80:	fa01 f302 	lsl.w	r3, r1, r2
   8ac84:	f1c2 0120 	rsb	r1, r2, #32
   8ac88:	fa20 f101 	lsr.w	r1, r0, r1
   8ac8c:	fa0c fc02 	lsl.w	ip, ip, r2
   8ac90:	ea41 0803 	orr.w	r8, r1, r3
   8ac94:	4094      	lsls	r4, r2
   8ac96:	ea4f 411c 	mov.w	r1, ip, lsr #16
   8ac9a:	fbb8 f7f1 	udiv	r7, r8, r1
   8ac9e:	fa1f fe8c 	uxth.w	lr, ip
   8aca2:	fb01 8817 	mls	r8, r1, r7, r8
   8aca6:	fb07 f00e 	mul.w	r0, r7, lr
   8acaa:	0c23      	lsrs	r3, r4, #16
   8acac:	ea43 4308 	orr.w	r3, r3, r8, lsl #16
   8acb0:	4298      	cmp	r0, r3
   8acb2:	d90a      	bls.n	8acca <__udivmoddi4+0x66>
   8acb4:	eb1c 0303 	adds.w	r3, ip, r3
   8acb8:	f107 35ff 	add.w	r5, r7, #4294967295	; 0xffffffff
   8acbc:	f080 811e 	bcs.w	8aefc <__udivmoddi4+0x298>
   8acc0:	4298      	cmp	r0, r3
   8acc2:	f240 811b 	bls.w	8aefc <__udivmoddi4+0x298>
   8acc6:	3f02      	subs	r7, #2
   8acc8:	4463      	add	r3, ip
   8acca:	1a1b      	subs	r3, r3, r0
   8accc:	fbb3 f0f1 	udiv	r0, r3, r1
   8acd0:	fb01 3310 	mls	r3, r1, r0, r3
   8acd4:	fb00 fe0e 	mul.w	lr, r0, lr
   8acd8:	b2a4      	uxth	r4, r4
   8acda:	ea44 4403 	orr.w	r4, r4, r3, lsl #16
   8acde:	45a6      	cmp	lr, r4
   8ace0:	d90a      	bls.n	8acf8 <__udivmoddi4+0x94>
   8ace2:	eb1c 0404 	adds.w	r4, ip, r4
   8ace6:	f100 33ff 	add.w	r3, r0, #4294967295	; 0xffffffff
   8acea:	f080 8109 	bcs.w	8af00 <__udivmoddi4+0x29c>
   8acee:	45a6      	cmp	lr, r4
   8acf0:	f240 8106 	bls.w	8af00 <__udivmoddi4+0x29c>
   8acf4:	4464      	add	r4, ip
   8acf6:	3802      	subs	r0, #2
   8acf8:	2100      	movs	r1, #0
   8acfa:	eba4 040e 	sub.w	r4, r4, lr
   8acfe:	ea40 4007 	orr.w	r0, r0, r7, lsl #16
   8ad02:	b11e      	cbz	r6, 8ad0c <__udivmoddi4+0xa8>
   8ad04:	2300      	movs	r3, #0
   8ad06:	40d4      	lsrs	r4, r2
   8ad08:	e9c6 4300 	strd	r4, r3, [r6]
   8ad0c:	e8bd 87f0 	ldmia.w	sp!, {r4, r5, r6, r7, r8, r9, sl, pc}
   8ad10:	428b      	cmp	r3, r1
   8ad12:	d908      	bls.n	8ad26 <__udivmoddi4+0xc2>
   8ad14:	2e00      	cmp	r6, #0
   8ad16:	f000 80ee 	beq.w	8aef6 <__udivmoddi4+0x292>
   8ad1a:	2100      	movs	r1, #0
   8ad1c:	e9c6 0500 	strd	r0, r5, [r6]
   8ad20:	4608      	mov	r0, r1
   8ad22:	e8bd 87f0 	ldmia.w	sp!, {r4, r5, r6, r7, r8, r9, sl, pc}
   8ad26:	fab3 f183 	clz	r1, r3
   8ad2a:	2900      	cmp	r1, #0
   8ad2c:	d14a      	bne.n	8adc4 <__udivmoddi4+0x160>
   8ad2e:	42ab      	cmp	r3, r5
   8ad30:	d302      	bcc.n	8ad38 <__udivmoddi4+0xd4>
   8ad32:	4282      	cmp	r2, r0
   8ad34:	f200 80fc 	bhi.w	8af30 <__udivmoddi4+0x2cc>
   8ad38:	1a84      	subs	r4, r0, r2
   8ad3a:	eb65 0303 	sbc.w	r3, r5, r3
   8ad3e:	2001      	movs	r0, #1
   8ad40:	4698      	mov	r8, r3
   8ad42:	2e00      	cmp	r6, #0
   8ad44:	d0e2      	beq.n	8ad0c <__udivmoddi4+0xa8>
   8ad46:	e9c6 4800 	strd	r4, r8, [r6]
   8ad4a:	e7df      	b.n	8ad0c <__udivmoddi4+0xa8>
   8ad4c:	b902      	cbnz	r2, 8ad50 <__udivmoddi4+0xec>
   8ad4e:	deff      	udf	#255	; 0xff
   8ad50:	fab2 f282 	clz	r2, r2
   8ad54:	2a00      	cmp	r2, #0
   8ad56:	f040 8091 	bne.w	8ae7c <__udivmoddi4+0x218>
   8ad5a:	eba1 000c 	sub.w	r0, r1, ip
   8ad5e:	2101      	movs	r1, #1
   8ad60:	ea4f 471c 	mov.w	r7, ip, lsr #16
   8ad64:	fa1f fe8c 	uxth.w	lr, ip
   8ad68:	fbb0 f3f7 	udiv	r3, r0, r7
   8ad6c:	fb07 0013 	mls	r0, r7, r3, r0
   8ad70:	0c25      	lsrs	r5, r4, #16
   8ad72:	ea45 4500 	orr.w	r5, r5, r0, lsl #16
   8ad76:	fb0e f003 	mul.w	r0, lr, r3
   8ad7a:	42a8      	cmp	r0, r5
   8ad7c:	d908      	bls.n	8ad90 <__udivmoddi4+0x12c>
   8ad7e:	eb1c 0505 	adds.w	r5, ip, r5
   8ad82:	f103 38ff 	add.w	r8, r3, #4294967295	; 0xffffffff
   8ad86:	d202      	bcs.n	8ad8e <__udivmoddi4+0x12a>
   8ad88:	42a8      	cmp	r0, r5
   8ad8a:	f200 80ce 	bhi.w	8af2a <__udivmoddi4+0x2c6>
   8ad8e:	4643      	mov	r3, r8
   8ad90:	1a2d      	subs	r5, r5, r0
   8ad92:	fbb5 f0f7 	udiv	r0, r5, r7
   8ad96:	fb07 5510 	mls	r5, r7, r0, r5
   8ad9a:	fb0e fe00 	mul.w	lr, lr, r0
   8ad9e:	b2a4      	uxth	r4, r4
   8ada0:	ea44 4405 	orr.w	r4, r4, r5, lsl #16
   8ada4:	45a6      	cmp	lr, r4
   8ada6:	d908      	bls.n	8adba <__udivmoddi4+0x156>
   8ada8:	eb1c 0404 	adds.w	r4, ip, r4
   8adac:	f100 35ff 	add.w	r5, r0, #4294967295	; 0xffffffff
   8adb0:	d202      	bcs.n	8adb8 <__udivmoddi4+0x154>
   8adb2:	45a6      	cmp	lr, r4
   8adb4:	f200 80b6 	bhi.w	8af24 <__udivmoddi4+0x2c0>
   8adb8:	4628      	mov	r0, r5
   8adba:	eba4 040e 	sub.w	r4, r4, lr
   8adbe:	ea40 4003 	orr.w	r0, r0, r3, lsl #16
   8adc2:	e79e      	b.n	8ad02 <__udivmoddi4+0x9e>
   8adc4:	f1c1 0720 	rsb	r7, r1, #32
   8adc8:	408b      	lsls	r3, r1
   8adca:	fa22 fc07 	lsr.w	ip, r2, r7
   8adce:	ea4c 0c03 	orr.w	ip, ip, r3
   8add2:	fa25 fa07 	lsr.w	sl, r5, r7
   8add6:	ea4f 491c 	mov.w	r9, ip, lsr #16
   8adda:	fbba f8f9 	udiv	r8, sl, r9
   8adde:	fa20 f307 	lsr.w	r3, r0, r7
   8ade2:	fb09 aa18 	mls	sl, r9, r8, sl
   8ade6:	408d      	lsls	r5, r1
   8ade8:	fa1f fe8c 	uxth.w	lr, ip
   8adec:	431d      	orrs	r5, r3
   8adee:	fa00 f301 	lsl.w	r3, r0, r1
   8adf2:	fb08 f00e 	mul.w	r0, r8, lr
   8adf6:	0c2c      	lsrs	r4, r5, #16
   8adf8:	ea44 440a 	orr.w	r4, r4, sl, lsl #16
   8adfc:	42a0      	cmp	r0, r4
   8adfe:	fa02 f201 	lsl.w	r2, r2, r1
   8ae02:	d90b      	bls.n	8ae1c <__udivmoddi4+0x1b8>
   8ae04:	eb1c 0404 	adds.w	r4, ip, r4
   8ae08:	f108 3aff 	add.w	sl, r8, #4294967295	; 0xffffffff
   8ae0c:	f080 8088 	bcs.w	8af20 <__udivmoddi4+0x2bc>
   8ae10:	42a0      	cmp	r0, r4
   8ae12:	f240 8085 	bls.w	8af20 <__udivmoddi4+0x2bc>
   8ae16:	f1a8 0802 	sub.w	r8, r8, #2
   8ae1a:	4464      	add	r4, ip
   8ae1c:	1a24      	subs	r4, r4, r0
   8ae1e:	fbb4 f0f9 	udiv	r0, r4, r9
   8ae22:	fb09 4410 	mls	r4, r9, r0, r4
   8ae26:	fb00 fe0e 	mul.w	lr, r0, lr
   8ae2a:	b2ad      	uxth	r5, r5
   8ae2c:	ea45 4404 	orr.w	r4, r5, r4, lsl #16
   8ae30:	45a6      	cmp	lr, r4
   8ae32:	d908      	bls.n	8ae46 <__udivmoddi4+0x1e2>
   8ae34:	eb1c 0404 	adds.w	r4, ip, r4
   8ae38:	f100 35ff 	add.w	r5, r0, #4294967295	; 0xffffffff
   8ae3c:	d26c      	bcs.n	8af18 <__udivmoddi4+0x2b4>
   8ae3e:	45a6      	cmp	lr, r4
   8ae40:	d96a      	bls.n	8af18 <__udivmoddi4+0x2b4>
   8ae42:	3802      	subs	r0, #2
   8ae44:	4464      	add	r4, ip
   8ae46:	ea40 4008 	orr.w	r0, r0, r8, lsl #16
   8ae4a:	fba0 9502 	umull	r9, r5, r0, r2
   8ae4e:	eba4 040e 	sub.w	r4, r4, lr
   8ae52:	42ac      	cmp	r4, r5
   8ae54:	46c8      	mov	r8, r9
   8ae56:	46ae      	mov	lr, r5
   8ae58:	d356      	bcc.n	8af08 <__udivmoddi4+0x2a4>
   8ae5a:	d053      	beq.n	8af04 <__udivmoddi4+0x2a0>
   8ae5c:	2e00      	cmp	r6, #0
   8ae5e:	d069      	beq.n	8af34 <__udivmoddi4+0x2d0>
   8ae60:	ebb3 0208 	subs.w	r2, r3, r8
   8ae64:	eb64 040e 	sbc.w	r4, r4, lr
   8ae68:	fa22 f301 	lsr.w	r3, r2, r1
   8ae6c:	fa04 f707 	lsl.w	r7, r4, r7
   8ae70:	431f      	orrs	r7, r3
   8ae72:	40cc      	lsrs	r4, r1
   8ae74:	e9c6 7400 	strd	r7, r4, [r6]
   8ae78:	2100      	movs	r1, #0
   8ae7a:	e747      	b.n	8ad0c <__udivmoddi4+0xa8>
   8ae7c:	fa0c fc02 	lsl.w	ip, ip, r2
   8ae80:	f1c2 0120 	rsb	r1, r2, #32
   8ae84:	fa25 f301 	lsr.w	r3, r5, r1
   8ae88:	ea4f 471c 	mov.w	r7, ip, lsr #16
   8ae8c:	fa20 f101 	lsr.w	r1, r0, r1
   8ae90:	4095      	lsls	r5, r2
   8ae92:	430d      	orrs	r5, r1
   8ae94:	fbb3 f1f7 	udiv	r1, r3, r7
   8ae98:	fb07 3311 	mls	r3, r7, r1, r3
   8ae9c:	fa1f fe8c 	uxth.w	lr, ip
   8aea0:	0c28      	lsrs	r0, r5, #16
   8aea2:	ea40 4003 	orr.w	r0, r0, r3, lsl #16
   8aea6:	fb01 f30e 	mul.w	r3, r1, lr
   8aeaa:	4283      	cmp	r3, r0
   8aeac:	fa04 f402 	lsl.w	r4, r4, r2
   8aeb0:	d908      	bls.n	8aec4 <__udivmoddi4+0x260>
   8aeb2:	eb1c 0000 	adds.w	r0, ip, r0
   8aeb6:	f101 38ff 	add.w	r8, r1, #4294967295	; 0xffffffff
   8aeba:	d22f      	bcs.n	8af1c <__udivmoddi4+0x2b8>
   8aebc:	4283      	cmp	r3, r0
   8aebe:	d92d      	bls.n	8af1c <__udivmoddi4+0x2b8>
   8aec0:	3902      	subs	r1, #2
   8aec2:	4460      	add	r0, ip
   8aec4:	1ac0      	subs	r0, r0, r3
   8aec6:	fbb0 f3f7 	udiv	r3, r0, r7
   8aeca:	fb07 0013 	mls	r0, r7, r3, r0
   8aece:	b2ad      	uxth	r5, r5
   8aed0:	ea45 4500 	orr.w	r5, r5, r0, lsl #16
   8aed4:	fb03 f00e 	mul.w	r0, r3, lr
   8aed8:	42a8      	cmp	r0, r5
   8aeda:	d908      	bls.n	8aeee <__udivmoddi4+0x28a>
   8aedc:	eb1c 0505 	adds.w	r5, ip, r5
   8aee0:	f103 38ff 	add.w	r8, r3, #4294967295	; 0xffffffff
   8aee4:	d216      	bcs.n	8af14 <__udivmoddi4+0x2b0>
   8aee6:	42a8      	cmp	r0, r5
   8aee8:	d914      	bls.n	8af14 <__udivmoddi4+0x2b0>
   8aeea:	3b02      	subs	r3, #2
   8aeec:	4465      	add	r5, ip
   8aeee:	1a28      	subs	r0, r5, r0
   8aef0:	ea43 4101 	orr.w	r1, r3, r1, lsl #16
   8aef4:	e738      	b.n	8ad68 <__udivmoddi4+0x104>
   8aef6:	4631      	mov	r1, r6
   8aef8:	4630      	mov	r0, r6
   8aefa:	e707      	b.n	8ad0c <__udivmoddi4+0xa8>
   8aefc:	462f      	mov	r7, r5
   8aefe:	e6e4      	b.n	8acca <__udivmoddi4+0x66>
   8af00:	4618      	mov	r0, r3
   8af02:	e6f9      	b.n	8acf8 <__udivmoddi4+0x94>
   8af04:	454b      	cmp	r3, r9
   8af06:	d2a9      	bcs.n	8ae5c <__udivmoddi4+0x1f8>
   8af08:	ebb9 0802 	subs.w	r8, r9, r2
   8af0c:	eb65 0e0c 	sbc.w	lr, r5, ip
   8af10:	3801      	subs	r0, #1
   8af12:	e7a3      	b.n	8ae5c <__udivmoddi4+0x1f8>
   8af14:	4643      	mov	r3, r8
   8af16:	e7ea      	b.n	8aeee <__udivmoddi4+0x28a>
   8af18:	4628      	mov	r0, r5
   8af1a:	e794      	b.n	8ae46 <__udivmoddi4+0x1e2>
   8af1c:	4641      	mov	r1, r8
   8af1e:	e7d1      	b.n	8aec4 <__udivmoddi4+0x260>
   8af20:	46d0      	mov	r8, sl
   8af22:	e77b      	b.n	8ae1c <__udivmoddi4+0x1b8>
   8af24:	4464      	add	r4, ip
   8af26:	3802      	subs	r0, #2
   8af28:	e747      	b.n	8adba <__udivmoddi4+0x156>
   8af2a:	3b02      	subs	r3, #2
   8af2c:	4465      	add	r5, ip
   8af2e:	e72f      	b.n	8ad90 <__udivmoddi4+0x12c>
   8af30:	4608      	mov	r0, r1
   8af32:	e706      	b.n	8ad42 <__udivmoddi4+0xde>
   8af34:	4631      	mov	r1, r6
   8af36:	e6e9      	b.n	8ad0c <__udivmoddi4+0xa8>

0008af38 <__aeabi_idiv0>:
   8af38:	4770      	bx	lr
   8af3a:	bf00      	nop
   8af3c:	78383025 	.word	0x78383025
   8af40:	00000000 	.word	0x00000000

0008af44 <BUILD_DATE>:
   8af44:	20706553 32203720 00363230              Sep  7 2026.

0008af50 <BUILD_TIME>:
   8af50:	313a3131 31333a36 00000000              11:16:31....

0008af5c <LED_DESCRIPTOR>:
   8af5c:	00000011 00000001 00000010 00000001     ................
   8af6c:	0000004c 00000001 74697845 20676e69     L.......Exiting 
   8af7c:	68746977 61747320 20737574 0a2e6425     with status %d..
   8af8c:	00000000 00000000 00000000 aaaaaa00     ................
   8af9c:	aaaaaaaa eeeeeeaa eeeeeeee fffffeee     ................
   8afac:	ffffffff ffffffff dfbf7fff fdfbf7ef     ................
   8afbc:	dfbf7efc fdfbf7ef 0000007e              .~......~...

0008afc8 <_global_impure_ptr>:
   8afc8:	200003b8 00464e49 00666e69 004e414e     ... INF.inf.NAN.
   8afd8:	006e616e 33323130 37363534 62613938     nan.0123456789ab
   8afe8:	66656463 00000000 33323130 37363534     cdef....01234567
   8aff8:	42413938 46454443 00000000 6c756e28     89ABCDEF....(nul
   8b008:	0000296c 00000030                       l)..0...

0008b010 <blanks.1>:
   8b010:	20202020 20202020 20202020 20202020                     

0008b020 <zeroes.0>:
   8b020:	30303030 30303030 30303030 30303030     0000000000000000

0008b030 <blanks.1>:
   8b030:	20202020 20202020 20202020 20202020                     

0008b040 <zeroes.0>:
   8b040:	30303030 30303030 30303030 30303030     0000000000000000
   8b050:	004e614e 69666e49 7974696e 00000000     NaN.Infinity....
   8b060:	6c6c6142 7320636f 65636375 64656465     Balloc succeeded
   8b070:	00000000 2e2f2e2e 2e2e2f2e 2f2e2e2f     ....../../../../
   8b080:	2e2f2e2e 2e2e2f2e 2f2e2e2f 6c77656e     ../../../../newl
   8b090:	6c2f6269 2f636269 6c647473 642f6269     ib/libc/stdlib/d
   8b0a0:	2e616f74 00000063 00000043 49534f50     toa.c...C...POSI
   8b0b0:	00000058 0000002e 2e2f2e2e 2e2e2f2e     X........./../..
   8b0c0:	2f2e2e2f 2e2f2e2e 2e2e2f2e 2f2e2e2f     /../../../../../
   8b0d0:	6c77656e 6c2f6269 2f636269 6c647473     newlib/libc/stdl
   8b0e0:	6d2f6269 63657270 0000632e 00000000     ib/mprec.c......

0008b0f0 <p05.0>:
   8b0f0:	00000005 00000019 0000007d 00000000     ........}.......

0008b100 <__mprec_tens>:
   8b100:	00000000 3ff00000 00000000 40240000     .......?......$@
   8b110:	00000000 40590000 00000000 408f4000     ......Y@.....@.@
   8b120:	00000000 40c38800 00000000 40f86a00     .......@.....j.@
   8b130:	00000000 412e8480 00000000 416312d0     .......A......cA
   8b140:	00000000 4197d784 00000000 41cdcd65     .......A....e..A
   8b150:	20000000 4202a05f e8000000 42374876     ... _..B....vH7B
   8b160:	a2000000 426d1a94 e5400000 42a2309c     ......mB..@..0.B
   8b170:	1e900000 42d6bcc4 26340000 430c6bf5     .......B..4&.k.C
   8b180:	37e08000 4341c379 85d8a000 43763457     ...7y.AC....W4vC
   8b190:	674ec800 43abc16d 60913d00 43e158e4     ..Ngm..C.=.`.X.C
   8b1a0:	78b58c40 4415af1d d6e2ef50 444b1ae4     @..x...DP.....KD
   8b1b0:	064dd592 4480f0cf c7e14af6 44b52d02     ..M....D.J...-.D
   8b1c0:	79d99db4 44ea7843                       ...yCx.D

0008b1c8 <__mprec_tinytens>:
   8b1c8:	97d889bc 3c9cd2b2 d5a8a733 3949f623     .......<3...#.I9
   8b1d8:	44f4a73d 32a50ffd cf8c979d 255bba08     =..D...2......[%
   8b1e8:	64ac6f43 0ac80628                       Co.d(...

0008b1f0 <__mprec_bigtens>:
   8b1f0:	37e08000 4341c379 b5056e17 4693b8b5     ...7y.AC.n.....F
   8b200:	e93ff9f5 4d384f03 f9301d32 5a827748     ..?..O8M2.0.Hw.Z
   8b210:	7f73bf3c 75154fdd                       <.s..O.u

0008b218 <blanks.1>:
   8b218:	20202020 20202020 20202020 20202020                     

0008b228 <zeroes.0>:
   8b228:	30303030 30303030 30303030 30303030     0000000000000000
   8b238:	7566202c 6974636e 203a6e6f 00000000     , function: ....
   8b248:	65737361 6f697472 2522206e 66202273     assertion "%s" f
   8b258:	656c6961 66203a64 20656c69 22732522     ailed: file "%s"
   8b268:	696c202c 2520656e 25732564 00000a73     , line %d%s%s...

0008b278 <_ctype_>:
   8b278:	20202000 20202020 28282020 20282828     .         ((((( 
   8b288:	20202020 20202020 20202020 20202020                     
   8b298:	10108820 10101010 10101010 10101010      ...............
   8b2a8:	04040410 04040404 10040404 10101010     ................
   8b2b8:	41411010 41414141 01010101 01010101     ..AAAAAA........
   8b2c8:	01010101 01010101 01010101 10101010     ................
   8b2d8:	42421010 42424242 02020202 02020202     ..BBBBBB........
   8b2e8:	02020202 02020202 02020202 10101010     ................
   8b2f8:	00000020 00000000 00000000 00000000      ...............
   8b308:	00000000 00000000 00000000 00000000     ................
   8b318:	00000000 00000000 00000000 00000000     ................
   8b328:	00000000 00000000 00000000 00000000     ................
   8b338:	00000000 00000000 00000000 00000000     ................
   8b348:	00000000 00000000 00000000 00000000     ................
   8b358:	00000000 00000000 00000000 00000000     ................
   8b368:	00000000 00000000 00000000 00000000     ................
   8b378:	00000000                                ....

0008b37c <_init>:
   8b37c:	b5f8      	push	{r3, r4, r5, r6, r7, lr}
   8b37e:	bf00      	nop
   8b380:	bcf8      	pop	{r3, r4, r5, r6, r7}
   8b382:	bc08      	pop	{r3}
   8b384:	469e      	mov	lr, r3
   8b386:	4770      	bx	lr

0008b388 <__init_array_start>:
   8b388:	00085be9 	.word	0x00085be9

0008b38c <__frame_dummy_init_array_entry>:
   8b38c:	00080125                                %...

0008b390 <_fini>:
   8b390:	b5f8      	push	{r3, r4, r5, r6, r7, lr}
   8b392:	bf00      	nop
   8b394:	bcf8      	pop	{r3, r4, r5, r6, r7}
   8b396:	bc08      	pop	{r3}
   8b398:	469e      	mov	lr, r3
   8b39a:	4770      	bx	lr

0008b39c <__do_global_dtors_aux_fini_array_entry>:
   8b39c:	00fd 0008                                   ....

Disassembly of section .relocate:

20000000 <efc_perform_read_sequence>:
__no_inline
RAMFUNC
uint32_t efc_perform_read_sequence(Efc *p_efc,
		uint32_t ul_cmd_st, uint32_t ul_cmd_sp,
		uint32_t *p_ul_buf, uint32_t ul_size)
{
20000000:	b530      	push	{r4, r5, lr}
	volatile uint32_t ul_status;
	uint32_t ul_cnt;

#if (SAM3U4 || SAM3XA || SAM4SD16 || SAM4SD32 || SAM4C32)
	uint32_t *p_ul_data =
			(uint32_t *) ((p_efc == EFC0) ?
20000002:	4c20      	ldr	r4, [pc, #128]	; (20000084 <efc_perform_read_sequence+0x84>)
{
20000004:	b083      	sub	sp, #12
			(uint32_t *) ((p_efc == EFC0) ?
20000006:	42a0      	cmp	r0, r4
20000008:	bf0c      	ite	eq
2000000a:	f44f 2c00 	moveq.w	ip, #524288	; 0x80000
2000000e:	f44f 1c80 	movne.w	ip, #1048576	; 0x100000
{
20000012:	9d06      	ldr	r5, [sp, #24]
	uint32_t *p_ul_data = (uint32_t *) READ_BUFF_ADDR;
#else
	return EFC_RC_NOT_SUPPORT;
#endif

	if (p_ul_buf == NULL) {
20000014:	b393      	cbz	r3, 2000007c <efc_perform_read_sequence+0x7c>
20000016:	4686      	mov	lr, r0
		return EFC_RC_INVALID;
	}

	p_efc->EEFC_FMR |= (0x1u << 16);
20000018:	6800      	ldr	r0, [r0, #0]
#if (SAM4S || SAM4E || SAM4N || SAM4C || SAMG || SAM4CP || SAM4CM)
	p_efc->EEFC_FCR = EEFC_FCR_FKEY_PASSWD | EEFC_FCR_FARG(0)
			| EEFC_FCR_FCMD(ul_cmd_st);
#else
	p_efc->EEFC_FCR = EEFC_FCR_FKEY(FWP_KEY) | EEFC_FCR_FARG(0)
			| EEFC_FCR_FCMD(ul_cmd_st);
2000001a:	b2c9      	uxtb	r1, r1
2000001c:	f041 41b4 	orr.w	r1, r1, #1509949440	; 0x5a000000
	p_efc->EEFC_FMR |= (0x1u << 16);
20000020:	f440 3080 	orr.w	r0, r0, #65536	; 0x10000
20000024:	f8ce 0000 	str.w	r0, [lr]
	p_efc->EEFC_FCR = EEFC_FCR_FKEY(FWP_KEY) | EEFC_FCR_FARG(0)
20000028:	f8ce 1004 	str.w	r1, [lr, #4]
#endif
	/* Wait for the FRDY bit in the Flash Programming Status Register
	 * (EEFC_FSR) falls.
	 */
	do {
		ul_status = p_efc->EEFC_FSR;
2000002c:	f8de 1008 	ldr.w	r1, [lr, #8]
20000030:	9101      	str	r1, [sp, #4]
	} while ((ul_status & EEFC_FSR_FRDY) == EEFC_FSR_FRDY);
20000032:	9801      	ldr	r0, [sp, #4]
20000034:	f010 0001 	ands.w	r0, r0, #1
20000038:	d1f8      	bne.n	2000002c <efc_perform_read_sequence+0x2c>

	/* The data is located in the first address of the Flash
	 * memory mapping.
	 */
	for (ul_cnt = 0; ul_cnt < ul_size; ul_cnt++) {
2000003a:	b165      	cbz	r5, 20000056 <efc_perform_read_sequence+0x56>
2000003c:	eb0c 0585 	add.w	r5, ip, r5, lsl #2
20000040:	f1ac 0104 	sub.w	r1, ip, #4
20000044:	3b04      	subs	r3, #4
20000046:	f1a5 0c04 	sub.w	ip, r5, #4
		p_ul_buf[ul_cnt] = p_ul_data[ul_cnt];
2000004a:	f851 4f04 	ldr.w	r4, [r1, #4]!
	for (ul_cnt = 0; ul_cnt < ul_size; ul_cnt++) {
2000004e:	4561      	cmp	r1, ip
		p_ul_buf[ul_cnt] = p_ul_data[ul_cnt];
20000050:	f843 4f04 	str.w	r4, [r3, #4]!
	for (ul_cnt = 0; ul_cnt < ul_size; ul_cnt++) {
20000054:	d1f9      	bne.n	2000004a <efc_perform_read_sequence+0x4a>
#if (SAM4S || SAM4E || SAM4N || SAM4C || SAMG || SAM4CP || SAM4CM)
			EEFC_FCR_FKEY_PASSWD | EEFC_FCR_FARG(0) |
			EEFC_FCR_FCMD(ul_cmd_sp);
#else
			EEFC_FCR_FKEY(FWP_KEY) | EEFC_FCR_FARG(0) |
			EEFC_FCR_FCMD(ul_cmd_sp);
20000056:	b2d2      	uxtb	r2, r2
			EEFC_FCR_FKEY(FWP_KEY) | EEFC_FCR_FARG(0) |
20000058:	f042 42b4 	orr.w	r2, r2, #1509949440	; 0x5a000000
	p_efc->EEFC_FCR =
2000005c:	f8ce 2004 	str.w	r2, [lr, #4]
#endif
	/* Wait for the FRDY bit in the Flash Programming Status Register (EEFC_FSR)
	 * rises.
	 */
	do {
		ul_status = p_efc->EEFC_FSR;
20000060:	f8de 3008 	ldr.w	r3, [lr, #8]
20000064:	9301      	str	r3, [sp, #4]
	} while ((ul_status & EEFC_FSR_FRDY) != EEFC_FSR_FRDY);
20000066:	9b01      	ldr	r3, [sp, #4]
20000068:	07db      	lsls	r3, r3, #31
2000006a:	d5f9      	bpl.n	20000060 <efc_perform_read_sequence+0x60>

	p_efc->EEFC_FMR &= ~(0x1u << 16);
2000006c:	f8de 3000 	ldr.w	r3, [lr]
20000070:	f423 3380 	bic.w	r3, r3, #65536	; 0x10000
20000074:	f8ce 3000 	str.w	r3, [lr]

	return EFC_RC_OK;
}
20000078:	b003      	add	sp, #12
2000007a:	bd30      	pop	{r4, r5, pc}
		return EFC_RC_INVALID;
2000007c:	2002      	movs	r0, #2
}
2000007e:	b003      	add	sp, #12
20000080:	bd30      	pop	{r4, r5, pc}
20000082:	bf00      	nop
20000084:	400e0800 	.word	0x400e0800

20000088 <efc_write_fmr>:
 */
__no_inline
RAMFUNC
void efc_write_fmr(Efc *p_efc, uint32_t ul_fmr)
{
	p_efc->EEFC_FMR = ul_fmr;
20000088:	6001      	str	r1, [r0, #0]
}
2000008a:	4770      	bx	lr

2000008c <efc_perform_fcr>:
 * \return The current status.
 */
__no_inline
RAMFUNC
uint32_t efc_perform_fcr(Efc *p_efc, uint32_t ul_fcr)
{
2000008c:	b082      	sub	sp, #8
	volatile uint32_t ul_status;

	p_efc->EEFC_FCR = ul_fcr;
2000008e:	6041      	str	r1, [r0, #4]
	do {
		ul_status = p_efc->EEFC_FSR;
20000090:	6883      	ldr	r3, [r0, #8]
20000092:	9301      	str	r3, [sp, #4]
	} while ((ul_status & EEFC_FSR_FRDY) != EEFC_FSR_FRDY);
20000094:	9b01      	ldr	r3, [sp, #4]
20000096:	07db      	lsls	r3, r3, #31
20000098:	d5fa      	bpl.n	20000090 <efc_perform_fcr+0x4>

	return (ul_status & EEFC_ERROR_FLAGS);
2000009a:	9801      	ldr	r0, [sp, #4]
}
2000009c:	f000 0006 	and.w	r0, r0, #6
200000a0:	b002      	add	sp, #8
200000a2:	4770      	bx	lr

200000a4 <SystemInit>:
	EFC0->EEFC_FMR = EEFC_FMR_FWS(4);
200000a4:	f44f 6380 	mov.w	r3, #1024	; 0x400
200000a8:	4819      	ldr	r0, [pc, #100]	; (20000110 <SystemInit+0x6c>)
	EFC1->EEFC_FMR = EEFC_FMR_FWS(4);
200000aa:	491a      	ldr	r1, [pc, #104]	; (20000114 <SystemInit+0x70>)
	if (!(PMC->CKGR_MOR & CKGR_MOR_MOSCSEL)) {
200000ac:	4a1a      	ldr	r2, [pc, #104]	; (20000118 <SystemInit+0x74>)
	EFC0->EEFC_FMR = EEFC_FMR_FWS(4);
200000ae:	6003      	str	r3, [r0, #0]
	EFC1->EEFC_FMR = EEFC_FMR_FWS(4);
200000b0:	600b      	str	r3, [r1, #0]
	if (!(PMC->CKGR_MOR & CKGR_MOR_MOSCSEL)) {
200000b2:	6a13      	ldr	r3, [r2, #32]
200000b4:	01db      	lsls	r3, r3, #7
200000b6:	d404      	bmi.n	200000c2 <SystemInit+0x1e>
		PMC->CKGR_MOR = SYS_CKGR_MOR_KEY_VALUE | SYS_BOARD_OSCOUNT | 
200000b8:	4b18      	ldr	r3, [pc, #96]	; (2000011c <SystemInit+0x78>)
200000ba:	6213      	str	r3, [r2, #32]
		while (!(PMC->PMC_SR & PMC_SR_MOSCXTS)) {
200000bc:	6e93      	ldr	r3, [r2, #104]	; 0x68
200000be:	07d8      	lsls	r0, r3, #31
200000c0:	d5fc      	bpl.n	200000bc <SystemInit+0x18>
	PMC->CKGR_MOR = SYS_CKGR_MOR_KEY_VALUE | SYS_BOARD_OSCOUNT | 
200000c2:	4a15      	ldr	r2, [pc, #84]	; (20000118 <SystemInit+0x74>)
200000c4:	4b16      	ldr	r3, [pc, #88]	; (20000120 <SystemInit+0x7c>)
200000c6:	6213      	str	r3, [r2, #32]
	while (!(PMC->PMC_SR & PMC_SR_MOSCSELS)) {
200000c8:	6e93      	ldr	r3, [r2, #104]	; 0x68
200000ca:	03d9      	lsls	r1, r3, #15
200000cc:	d5fc      	bpl.n	200000c8 <SystemInit+0x24>
	PMC->PMC_MCKR = (PMC->PMC_MCKR & ~(uint32_t)PMC_MCKR_CSS_Msk) | 
200000ce:	6b13      	ldr	r3, [r2, #48]	; 0x30
	while (!(PMC->PMC_SR & PMC_SR_MCKRDY)) {
200000d0:	4811      	ldr	r0, [pc, #68]	; (20000118 <SystemInit+0x74>)
	PMC->PMC_MCKR = (PMC->PMC_MCKR & ~(uint32_t)PMC_MCKR_CSS_Msk) | 
200000d2:	f023 0303 	bic.w	r3, r3, #3
200000d6:	f043 0301 	orr.w	r3, r3, #1
200000da:	6313      	str	r3, [r2, #48]	; 0x30
	while (!(PMC->PMC_SR & PMC_SR_MCKRDY)) {
200000dc:	6e83      	ldr	r3, [r0, #104]	; 0x68
200000de:	071b      	lsls	r3, r3, #28
200000e0:	d5fc      	bpl.n	200000dc <SystemInit+0x38>
	PMC->CKGR_PLLAR = SYS_BOARD_PLLAR;
200000e2:	4b10      	ldr	r3, [pc, #64]	; (20000124 <SystemInit+0x80>)
	while (!(PMC->PMC_SR & PMC_SR_LOCKA)) {
200000e4:	490c      	ldr	r1, [pc, #48]	; (20000118 <SystemInit+0x74>)
	PMC->CKGR_PLLAR = SYS_BOARD_PLLAR;
200000e6:	6283      	str	r3, [r0, #40]	; 0x28
	while (!(PMC->PMC_SR & PMC_SR_LOCKA)) {
200000e8:	6e8b      	ldr	r3, [r1, #104]	; 0x68
200000ea:	0798      	lsls	r0, r3, #30
200000ec:	d5fc      	bpl.n	200000e8 <SystemInit+0x44>
	PMC->PMC_MCKR = (SYS_BOARD_MCKR & ~PMC_MCKR_CSS_Msk) | PMC_MCKR_CSS_MAIN_CLK;
200000ee:	2311      	movs	r3, #17
	while (!(PMC->PMC_SR & PMC_SR_MCKRDY)) {
200000f0:	4a09      	ldr	r2, [pc, #36]	; (20000118 <SystemInit+0x74>)
	PMC->PMC_MCKR = (SYS_BOARD_MCKR & ~PMC_MCKR_CSS_Msk) | PMC_MCKR_CSS_MAIN_CLK;
200000f2:	630b      	str	r3, [r1, #48]	; 0x30
	while (!(PMC->PMC_SR & PMC_SR_MCKRDY)) {
200000f4:	6e93      	ldr	r3, [r2, #104]	; 0x68
200000f6:	0719      	lsls	r1, r3, #28
200000f8:	d5fc      	bpl.n	200000f4 <SystemInit+0x50>
	PMC->PMC_MCKR = SYS_BOARD_MCKR;
200000fa:	2312      	movs	r3, #18
	while (!(PMC->PMC_SR & PMC_SR_MCKRDY)) {
200000fc:	4906      	ldr	r1, [pc, #24]	; (20000118 <SystemInit+0x74>)
	PMC->PMC_MCKR = SYS_BOARD_MCKR;
200000fe:	6313      	str	r3, [r2, #48]	; 0x30
	while (!(PMC->PMC_SR & PMC_SR_MCKRDY)) {
20000100:	6e8b      	ldr	r3, [r1, #104]	; 0x68
20000102:	071b      	lsls	r3, r3, #28
20000104:	d5fc      	bpl.n	20000100 <SystemInit+0x5c>
	SystemCoreClock = CHIP_FREQ_CPU_MAX;
20000106:	4b08      	ldr	r3, [pc, #32]	; (20000128 <SystemInit+0x84>)
20000108:	4a08      	ldr	r2, [pc, #32]	; (2000012c <SystemInit+0x88>)
2000010a:	601a      	str	r2, [r3, #0]
}
2000010c:	4770      	bx	lr
2000010e:	bf00      	nop
20000110:	400e0800 	.word	0x400e0800
20000114:	400e0a00 	.word	0x400e0a00
20000118:	400e0400 	.word	0x400e0400
2000011c:	00370809 	.word	0x00370809
20000120:	01370809 	.word	0x01370809
20000124:	200f3f01 	.word	0x200f3f01
20000128:	20000308 	.word	0x20000308
2000012c:	05b8d800 	.word	0x05b8d800

20000130 <system_init_flash>:
__no_inline
RAMFUNC
void system_init_flash(uint32_t ul_clk)
{
	/* Set FWS for embedded Flash access according to operating frequency */
	if (ul_clk < CHIP_FREQ_FWS_0) {
20000130:	4b14      	ldr	r3, [pc, #80]	; (20000184 <system_init_flash+0x54>)
20000132:	4298      	cmp	r0, r3
20000134:	d205      	bcs.n	20000142 <system_init_flash+0x12>
		EFC0->EEFC_FMR = EEFC_FMR_FWS(0);
20000136:	2300      	movs	r3, #0
20000138:	4913      	ldr	r1, [pc, #76]	; (20000188 <system_init_flash+0x58>)
		EFC1->EEFC_FMR = EEFC_FMR_FWS(0);
2000013a:	4a14      	ldr	r2, [pc, #80]	; (2000018c <system_init_flash+0x5c>)
		EFC0->EEFC_FMR = EEFC_FMR_FWS(0);
2000013c:	600b      	str	r3, [r1, #0]
		EFC1->EEFC_FMR = EEFC_FMR_FWS(0);
2000013e:	6013      	str	r3, [r2, #0]
20000140:	4770      	bx	lr
	} else if (ul_clk < CHIP_FREQ_FWS_1) {
20000142:	4b13      	ldr	r3, [pc, #76]	; (20000190 <system_init_flash+0x60>)
20000144:	4298      	cmp	r0, r3
20000146:	d206      	bcs.n	20000156 <system_init_flash+0x26>
		EFC0->EEFC_FMR = EEFC_FMR_FWS(1);
20000148:	f44f 7380 	mov.w	r3, #256	; 0x100
2000014c:	490e      	ldr	r1, [pc, #56]	; (20000188 <system_init_flash+0x58>)
		EFC1->EEFC_FMR = EEFC_FMR_FWS(1);
2000014e:	4a0f      	ldr	r2, [pc, #60]	; (2000018c <system_init_flash+0x5c>)
		EFC0->EEFC_FMR = EEFC_FMR_FWS(1);
20000150:	600b      	str	r3, [r1, #0]
		EFC1->EEFC_FMR = EEFC_FMR_FWS(1);
20000152:	6013      	str	r3, [r2, #0]
20000154:	4770      	bx	lr
	} else if (ul_clk < CHIP_FREQ_FWS_2) {
20000156:	4b0f      	ldr	r3, [pc, #60]	; (20000194 <system_init_flash+0x64>)
20000158:	4298      	cmp	r0, r3
2000015a:	d806      	bhi.n	2000016a <system_init_flash+0x3a>
		EFC0->EEFC_FMR = EEFC_FMR_FWS(2);
2000015c:	f44f 7300 	mov.w	r3, #512	; 0x200
20000160:	4909      	ldr	r1, [pc, #36]	; (20000188 <system_init_flash+0x58>)
		EFC1->EEFC_FMR = EEFC_FMR_FWS(2);
20000162:	4a0a      	ldr	r2, [pc, #40]	; (2000018c <system_init_flash+0x5c>)
		EFC0->EEFC_FMR = EEFC_FMR_FWS(2);
20000164:	600b      	str	r3, [r1, #0]
		EFC1->EEFC_FMR = EEFC_FMR_FWS(2);
20000166:	6013      	str	r3, [r2, #0]
20000168:	4770      	bx	lr
	} else if (ul_clk < CHIP_FREQ_FWS_3) {
2000016a:	4b0b      	ldr	r3, [pc, #44]	; (20000198 <system_init_flash+0x68>)
		EFC0->EEFC_FMR = EEFC_FMR_FWS(3);
		EFC1->EEFC_FMR = EEFC_FMR_FWS(3);
	} else {
		EFC0->EEFC_FMR = EEFC_FMR_FWS(4);
2000016c:	4906      	ldr	r1, [pc, #24]	; (20000188 <system_init_flash+0x58>)
	} else if (ul_clk < CHIP_FREQ_FWS_3) {
2000016e:	4298      	cmp	r0, r3
		EFC0->EEFC_FMR = EEFC_FMR_FWS(3);
20000170:	bf94      	ite	ls
20000172:	f44f 7340 	movls.w	r3, #768	; 0x300
		EFC0->EEFC_FMR = EEFC_FMR_FWS(4);
20000176:	f44f 6380 	movhi.w	r3, #1024	; 0x400
		EFC1->EEFC_FMR = EEFC_FMR_FWS(4);
2000017a:	4a04      	ldr	r2, [pc, #16]	; (2000018c <system_init_flash+0x5c>)
		EFC0->EEFC_FMR = EEFC_FMR_FWS(4);
2000017c:	600b      	str	r3, [r1, #0]
		EFC1->EEFC_FMR = EEFC_FMR_FWS(4);
2000017e:	6013      	str	r3, [r2, #0]
	}
}
20000180:	4770      	bx	lr
20000182:	bf00      	nop
20000184:	016e3600 	.word	0x016e3600
20000188:	400e0800 	.word	0x400e0800
2000018c:	400e0a00 	.word	0x400e0a00
20000190:	02625a00 	.word	0x02625a00
20000194:	044aa1ff 	.word	0x044aa1ff
20000198:	0501bcff 	.word	0x0501bcff

2000019c <usb_serial_number>:
2000019c:	30303030 30303030 30303030 44414544     000000000000DEAD
200001ac:	46454542 00000000 00000000 00000000     BEEF............
200001bc:	00000000                                ....

200001c0 <sram_size>:
200001c0:	00400000                                ..@.

200001c4 <main_b_vendor_enable>:
200001c4:	00000001                                ....

200001c8 <MS_BOS_PACKET>:
200001c8:	00210f05 05101c01 dd60df00 c74589d8     ..!.......`...E.
200001d8:	65d29c4c 8a649e9d 0300009f 01009e06     L..e..d.........
200001e8:	00000000                                ....

200001ec <MS_OS_DESC>:
200001ec:	0000000a 06030000 0014009e 49570003     ..............WI
200001fc:	4253554e 00000000 00000000 00800000     NUSB............
2000020c:	00070004 00440028 00760065 00630069     ....(.D.e.v.i.c.
2000021c:	00490065 0074006e 00720065 00610066     e.I.n.t.e.r.f.a.
2000022c:	00650063 00550047 00440049 004e0000     c.e.G.U.I.D...N.
2000023c:	0030007b 00430041 00320045 00330042     {.0.A.C.E.2.B.3.
2000024c:	002d0045 00420032 00450033 0032002d     E.-.2.B.3.E.-.2.
2000025c:	00330042 002d0045 00420032 00450033     B.3.E.-.2.B.3.E.
2000026c:	0034002d 00320035 00300031 00430041     -.4.5.2.1.0.A.C.
2000027c:	00320045 00330042 007d0045 00000000     E.2.B.3.E.}.....

2000028c <udc_string_desc>:
2000028c:	00000300 00000000 00000000 00000000     ................
2000029c:	00000000 00000000 00000000 00000000     ................
200002ac:	00000000 00000000 00000000 00000000     ................
200002bc:	00000000 00000000 00000000 00000000     ................
200002cc:	00000000                                ....

200002d0 <udc_string_desc_languageid>:
200002d0:	04090304                                ....

200002d4 <udc_string_manufacturer_name>:
200002d4:	4177654e 65542045 6f6e6863 79676f6c     NewAE Technology
200002e4:	636e4920 0000002e                        Inc....

200002ec <udc_string_product_name>:
200002ec:	6c6c6142 69747369 65472063 5743206c     Ballistic Gel CW
200002fc:	00313235                                521.

20000300 <xram>:
20000300:	60000000                                ...`

20000304 <g_interrupt_enabled>:
20000304:	00000001                                ....

20000308 <SystemCoreClock>:
20000308:	003d0900                                ..=.

2000030c <udi_api_vendor>:
2000030c:	00081edd 00081e99 00081ead 00081e8d     ................
2000031c:	00000000                                ....

20000320 <udc_config>:
20000320:	20000388 20000340 20000388 2000039c     ... @.. ... ... 
20000330:	20000338 00000000                       8.. ....

20000338 <udc_config_hs>:
20000338:	20000368 200003a8                       h.. ... 

20000340 <udc_config_lsfs>:
20000340:	20000348 200003a8                       H.. ... 

20000348 <udc_desc_fs>:
20000348:	00200209 80000101 000409fa ffff0200     .. .............
20000358:	050700ff 00400281 02050700 00004002     ......@......@..

20000368 <udc_desc_hs>:
20000368:	00200209 80000101 000409fa ffff0200     .. .............
20000378:	050700ff 02000281 02050700 00020002     ................

20000388 <udc_device_desc>:
20000388:	02000112 40000000 c5212b3e 02010200     .......@>+!.....
20000398:	00000103                                ....

2000039c <udc_device_qual>:
2000039c:	0200060a 40000000 00000001              .......@....

200003a8 <udi_apis>:
200003a8:	2000030c 00000000                       ... ....

200003b0 <_impure_ptr>:
200003b0:	200003b8 00000000                       ... ....

200003b8 <impure_data>:
200003b8:	00000000 200006a4 2000070c 20000774     ....... ... t.. 
200003c8:	00000000 00000000 00000000 00000000     ................
200003d8:	00000000 00000000 00000000 00000000     ................
200003e8:	00000000 00000000 00000000 00000000     ................
200003f8:	00000000 00000000 00000000 00000000     ................
20000408:	00000000 00000000 00000000 00000000     ................
20000418:	00000000 00000000 00000000 00000000     ................
20000428:	00000000 00000000 00000000 00000000     ................
20000438:	00000000 00000000 00000000 00000000     ................
20000448:	00000000 00000000 00000000 00000000     ................
20000458:	00000000 00000000 00000001 00000000     ................
20000468:	abcd330e e66d1234 0005deec 0000000b     .3..4.m.........
20000478:	00000000 00000000 00000000 00000000     ................
20000488:	00000000 00000000 00000000 00000000     ................
20000498:	00000000 00000000 00000000 00000000     ................
200004a8:	00000000 00000000 00000000 00000000     ................
200004b8:	00000000 00000000 00000000 00000000     ................
200004c8:	00000000 00000000 00000000 00000000     ................
200004d8:	00000000 00000000 00000000 00000000     ................
200004e8:	00000000 00000000 00000000 00000000     ................
200004f8:	00000000 00000000 00000000 00000000     ................
20000508:	00000000 00000000 00000000 00000000     ................
20000518:	00000000 00000000 00000000 00000000     ................
20000528:	00000000 00000000 00000000 00000000     ................
20000538:	00000000 00000000 00000000 00000000     ................
20000548:	00000000 00000000 00000000 00000000     ................
20000558:	00000000 00000000 00000000 00000000     ................
20000568:	00000000 00000000 00000000 00000000     ................
20000578:	00000000 00000000 00000000 00000000     ................
20000588:	00000000 00000000 00000000 00000000     ................
20000598:	00000000 00000000 00000000 00000000     ................
200005a8:	00000000 00000000 00000000 00000000     ................
200005b8:	00000000 00000000 00000000 00000000     ................
200005c8:	00000000 00000000 00000000 00000000     ................
200005d8:	00000000 00000000 00000000 00000000     ................
200005e8:	00000000 00000000 00000000 00000000     ................
200005f8:	00000000 00000000 00000000 00000000     ................
20000608:	00000000 00000000 00000000 00000000     ................
20000618:	00000000 00000000 00000000 00000000     ................
20000628:	00000000 00000000 00000000 00000000     ................
20000638:	00000000 00000000 00000000 00000000     ................
20000648:	00000000 00000000 00000000 00000000     ................
20000658:	00000000 00000000 00000000 00000000     ................
20000668:	00000000 00000000 00000000 00000000     ................
20000678:	00000000 00000000 00000000 00000000     ................
20000688:	00000000 00000000 00000000 00000000     ................
20000698:	00000000 00000000 00000000 00000000     ................
200006a8:	00000000 00000000 00000000 00000000     ................
200006b8:	00000000 00000000 00000000 00000000     ................
200006c8:	00000000 00000000 00000000 00000000     ................
200006d8:	00000000 00000000 00000000 00000000     ................
200006e8:	00000000 00000000 00000000 00000000     ................
200006f8:	00000000 00000000 00000000 00000000     ................
20000708:	00000000 00000000 00000000 00000000     ................
20000718:	00000000 00000000 00000000 00000000     ................
20000728:	00000000 00000000 00000000 00000000     ................
20000738:	00000000 00000000 00000000 00000000     ................
20000748:	00000000 00000000 00000000 00000000     ................
20000758:	00000000 00000000 00000000 00000000     ................
20000768:	00000000 00000000 00000000 00000000     ................
20000778:	00000000 00000000 00000000 00000000     ................
20000788:	00000000 00000000 00000000 00000000     ................
20000798:	00000000 00000000 00000000 00000000     ................
200007a8:	00000000 00000000 00000000 00000000     ................
200007b8:	00000000 00000000 00000000 00000000     ................
200007c8:	00000000 00000000 00000000 00000000     ................
200007d8:	00000000 00000000                       ........

200007e0 <__global_locale>:
200007e0:	00000043 00000000 00000000 00000000     C...............
200007f0:	00000000 00000000 00000000 00000000     ................
20000800:	00000043 00000000 00000000 00000000     C...............
20000810:	00000000 00000000 00000000 00000000     ................
20000820:	00000043 00000000 00000000 00000000     C...............
20000830:	00000000 00000000 00000000 00000000     ................
20000840:	00000043 00000000 00000000 00000000     C...............
20000850:	00000000 00000000 00000000 00000000     ................
20000860:	00000043 00000000 00000000 00000000     C...............
20000870:	00000000 00000000 00000000 00000000     ................
20000880:	00000043 00000000 00000000 00000000     C...............
20000890:	00000000 00000000 00000000 00000000     ................
200008a0:	00000043 00000000 00000000 00000000     C...............
200008b0:	00000000 00000000 00000000 00000000     ................
200008c0:	00089d71 00087e25 00000000 0008b278     q...%~......x...
200008d0:	0008b0b4 0008af8c 0008af8c 0008af8c     ................
200008e0:	0008af8c 0008af8c 0008af8c 0008af8c     ................
200008f0:	0008af8c 0008af8c ffffffff ffffffff     ................
20000900:	ffffffff 0000ffff 53410001 00494943     ..........ASCII.
20000910:	00000000 00000000 00000000 00000000     ................
20000920:	00000000 00000000 53410000 00494943     ..........ASCII.
20000930:	00000000 00000000 00000000 00000000     ................
20000940:	00000000 00000000 00000000              ............

2000094c <__malloc_av_>:
2000094c:	00000000 00000000 2000094c 2000094c     ........L.. L.. 
2000095c:	20000954 20000954 2000095c 2000095c     T.. T.. \.. \.. 
2000096c:	20000964 20000964 2000096c 2000096c     d.. d.. l.. l.. 
2000097c:	20000974 20000974 2000097c 2000097c     t.. t.. |.. |.. 
2000098c:	20000984 20000984 2000098c 2000098c     ... ... ... ... 
2000099c:	20000994 20000994 2000099c 2000099c     ... ... ... ... 
200009ac:	200009a4 200009a4 200009ac 200009ac     ... ... ... ... 
200009bc:	200009b4 200009b4 200009bc 200009bc     ... ... ... ... 
200009cc:	200009c4 200009c4 200009cc 200009cc     ... ... ... ... 
200009dc:	200009d4 200009d4 200009dc 200009dc     ... ... ... ... 
200009ec:	200009e4 200009e4 200009ec 200009ec     ... ... ... ... 
200009fc:	200009f4 200009f4 200009fc 200009fc     ... ... ... ... 
20000a0c:	20000a04 20000a04 20000a0c 20000a0c     ... ... ... ... 
20000a1c:	20000a14 20000a14 20000a1c 20000a1c     ... ... ... ... 
20000a2c:	20000a24 20000a24 20000a2c 20000a2c     $.. $.. ,.. ,.. 
20000a3c:	20000a34 20000a34 20000a3c 20000a3c     4.. 4.. <.. <.. 
20000a4c:	20000a44 20000a44 20000a4c 20000a4c     D.. D.. L.. L.. 
20000a5c:	20000a54 20000a54 20000a5c 20000a5c     T.. T.. \.. \.. 
20000a6c:	20000a64 20000a64 20000a6c 20000a6c     d.. d.. l.. l.. 
20000a7c:	20000a74 20000a74 20000a7c 20000a7c     t.. t.. |.. |.. 
20000a8c:	20000a84 20000a84 20000a8c 20000a8c     ... ... ... ... 
20000a9c:	20000a94 20000a94 20000a9c 20000a9c     ... ... ... ... 
20000aac:	20000aa4 20000aa4 20000aac 20000aac     ... ... ... ... 
20000abc:	20000ab4 20000ab4 20000abc 20000abc     ... ... ... ... 
20000acc:	20000ac4 20000ac4 20000acc 20000acc     ... ... ... ... 
20000adc:	20000ad4 20000ad4 20000adc 20000adc     ... ... ... ... 
20000aec:	20000ae4 20000ae4 20000aec 20000aec     ... ... ... ... 
20000afc:	20000af4 20000af4 20000afc 20000afc     ... ... ... ... 
20000b0c:	20000b04 20000b04 20000b0c 20000b0c     ... ... ... ... 
20000b1c:	20000b14 20000b14 20000b1c 20000b1c     ... ... ... ... 
20000b2c:	20000b24 20000b24 20000b2c 20000b2c     $.. $.. ,.. ,.. 
20000b3c:	20000b34 20000b34 20000b3c 20000b3c     4.. 4.. <.. <.. 
20000b4c:	20000b44 20000b44 20000b4c 20000b4c     D.. D.. L.. L.. 
20000b5c:	20000b54 20000b54 20000b5c 20000b5c     T.. T.. \.. \.. 
20000b6c:	20000b64 20000b64 20000b6c 20000b6c     d.. d.. l.. l.. 
20000b7c:	20000b74 20000b74 20000b7c 20000b7c     t.. t.. |.. |.. 
20000b8c:	20000b84 20000b84 20000b8c 20000b8c     ... ... ... ... 
20000b9c:	20000b94 20000b94 20000b9c 20000b9c     ... ... ... ... 
20000bac:	20000ba4 20000ba4 20000bac 20000bac     ... ... ... ... 
20000bbc:	20000bb4 20000bb4 20000bbc 20000bbc     ... ... ... ... 
20000bcc:	20000bc4 20000bc4 20000bcc 20000bcc     ... ... ... ... 
20000bdc:	20000bd4 20000bd4 20000bdc 20000bdc     ... ... ... ... 
20000bec:	20000be4 20000be4 20000bec 20000bec     ... ... ... ... 
20000bfc:	20000bf4 20000bf4 20000bfc 20000bfc     ... ... ... ... 
20000c0c:	20000c04 20000c04 20000c0c 20000c0c     ... ... ... ... 
20000c1c:	20000c14 20000c14 20000c1c 20000c1c     ... ... ... ... 
20000c2c:	20000c24 20000c24 20000c2c 20000c2c     $.. $.. ,.. ,.. 
20000c3c:	20000c34 20000c34 20000c3c 20000c3c     4.. 4.. <.. <.. 
20000c4c:	20000c44 20000c44 20000c4c 20000c4c     D.. D.. L.. L.. 
20000c5c:	20000c54 20000c54 20000c5c 20000c5c     T.. T.. \.. \.. 
20000c6c:	20000c64 20000c64 20000c6c 20000c6c     d.. d.. l.. l.. 
20000c7c:	20000c74 20000c74 20000c7c 20000c7c     t.. t.. |.. |.. 
20000c8c:	20000c84 20000c84 20000c8c 20000c8c     ... ... ... ... 
20000c9c:	20000c94 20000c94 20000c9c 20000c9c     ... ... ... ... 
20000cac:	20000ca4 20000ca4 20000cac 20000cac     ... ... ... ... 
20000cbc:	20000cb4 20000cb4 20000cbc 20000cbc     ... ... ... ... 
20000ccc:	20000cc4 20000cc4 20000ccc 20000ccc     ... ... ... ... 
20000cdc:	20000cd4 20000cd4 20000cdc 20000cdc     ... ... ... ... 
20000cec:	20000ce4 20000ce4 20000cec 20000cec     ... ... ... ... 
20000cfc:	20000cf4 20000cf4 20000cfc 20000cfc     ... ... ... ... 
20000d0c:	20000d04 20000d04 20000d0c 20000d0c     ... ... ... ... 
20000d1c:	20000d14 20000d14 20000d1c 20000d1c     ... ... ... ... 
20000d2c:	20000d24 20000d24 20000d2c 20000d2c     $.. $.. ,.. ,.. 
20000d3c:	20000d34 20000d34 20000d3c 20000d3c     4.. 4.. <.. <.. 
20000d4c:	20000d44 20000d44                       D.. D.. 

20000d54 <__malloc_sbrk_base>:
20000d54:	ffffffff                                ....

20000d58 <__malloc_trim_threshold>:
20000d58:	00020000                                ....
