:0200000280007C
:1000000000300820951B0800911508009115080084
:1000100091150800911508009115080000000000D6
:100020000000000000000000000000009115080022
:1000300091150800000000009115080091150800B6
:1000400091150800911508009115080091150800F8
:1000500091150800911508009115080091150800E8
:10006000911508009115080035170800451708007C
:100070005517080091150800911508009115080002
:1000800091150800911508009115080091150800B8
:1000900091150800911508009115080091150800A8
:1000A0009115080091150800911508009115080098
:1000B00091150800D5220800911508000348044B4B
:1000C000834202D0034B03B118477047A8B308001E
:1000D000A8B3080000000000054806490B1AD90F14
:1000E00001EBA301491002D0034B03B1184770473D
:1000F000A8B30800A8B308000000000010B5064C23
:10010000237843B9FFF7DAFF044B13B10448AFF388
:1001100000800123237010BD5C0D00200000000052
:10012000A8B3080008B5044B1BB104490448AFF359
:100130000080BDE80840CFE700000000600D00200F
:10014000A8B308000022F0B51E4B83B098420446C5
:100150000F46019223D01C4B98420DD01B4B984266
:1001600012D11B4E01AD29462046B0470028FAD1D6
:10017000019B3B7003B0F0BD154E01AD29462046F2
:10018000B0470028FAD1F3E7124B98420FD1104E36
:1001900001AD29462046B0470028FAD1E8E70E4DC8
:1001A00039462046A8470028FAD103B0F0BD0B4BD2
:1001B0009842DFD1064E01AD29462046B0470028BF
:1001C000FAD1D5E700060E40000009400040094082
:1001D00051330800008009407D1E080000C009401E
:1001E0001D4B70B5984204460E4615D01B4B9842E5
:1001F0001AD01B4B98421FD01A4B984204D01A4B6E
:10020000984221D0002070BD184D31462046A847A5
:100210000028FAD1012070BD154D31462046A8476F
:100220000028FAD10120F6E7104D31462046A847B4
:100230000028FAD10120EEE70C4D31462046A847B0
:100240000028FAD10120E6E7084D31462046A847AC
:100250000028FAD1DEE700BF00060E40000009408A
:10026000004009400080094000C009403D330800BB
:100270006D1E080010212DE9F04788B00DEB01003C
:10028000764B9847764F0820B847764C764A4FF41D
:10029000006114604FF4E132744BCDE90221744ADD
:1002A000744D1A60744A754B08201A60744B0193A0
:1002B000B84701A92046734B98472B68724C986841
:1002C0000021A0472B6800215868A04701216F4BEF
:1002D0001970BFF35F8F62B600226D4BDFF8B481F7
:1002E00059711A705A709A70DA701A716A4988478F
:1002F0006A4B4546DFF8A8916A4E04AC0DF1200A1E
:10030000984754F8042B28463146C847A24505F1C2
:100310000805F6D100250920634C88F82050B8471D
:1003200062492920A04761492A20A0475F492B2024
:10033000A0475E492C20A0475C492D20A0475B497F
:100340002E20A04759492F20A04758493020A047C8
:1003500056493920A04755493A20A04753493B20E8
:10036000A04752493C20A04750493D20A0474F4953
:100370003E20A0474D493F20A0474D492620A04799
:100380004A493320A04749493720A04747493420EC
:10039000A04747492720A04744494F20A047444948
:1003A0002820A04741494020A04740494120A0477C
:1003B0003E494220A0473D494320A0473B494420B5
:1003C000A0473A494520A04738494620A047374929
:1003D0004720A04735494820A04734494920A04735
:1003E00032494A20A04731494B20A0472F49542089
:1003F000A0472E495520A0472C495620A0472B49FD
:100400005720A04729495820A04728495920A047EC
:1004100026495A20A04725493520A0472946254A84
:100420002548264B98474FF00C3229462248244B4A
:1004300098474FF0101229461F48224B984741F227
:10044000030229461C48204B9847204B9847204BD5
:100450009847204B9847204B9847FEE79515080092
:10046000B51A080000060E40CC360020C836002021
:10047000E1010800B00300204501080060360020BB
:1004800000D8B805351E08000D360800040300200A
:10049000683600209C010020D11C080019150800B6
:1004A000C93708003CAF0800A51708000100000884
:1004B000010000100004040400000E40611B08004D
:1004C0006D1B0800791B0800851B08002914080013
:1004D0003D0D0800950B0800F108080070B5084BA9
:1004E000084A5C6805201D689047074B074A04F1DD
:1004F000C0441D6014604C20BDE87040044B184798
:10050000D0300020E1130800A8300020A4300020E3
:10051000951608002DE9F0410E4F01203C680E4E63
:100520007D68B04710200D4B984774B107EB040C61
:10053000EC1F0B4DFB1DE41B0CF1070CE21813F82C
:10054000010F296863458854F8D13346BDE8F0416E
:1005500000201847D0300020E1130800951608004D
:100560000003002010B5064A064B04205468984743
:10057000054A10201460054BBDE81040184700BF25
:10058000D0300020E1130800A030002095160800AC
:1005900070B5084B0220D3E90054074B98474C2014
:1005A000064B9847294604F1C040054A054BBDE873
:1005B00070401847D0300020E1130800951608005D
:1005C000AD060800051F080042F2273310B5074AA0
:1005D00014689C4200D910BD4C20054B9847214619
:1005E000BDE81040034A0448044B1847D0300020AF
:1005F00095160800AD060800780D0020051F0800BC
:1006000070B590B969B10F4D0F4A2B680F4C194462
:10061000206812F801CB00F803C001339942F7D1EA
:1006200029600B4B9847042807D0BDE870404FF471
:100630008061084A0448084B1847084B0020984737
:10064000F3E700BFA030002010310020000300209D
:100650001D14080001060800251F0800E11308000A
:100660000D4A5378122B03D0152B01D00020704770
:1006700010B50024094B0A4819680068918109499E
:1006800090601C608847052801D0012010BD2046DD
:10069000054B9847012010BDB0360020A83000203F
:1006A000A43000201D140800E113080000B17047B9
:1006B00010B5054B04469847022800D010BD2046CF
:1006C000BDE81040014B18471D140800E113080055
:1006D0002DE9F04F364A374B14681B6856681B1BD0
:1006E000B34283B003D342F227339C4202D903B012
:1006F000BDE8F08F4C20304B9847002E3ED02F4F56
:100700007B8801339BB20025A4087B803D8047D0C5
:100710004FF00109A3000093294B2A4A1B68D2E934
:10072000004B3344284E0193D2E90283B4460022A1
:1007300083EAC32383EAD4416140A24681EA1324B9
:10074000019B5919087824FA02F3DBB2984202F1AE
:10075000080280EA030E18BFA7F80090202A0CF8C0
:1007600001EB01F10101EDD1009A0435AA424346A3
:1007700006F104060FD0D846D346D7E71349114AED
:1007800008680123106048680C4F50608868C96889
:100790009060D160B7E70B4BC3E902B8C3E9004AE8
:1007A00004220B490B4B0F601A6003B0BDE8F08FB9
:1007B000D0300020C001002095160800AC30002089
:1007C00000030020C0300020780D0020B030002051
:1007D000A4300020A83000202DE9F047214C102043
:1007E0006568214B266898474DB9DFF880C0204FD7
:1007F000083494E80F008CE80F0087E80F00B60873
:100800002ED04FF0000CDFF864901A4C4FEA8608A7
:10081000D9E9000ED9E90262002382EAC22282EA03
:10082000D04A8AEA000A07460CEB05018AEA122040
:1008300020FA03F2D4F800A00833D2B2202B0AF831
:10084000012001F10101F3D10CF1040CC445324641
:1008500002D07646BE46DFE7C9E902E6C9E90007ED
:10086000BDE8F087D030002095160800C030002089
:10087000B03000200003002008B5154A5378103B23
:10088000082B0AD8DFE803F00B0F13171B1F090909
:100890000500104B0120136108BD002008BD0E4B60
:1008A0000120136108BD0D4B0120136108BD0C4BE5
:1008B0000120136108BD0B4B0120136108BD0A4BD9
:1008C0009847012008BD094B0120136108BD00BFF6
:1008D000B0360020C905080091050800650508002C
:1008E000DD04080015050800D9070800D106080036
:1008F00010B5044B04489847BDE810400348044B2A
:10090000184700BF150908006106080079080800AB
:100910003D09080007490A780F2A01D900207047CD
:10092000034610B4501C044C087044F822300120D7
:1009300010BC7047503500201035002007490A7858
:100940000F2A01D900207047034610B4501C044CF4
:10095000087044F82230012010BC70475135002047
:1009600054350020004B184745140800004B184729
:1009700069140800054B1B7803B9704710B5044B88
:100980009847BDE81040034B184700BFC401002042
:10099000B92C08008514080038B50124044D4FF423
:1009A0008061044A044B05482C709847204638BDA6
:1009B000C401002001060800251F08001031002096
:1009C0000022014B1A707047C401002038B50F4B4C
:1009D0000F4AD9880F48402928BF402112789860D3
:1009E00099818AB10C4C551EEDB2531B251F05EBA6
:1009F000830504EB820401E0AC4205D054F8043DC9
:100A000098470028F8D038BD002038BDB036002007
:100A100051350020D03000205435002038B50B4B24
:100A20001A788AB10A4C551EEDB2531B251F05EBEF
:100A3000830504EB820401E0AC4205D054F8043D88
:100A400098470028F8D038BD002038BD5035002028
:100A500010350020044B5A78222A03BF034A012094
:100A60001A610020704700BFB0360020710A0800EC
:100A700010B5224B9B78013B102B0AD8DFE803F01E
:100A80000A161B0909090909090909090909092D92
:100A90003A0010BD3E201A4B98471A4CA047002838
:100AA000FCD0BDE810401020174B18471020BDE8BF
:100AB0001040164B184701220C21154B154898473A
:100AC000154B9847154A53689903FCD4136843F0B3
:100AD000254343F005031360FEE70F4B98470F4A89
:100AE00053689B03FCD4136843F0254343F005038C
:100AF0001360FEE70A4BBDE810401847B0360020EF
:100B0000191A08003D1A080061190800BD190800EB
:100B10004515080000080E40FD2B080000120E408D
:100B20001114080038B5154C6378172B1BD0402BD7
:100B300017D14FF0200C124D124B372293E80300CF
:100B400085F808C085E803000F4B104905F109003E
:100B5000984728460E4BA560984703460120A3817D
:100B600038BD002038BD40F2011500210322044B9E
:100B700001201D809970A360A28138BDB03600208D
:100B80009435002050AF08006938080044AF0800D1
:100B90000D38080010B5044B04489847BDE81040D4
:100BA0000348044B184700BF15090800250B08002F
:100BB000550A08003D090800024A034B508800F01E
:100BC0007F001847B0360020812C0800154B1B68A9
:100BD0001B681A79824222D930B4134C2360B3F8CF
:100BE00002C09C44634517D2002504E01A78012511
:100BF00013449C450CD95A78042AF7D19A7882423A
:100C0000F4D1DA788A42F1D105B12360012001E004
:100C10000020236030BC7047002030BC70470020AB
:100C2000704700BFDC350020E03500202DE9F041A1
:100C30001C4C23787BB300211B4E0546B04750B3B4
:100C4000DFF86880D8F800305B6853F82570FB68DF
:100C5000984723780146F3B12846B0470546D0B1FE
:100C6000134B144E1C68D8F80020237812681C44DB
:100C700053881A44A24206D808E0052B0FD02378E7
:100C80001C44A24202D96378042BF6D17B689847B2
:100C90002846BDE8F08100252846BDE8F081A0780F
:100CA000B047E0E7D9350020CD0B0800DC35002047
:100CB000E0350020D52C0800184B1B785BB32DE9DC
:100CC000F041174B0546984710B3164B164E1C685B
:100CD000164F316823780A681C4453881A44A2428C
:100CE00006D808E0052B0DD023781C44A24202D977
:100CF0006378042BF6D14B6853F82530BDE8F041FA
:100D00001B681847A288E178A078B8470028E0D18E
:100D10000020BDE8F0810020704700BFD9350020D9
:100D2000CD0B0800E0350020DC350020A52F0800A1
:100D3000014B1868704700BFE0350020004B184792
:100D40003D2B0800F8B50C4F3B787BB10B4D2B6861
:100D50001B681B7953B100242046094EB0472B680D
:100D600001341B68E0B21B798342F7D80023054A9F
:100D70003B701380F8BD00BFD9350020DC35002062
:100D80002D0C0800D435002038B50C4B1B789BB1D6
:100D90000B4D2B681A68127972B1002422465B68E9
:100DA000013453F822301B6903B198472B68E2B233
:100DB000196809799142F2D838BD00BFD9350020B1
:100DC000DC35002000232DE9F0478B4C2288C4E954
:100DD0000433B2F5E07FA38100F0D08094F90020C5
:100DE0002378002A0EDB13F0600F79D013F01E0F6A
:100DF00040D003F01F03022B00F0B68000252846E8
:100E0000BDE8F087E588002DF8D013F0600FEDD134
:100E100013F01F0200F06581012A40F0B98062786A
:100E20000A2A24D1012D22D1744A1278FAB1744AC7
:100E3000267917683A681279B24218D900213046EB
:100E4000704B98470546002800F0C5807B6853F832
:100E50002630DB68984702466B4801216B4B0270D5
:100E60009847CCE7012A00F04D81022A6CD013F09C
:100E70001E0FC3D1A388614E022B04BF0123A380A0
:100E80003378002BBAD05E4F94F804803D682B680D
:100E90001B79984540D3227802F01F02022AADD177
:100EA000002BABD00024A046DFF858916B680134CA
:100EB00053F82850EB68984733780146002B9DD0B3
:100EC00040465FFA84F8C847002897D0AB68984737
:100ED000002837D13D682B681B794345E6D88DE75C
:100EE00013F01F02BED16278013A082ABFD801A1CF
:100EF00051F822F0DB0F08006F0E0800B70F080052
:100F00006F0E0800D31008006F0E08006F0E080067
:100F10006F0E08002510080000214046394FB847E1
:100F2000002833D06B6853F82850EB689847337823
:100F30000146002B3FF462AF4046B84730B3AB6880
:100F4000984718B301255AE76278012A00F0F78024
:100F5000032A06D1E28861880A4392B2002A00F08F
:100F6000C18113F01E0F85D0244E3378002B3FF43F
:100F700045AF234F3D682B681B7991E701259E21E2
:100F80002348224B98472846BDE8F087237830E76E
:100F9000022A7FF46CAF6278002AE2D1022DE0D100
:100FA00020791C4B984702461B482946174B0125C0
:100FB0000280984723E7E288002A7FF458AF6288CE
:100FC000022A7FF454AF154B9847054618B1237990
:100FD000002B00F0BC81237808E7E288002A7FF428
:100FE00046AF6588012D7FF442AF0D4A138823F088
:100FF0000203138003E700BFB0360020D93500207C
:10100000DC350020CD0B0800D8350020C92C0800A5
:10101000EC010020252D0800D6350020712C080099
:10102000D4350020E288002A7FF421AF9C4B9847FA
:101030000028D0D0DFF86C92C847DFF86CA2A37804
:10104000002800F02581DAF80820527C9A42C2D3A9
:10105000964E337883B1964F3B681B681B795BB122
:1010600000252846DFF84C82C0473B6801351B68E5
:10107000E8B21B798342F7D800228F4B1A80A378FD
:101080003370002B3FF45EAFC8473278002800F081
:101090003381DAF8103002F10052013A03EBC20357
:1010A0001A68834F12793B60002A3FF44BAF00254A
:1010B000824E2B4605E03A68126812799A427FF612
:1010C00041AF18460021B0470135EBB20028F2D1FC
:1010D00081E7E288002A7FF4CAAE794B01252361BB
:1010E0008DE66278062A40D0082A36D0002A7FF49E
:1010F000BEAE022D7FF4BBAE29466F48714B9847B8
:1011000001257CE662780B2A7FF4B1AEE288002AE2
:101110007FF4ADAE654A1278002A3FF4A8AE257977
:10112000644B28466688984700283FF454AF284609
:10113000624BF1B2984700287FF404AF4BE7E28896
:1011400061880A4392B2002A7FF40BAF20795E4B8C
:10115000984700287FF4F6AE3DE7012D7FF487AE77
:1011600029465248574B984749E661880A0A013A8E
:10117000CDB20E2A3FF63AAE01A151F822F000BFDF
:10118000351208000B12080049120800ED0D080086
:10119000ED0D0800FF110800D5110800ED0D080045
:1011A000ED0D0800ED0D0800ED0D0800ED0D080037
:1011B000ED0D0800ED0D0800BD1108002121434888
:1011C000404B9847E388A2899A427FF6BBAE01253F
:1011D000A38114E6334B9847334B002840F09480AA
:1011E0009A68527CAA427FF6F6AE1A69354B52F8DD
:1011F0003500418898470722A3685A70E2E72A4AD7
:10120000304BD06801789847DCE7264B9847264B4F
:10121000002800F090809A68527CAA427FF6DBAEEC
:101220001A69284B52F83500418898470222A36872
:101230005A70C7E71B4B9847002871D11A4A214BB7
:10124000906801789847BDE7032D3FF6CFADDFE802
:1012500005F01A17140220211D4B1E4E5D18324650
:1012600013F8010BAB4222F8020FF9D14900023109
:101270001848144B31709847A4E71321164BECE73C
:101280001521164BE9E7042115480E4B984799E7BD
:10129000DAF80020527C9A42BFF4DAAE9BE600BF37
:1012A000A92C0800712C080020030020D93500204B
:1012B000DC3500202D0C0800D4350020B90C0800C6
:1012C000B90B0800C92C0800012E0800C801002035
:1012D0009C0100208C020020EC020020D40200209F
:1012E000D00200202079324B98472079314B984723
:1012F00000287FF427AE6EE6DAF8043002F10052DF
:10130000013A03EBC203CBE61A68527CAA427FF68D
:1013100062AE5A68284B52F83500418898476AE710
:1013200010200221254B244D1A689070D170186846
:101330000178A84746E71A68527CAA427FF64BAE6E
:101340005A681D4B52F83500418898476EE71C4E8D
:10135000327892B11B4F3A68126812796AB1994695
:101360001846DFF86480C0473B6809F101091B6833
:101370005FFA89F01B798342F5D80022A3881349CC
:101380001B0A013B0A803270032B3FF624AEDFE8D4
:1013900003F00B0805020E4B236130E50D4B236172
:1013A0002DE50D4B23612AE50C4B236127E500BF9A
:1013B000D1310800592D0800C92C08002003002055
:1013C000D9350020DC3500202D0C0800D435002054
:1013D0009D32080085320800613208003D32080065
:1013E00038B5084B04469847074B1A782AB90125A7
:1013F0001C70064B9847284638BD0025034B98477C
:10140000284638BDE1150800E43500202116080003
:101410000022014B1A707047E4350020014B187808
:10142000704700BFE435002010B51120044CA047E0
:101430001020A0472346BDE810404C20184700BFAD
:101440004D16080010B51120054CA0471020A047EC
:101450004C20A047BDE810405320024B184700BF66
:101460004D1608006D17080010B51120034B984762
:10147000BDE810405320024B184700BF95160800E6
:1014800089170800C0F3090310B50446ABB1B3F5E2
:10149000007F03D0C4F308043CB110BD1120094BF8
:1014A000C4F308049847002CF7D1064C1020A0473D
:1014B0002346BDE810404C2018471120024B9847A6
:1014C000E8E700BF4D1608009516080010B54FF06C
:1014D00060510D4C1120A0474FF060511020A047E3
:1014E0004FF060514C20A0474FF040515320A0478F
:1014F0005320064B9847BDE810404FF000624FF470
:10150000C0510348034B1847A51708008917080066
:10151000000C0E409D1808004FF4004210B5064B19
:10152000064C5A650A20A0470B20A0470C20A04774
:10153000BDE81040024B184700120E40B51A0800D3
:10154000CD14080038B5A1F10E03012B17D9EFF324
:10155000108572B6BFF35F8F00230A4CC9B22370A7
:10156000094B03EA02221143084B41F0B44198476A
:1015700025B901232370BFF35F8F62B638BD4FF0EA
:10158000FF3038BD0403002000FFFF008D00002065
:10159000FEE700BFF0B5042687B004460D460F22D3
:1015A0000E210C480C4F02AB0096B84770B9042DC1
:1015B00026462A46044628BF042225B13046074B5A
:1015C00002A992009847204607B0F0BD102420469B
:1015D00007B0F0BD00080E40010000207D34080077
:1015E0000C4B1A6822B9EFF3108129B10A490A702D
:1015F0001A6801321A60704710B472B6BFF35F8F79
:101600000120064C044A217010701A6801321A60D9
:1016100010BC7047E8350020EC35002004030020A2
:10162000074B1A68013A1A601B6843B9054B1B78CF
:101630002BB10122044B1A70BFF35F8F62B6704763
:10164000E8350020EC350020040300202DE9F041AE
:10165000112305460C4CAB420C4FDFF8348004F1EB
:10166000100605D0B4420AD054F8083FAB42F9D175
:1016700063682846012B04D0B847B442F4D1BDE8D2
:10168000F081C047EEE700BF5CAF08006D170800AF
:10169000891708002DE9F041112305460C4CAB4297
:1016A0000C4FDFF8348004F1100605D0B4420AD0A4
:1016B00054F8083FAB42F9D163682846012B04D0A7
:1016C000B847B442F4D1BDE8F081C047EEE700BFAF
:1016D0005CAF0800891708006D170800F8B5124BB9
:1016E00004460E469847114B05462046984705404C
:1016F00019D00F4C04F160072368B34205D0BC42F7
:1017000011D023691034B342F9D161682942F6D06F
:10171000E368304698476368BC4225EA030502D077
:101720001034002DE8D1F8BD6517080069170800CE
:10173000F03500200A210148014B1847000C0E40EB
:10174000DD1608000B210148014B1847000E0E4022
:10175000DD1608000C210148014B184700100E400F
:10176000DD160800C06C7047806C70470122430989
:1017700003F5001303F2067300F01F005B0202FA88
:1017800000F01863704700BF0122430903F50013FE
:1017900003F2067300F01F005B0202FA00F05863C8
:1017A000704700BF430903F5001301F0F04203F254
:1017B0000673B2F1205F4FEA432335D010B416D838
:1017C000B2F1006F1BD0B2F1805F15D14FF0010C68
:1017D00000F01F000CFA00F25A64186F10431867EB
:1017E00011EA0C005A601BD05A6610BC704701F019
:1017F000E042B2F1405F2FD0002010BC70474FF0A4
:10180000010C00F01F000CFA00F25A64186F1C6FF4
:10181000204020EA0200186711EA0C005A60E3D168
:101820001A66604610BC7047012200F01F0082401B
:10183000C8075A644CBF5A661A6611F00A0F14BFE3
:101840001A625A62880722D4080748BFC3F8842066
:1018500001205A611A607047012200F01F00824087
:1018600001F0605CC1F38004C9075A644CBF5A663A
:101870001A6654B95A65BCF1605F0CBF1A635A63AB
:101880001A611A60012010BC70471A65F3E7C3F8AB
:10189000802001205A611A60704700BF034602F0A1
:1018A000F040B0F1205F29D010B410D8B0F1006F33
:1018B00015D0B0F1805F0FD15964186F08431867D5
:1018C00012F00100596015D0596610BC704702F043
:1018D000E040B0F1405F25D0002010BC7047596453
:1018E000186F1C6F204020EA0100186712F00100F9
:1018F0005960E9D11966012010BC7047D0075964BE
:101900004CBF5966196612F00A0F14BF196259626A
:1019100090071ED4100748BFC3F8841001205961F6
:101920001960704702F06050C2F38004D207596416
:101930004CBF5966196654B95965B0F1605F0CBF68
:101940001963596319611960012010BC704719654A
:10195000F3E7C3F88010012059611960704700BF98
:1019600015490B6B23F0030343F001030B638B6EEC
:101970001B0758BF4FF4006302D504E0013B16D0AB
:101980008A6E1207FAD50C490B6B23F070030343E0
:101990000B63886E10F0080008BF4FF4006302D09C
:1019A00007E0013B03D08A6E1207FAD57047012089
:1019B00070470020704700BF00040E4015490B6BB4
:1019C00023F0700303430B638B6E1B0758BF4FF468
:1019D000006302D504E0013B17D08A6E1007FAD5E8
:1019E0000C490B6B23F0030343F002030B63886E77
:1019F00010F0080008BF4FF4006302D007E0013B7D
:101A000003D08A6E1207FAD5704701207047002074
:101A1000704700BF00040E40074A0302116A9BB2E0
:101A200021F003010B4343F45C1343F00103136201
:101A3000936EDB07FCD5704700040E40024B986E96
:101A400000F00100704700BF00040E40024B986E8A
:101A500000F48030704700BF00040E40084B1B6A42
:101A600030B1074A43F0807343F45C13136270474C
:101A7000034A23F0807343F45C131362704700BF82
:101A800000040E404FF00052014B9A62704700BFB5
:101A900000040E40024B986E00F00200704700BF39
:101AA00000040E40024B986E00F04000704700BFEB
:101AB00000040E401D280AD80123064A834091697C
:101AC000002033EA010101D0136170477047012003
:101AD000704700BF00040E401D280AD80123064AA3
:101AE00083409169002033EA010100D070475361BF
:101AF00070470120704700BF00040E40034BC0F345
:101B000012001A6F10431867704700BF00040E40A0
:101B10002DE9F041A0B9002A90460DDD0C460A4F90
:101B20000A4E8D1821463868336801349847AC4214
:101B3000F8D14046BDE8F08180464046BDE8F081DE
:101B40004FF0FF38F5E700BFCC36002060360020AC
:101B5000024B187880F00100704700BF6436002007
:101B600001EB810100EB81010A67704701EB810104
:101B700000EB81014A67704701EB810100EB8101B5
:101B80008A67704701EB810100EB8101C1F8802079
:101B9000704700BF1749184808B5814209D0174A55
:101BA000904206D2013A121A22F00302144B043278
:101BB00098471448144A904207D2013A121A22F068
:101BC00003020021114B04329847114B114923F0B5
:101BD000604203F1604322F07F02B3F5404F8A6018
:101BE00003D28B6843F000538B600B4B98470B4B31
:101BF0009847FEE7A8B30800000000205C0D002015
:101C00007D3408005C0D002008370020693508008D
:101C10000000080000ED00E0ED3308007502080048
:101C20000C4A034610680C4930B103448B42CCBFC8
:101C30004FF0FF301360704710B4084C23448B42C0
:101C40001460D8BF13602046C8BF4FF0FF3010BCEF
:101C5000704700BF70360020FC3F0820003008208D
:101C60004FF0FF30704700BF4FF4005300204B602F
:101C7000704700BF0120704700207047014608B53B
:101C80000148024B9847FEE774AF0800353408005E
:101C9000704700BF4FF0FF30704700BF10B53E20C7
:101CA000074B9847074CA0470028FCD04FF471021F
:101CB000054B064CDA61A0470028FCD010BD00BFE0
:101CC000191A08003D1A080000040E40A51A080061
:101CD00070B51248124DA8473E20124B9847124C3F
:101CE000A0470028FCD04FF08070104B9847104C54
:101CF000A0470028FCD00F4B98470F4B0F4A104CC1
:101D00009A62A0470028FCD00E4B102098470E4B3B
:101D100098472B46BDE870400048184700D8B805E2
:101D200031010020191A08003D1A08005D1A080048
:101D30004D1A0800851A080000040E40013F0F20CC
:101D4000951A0800BD1908004D1D0800314A136B93
:101D500003F00303012B2CD0023B012B1ED8136A86
:101D6000D90138D52C482D4B03602A4A136B03F058
:101D70000303022B3CD02A4B26490A6B02F0700267
:101D8000702A05D00A6BC2F30212D3400360704779
:101D9000244AA2FB03235B0803607047224B1E48C2
:101DA0005B6A13F0800F14BF4FF400434FF4FA4303
:101DB000E2E7136ADB010BD4126A02F07002102A08
:101DC00021D0164B19491448202A18BF0B46D3E7D7
:101DD000124B1148D0E7154B0F480360136A03F00C
:101DE0007003102B12D0202BBFD10C4B0360BCE72B
:101DF000916A0368C1F30A4101FB0333926AD2B2CC
:101E0000B3FBF2F3B8E70A4B0348B5E7084B0360AE
:101E1000ABE700BF00040E4008030020001BB70022
:101E2000001C4E0EABAAAAAA00120E4000093D00EB
:101E300000127A00AC2303600246D1E90030B3FB04
:101E4000F0F34FF6FE7C1B09581E60450CD830B4E9
:101E500040F20225502413628B6800205360C2F8C0
:101E60002051146030BC704701207047034642691E
:101E7000920746BF0020D961012070474369DB0704
:101E800043BF836900200B7001207047014B187815
:101E9000704700BF74360020024B1B7803B17047B7
:101EA000014B184774360020C1090800084B93F90C
:101EB00000201B78002A03F0600303DB402B05D0D1
:101EC00000207047402BFBD1024B1847024B1847AC
:101ED000B03600201D0A0800CD090800064B10B5D9
:101EE0009847064AC37813700BB1012010BD044B0C
:101EF000BDE81040184700BF310D080074360020BF
:101F00009909080030B58446154683B00B466246F1
:101F10000021034C00958120A04703B030BD00BFD5
:101F2000CD2E080030B58446154683B00B46624678
:101F30000021034C00950220A04703B030BD00BF34
:101F4000CD2E080090F814C003461CF0010F16D0E7
:101F500030B404686FF3000C80F814C06CB1084D05
:101F6000084602F1080149016958090748BF42F0D3
:101F700080029968234630BC184730BC70477047D0
:101F800000400A402DE9F043431E664C03EB430139
:101F900004EBC10191F814C01CF0010F39D00246C6
:101FA000D1E90250A8424FEA430634D02D1AB5F5C4
:101FB000803F4FEA421C47D80CF1402E0EF5202EF0
:101FC000DEF800812F0418F0080F72D0DEF80081CF
:101FD0004FF0080E08F007080EFA08FE0EF1FF3E5B
:101FE0001EEA050F00F09A8091F814E047F02907E7
:101FF0006FF3410E81F814E033E04FF400644FF4C6
:1020000080734948C1F8044103FA02F203691A4394
:102010000261BDE8F0834FEA421C0CF1402101F55A
:102020002021D1F80001000705D5F01804EBC0000D
:10203000007D8707E1D43D4DF01804EBC0002B462E
:10204000BDE8F043002118470CF1402101F52021A3
:10205000D1F800512D0735D521274FF48035D1F81F
:10206000001106EB030E04EBCE0EDEF8041008445C
:102070002F4901EB02114860EFF3108872B6BFF3ED
:102080005F8F4FF000092B4880F80090D1F80C903A
:1020900019F0100F20D0B8F1000F04D10121017008
:1020A000BFF35F8F62B6F11804EBC101C8688860A6
:1020B000B3E7DEF80011C1F30111012925D047F083
:1020C0003507CEE7D1F80051C5F30115012DC3D076
:1020D00035274FF48035C4E74FF000728F6002FA65
:1020E00003F3DEF80C20CEF8105015440E4ACEF85B
:1020F0000C5011690B431361B8F1000F89D1012312
:102100000370BFF35F8F62B683E7DEF8001101F062
:10211000070E082101FA0EF1A942D0D247F021079B
:102120009FE700BF8036002000400A40451F08009E
:1021300000430A40040300202DE9F047EFF3108329
:1021400072B6BFF35F8F00204FF48061594D5A4A39
:102150002870C2F8081123B901232B70BFF35F8FD9
:1021600062B6DFF8588198F80030032B63D0544FE3
:10217000544E3A88B489A41AA4B2002C38D013461D
:10218000DFF844913F2C86BF00224024012289F8C9
:102190000020B268EFF3108672B6BFF35F8F0021A4
:1021A00029704549D1F81C11890539D454B11A4414
:1021B000464B1846013312F801CBD9B2A14280F840
:1021C00000C0F6D34FF480624FF400613B881C449A
:1021D000394B3C80C3F81821C3F81411C3F804210B
:1021E00026B901232B70BFF35F8F62B6BDE8F0877D
:1021F0003749F0880B8813449BB298420B8040D03B
:10220000DFF8C49099F800A0BAF1000F39D17369D2
:10221000002B33D09847002847D101223B88B6E7EE
:1022200026B901232B70BFF35F8F62B6042388F8B1
:102230000030BDE8F087234E336903B19847EFF3D0
:10224000108372B6BFF35F8F00204FF480611A4A8B
:102250002870C2F8081123B901232B70BFF35F8FD8
:1022600062B600234FF40071134AC2F81811C6E990
:102270000433B38188F80030BDE8F08713460122AB
:1022800085E7042388F80030EFF3108172B6BFF3BE
:102290005F8F4FF480420020074B2870C3F818214D
:1022A000C3F804210029A1D19BE73C805346B4899F
:1022B00068E700BF0403002000400A407C3600208D
:1022C00078360020B0360020753600200000182037
:1022D0007A3600202DE9F0419B4B1D2098479B4BFF
:1022E000984728B99A4B5B6913F0020300F0968077
:1022F000974B5A69120700F182805A69560700F11C
:102300008780D3F81C215969CD0521D54FF4804031
:102310004FF40041D404C3F80801C3F8081100F1D8
:10232000AC80500504D5D3F80C31590500F14D822D
:10233000930500F14781970404D54FF40051844B75
:10234000C3F81811160400F16D81540400F1CB801C
:1023500001234FF000754FF480767D4A106903F138
:10236000FF3E05FA0EF10842DFB203D05069014288
:1023700040F0CE80116906FA03F0014202EB4314EB
:1023800017D0D4F80C11A44611F4006F05D0D4F87E
:102390001C1111F4006100F03583DCF80C114F03BF
:1023A00007D5DCF81C1111F4402FC1F3814400F073
:1023B000E980022B39D166494C6914F0100440F0D1
:1023C0007E810A69900735D54A69920732D5202265
:1023D0008A610A691D2022F002020A610A695D4DC4
:1023E00042F020020A618B61A8475B4B98475B4A29
:1023F0001378002B40F0BF820023137013E00822F3
:102400009A615B69DF0712D5BDE8F041544B18476C
:1024100004219961534ABDE8F041104772B6BFF3F9
:102420005F8F514A1370BDE8F081022396E74D4B50
:102430009847E9E7464B5B699B06F4D5474A137812
:10244000002B00F07982022401252020404B1570DA
:102450009C6198611A69454922F020021A611A6943
:1024600022431A611A6942F008021A611A6942F09D
:1024700004021A61BDE8F04108473D4D2B7803B3D3
:102480003C4C236903B19847EFF3108272B6BFF357
:102490005F8F00214FF48060334B19702C49C1F8D5
:1024A000080122B901221A70BFF35F8F62B60023C0
:1024B0004FF40071264AC2F81811C4E90433A3810D
:1024C0002B70234AD2F81C31C3F30A53082B00F0B7
:1024D000BC80052020214FF480532870C2F81411CD
:1024E000C2F818319FE74FF48043194AC2F81831F7
:1024F000D2F81C3113F4007395D11D4801780129DD
:1025000000F04D8204298ED12023C2F814318AE7CD
:10251000194800EB0313D868C00784D4106920EA77
:1025200001011161DB681B0C08D0144A0EEB4E0E42
:1025300002EBCE02D168CB1AC2E902333846BDE8BD
:10254000F0410F4B184700BFB51A0800511B080097
:1025500000400A40D91A08006509080076360020B4
:1025600075090800890D0800040300206D090800A2
:102570007C360020B036002000430A408036002020
:10258000851F08004FF4802320254021CCF8083116
:1025900013690EEB4E0E23EA0000B34B106103EB00
:1025A000CE0E9EF8143064F382038EF81430DCF8FB
:1025B000083123F00203CCF80831CCF81451CCF8E0
:1025C000181130E7A94D2B78012B00F00281022B66
:1025D00000F03781042B00F0348105212022A44B28
:1025E000A44C2970C3F81421EFF3108272B6BFF324
:1025F0005F8F00214FF480609F4B19709C49C1F898
:10260000080122B901221A70BFF35F8F62B600235E
:102610004FF40071964AC2F81811C4E90433A3813B
:102620002B7000E74FF40042914BC3F81821D3F808
:102630001C2155053FF5F7AE8C4A1278032A7FF42A
:10264000F2AE2022C3F81421EDE68C4A8C4B8D4863
:10265000194601330978834202F8011FF8D18A4BE9
:102660009847002800F0F4804FF48051804B814A55
:10267000C3F8181192F900100029C0F27181D288B4
:10268000002A00F0AD81002201244FF480417F48F0
:102690002C7002807E480280C3F81811EFF3108579
:1026A00072B6BFF35F8F74480270C3F80411002D37
:1026B0007FF4B9AE0470BFF35F8F62B6B3E6102249
:1026C000694C237D8A6113F001020DD025686FF3F8
:1026D0000003237545B1D1F82031012013F0080F14
:1026E00018BF8122A168A84794F82C30DD0710D5C7
:1026F000A5696FF3000384F82C3055B15C4B0120C1
:10270000D3F84031216A13F0080F14BF822202224D
:10271000A847604B98470120554B1A6822F07F026A
:102720001A601A6842F080021A60D3F8002122F47D
:102730007F7222F0030242F04302C3F80021C3F883
:102740000401EFF3108472B6BFF35F8F4FF4805231
:10275000002549490D70C3F804214FF40072C3F8F5
:1027600004211A6942F480721A611CB90870BFF31F
:102770005F8F62B6EFF3108372B6BFF35F8F0024F2
:102780004FF480603A4A0C70C2F8080123B9012363
:102790000B70BFF35F8F62B600224FF40074344BAE
:1027A000344832490261C3F818410A70196942611C
:1027B00041F0080119611969828141F00401196130
:1027C0001A6942F002021A612DE6334BBDE8F0416E
:1027D0001847274B2E4FD3F81C61264C3B88B4F882
:1027E0000CC0C6F30A569A199445ACBF1FFA82FC76
:1027F000ACEB0306A268B8BFB6B21A44002E00F0D4
:1028000012811F4B184601330078D9B2B14202F849
:10281000010BF7D3402EA7F800C067D06369A4F876
:102820000CC0002B3AD09847002837D10520202132
:102830004FF400720E4B2870C3F81411C3F818211E
:10284000F1E50C4C2369002B3FF4CEAE9847CBE664
:10285000052020214FF48052054B2870C3F8141135
:10286000C3F81821DFE500BF803600207C36002049
:1028700000400A40B036002004030020AF3600209C
:102880000000182008001820C50D08007A36002026
:1028900078360020450D0800392108004FF40071FA
:1028A00003226A4BC3F818112A70EFF3108472B632
:1028B000BFF35F8F002566484FF4806105704FF4C9
:1028C00000424FF40065C3F81811C3F81451C3F85F
:1028D0000411C3F81821C3F80421002C7FF4A3AD20
:1028E00001230370BFF35F8F62B69CE5594EE28807
:1028F000338863449A4291DDA389634500F0968052
:102900004FF400714FF48042504BC3F81811C3F8D4
:102910001821EFF3108072B6BFF35F8F00244C498B
:102920000C70C3F8042100287FF47DAD01230B70E7
:10293000BFF35F8F62B676E5EFF3108472B6BFF334
:102940005F8F4348444903708B7801338B70002CB0
:102950007FF479AD01230370BFF35F8F62B672E538
:10296000002302213B4C3D482380038029703C4AD0
:10297000BDE8F0411047EFF3108572B6BFF35F8FEB
:102980003348354904708B78013B8B70002D7FF400
:1029900033AD01230370BFF35F8F62B62CE50324D0
:1029A0000470EFF3108572B6BFF35F8F284C4FF4BD
:1029B000806023704FF400664FF40043C2F81801A2
:1029C000C2F81461C2F80401C2F81831C2F8043127
:1029D000002D7FF428AD2170BFF35F8F62B622E532
:1029E00003212970EFF3108472B6BFF35F8F4FF4A9
:1029F000806117484FF4006502704FF40042C3F83D
:102A0000181162E74FF40063164D1748C4F80831F7
:102A10000EEB4E0EC4F814313A462B4600EBCE00B6
:102A2000BDE8F0411847A7F800C0F7E66369002B3E
:102A30003FF4FCAE984700283FF4F8AE00223388FC
:102A400039883A800B4433805AE700BF00400A407F
:102A5000040300207A3600206836002078360020F3
:102A600039210800451F0800803600202DE9F0417B
:102A7000EFF3108672B6BFF35F8F0021294B2A4C0B
:102A80001A782170002A3BD00125284A1D201D708C
:102A90004FF00808904702274FF0040E4FF0100C3B
:102AA0002021234B1D201A6842F400621A601A6824
:102AB00022F400721A601A6942F010021A611A694F
:102AC00042F002021A611A6942F020021A611A6980
:102AD00042F008021A611A6942F004021A61C3F84E
:102AE0001880144AC3F818E0C3F818C09F619961B0
:102AF00090471EB92570BFF35F8F62B6BDE8F081C5
:102B0000EFF3108072B6BFF35F8F0B4922708A78A3
:102B100001328A700028B7D101222270BFF35F8F83
:102B200062B6B1E77636002004030020B51A08002B
:102B300000400A40D91A080068360020F8B5254B35
:102B40009847254B1D209847EFF3108672B6BFF3C8
:102B50005F8F00244FF0500E4FF0005C1F4A204D55
:102B6000117D204B21F00501117592F82C102C706D
:102B700021F0050182F82C101A681B4F42F4807274
:102B80001A6087F81DE3C7F800C0D3F8E0204FF4BF
:102B9000802022F00302C3F8E020144B9847144B26
:102BA0001C70EFF3108172B6BFF35F8F114A2C7067
:102BB000D3780133D37021B901232B70BFF35F8F1A
:102BC00062B60D4B984726B901232B70BFF35F8F78
:102BD00062B6F8BD9D1C0800B51A080080360020BA
:102BE0000403002000400A4000E100E0FD1A080054
:102BF00076360020683600206D2A080010B5164B86
:102C00001D209847154B1D201A68154942F4007283
:102C10001A601A6822F400621A608847114B1A7809
:102C200012B900221A7010BDEFF3108472B6BFF310
:102C30005F8F4FF0000C0C490C488A78013A8A707B
:102C400080F800C0002CECD101220270BFF35F8F2E
:102C500062B600221A7010BDB51A080000400A4082
:102C6000D91A0800763600206836002004030020B8
:102C7000024B586900F00100704700BF00400A4055
:102C8000084B00F07F001A6822F080021A601A6870
:102C900022F07F0202431A601A6842F080021A6032
:102CA000704700BF00400A40024B186800F07F00E8
:102CB000704700BF00400A40024B5868C0F3CA008A
:102CC000704700BF00400A40014B986099817047EF
:102CD000B036002000F00F02022A00D9704701210F
:102CE00038B5530103F1402505F520252B46541E28
:102CF000C5F80811D5F8005104EB4400074C25F045
:102D0000C00504EBC004C3F800512046044B9847AB
:102D1000237D6FF38203237538BD00BF803600200A
:102D2000451F080000F00F00430103F1402303F5A5
:102D30002023D3F81C319B0609D4064B013800EB45
:102D4000400003EBC000007DC0F38000704701200D
:102D5000704700BF8036002000F00F03022B2CD8F4
:102D600030B5254D590105EB431EDEF81C219206B6
:102D700021D4224C5A1E02EB420204EBC20C9CF8F6
:102D8000144014F0040216D1E40718D4020618D433
:102D90004FF40055202401F1402303F52023D3F8FC
:102DA0000821012022F00202C3F80821C3F81851BB
:102DB000C3F8144130BD012030BD002070471046DB
:102DC00030BDDEF81C2112F4402FE1D04FF48024F6
:102DD0004FF480729CF81410012041F004018CF82B
:102DE000141003F1080105EB41114C60296902FA46
:102DF00003F30B432B6130BD00400A4080360020B6
:102E000000F00F0002285AD870B500F1FF3C2D4C9D
:102E10000CEB4C0104EBC1010B7D4FEA4C025D074A
:102E200026D54FF480264FF4807E0B7D0EFA00FEEF
:102E30006FF382030B752449430101EB4015C5F87C
:102E40000861086920EA0E000861D5F81C118D069A
:102E500017D402EB0C0304EBC302117DDB00C8079F
:102E600004D56FF30001E35811759847012070BD38
:102E7000430103F1402101F52021D1F81C118906FD
:102E8000F4D503F1402101F52021D1F81C0186047D
:102E900006D54FF40050C1F818014020C1F81801C0
:102EA000202003F1402101F520210B46C1F8180133
:102EB000D1F8041141F00201C3F80411C9E7002060
:102EC000704700BF8036002000400A4000F00F002D
:102ED000022857D82DE9F0414FEA401C0CF1402C54
:102EE0000CF5202CDCF80C41E50748D5DCF81C413A
:102EF000A40644D4451E284E05EB450C06EBCC0C2D
:102F00009CF814406F0014F0040E38D1EFF31084D5
:102F100072B6BFF35F8FDFF8848088F800E09CF81A
:102F200014E01EF0010F29D19CF814E04EF0010EC0
:102F30008CF814E02CB9012488F80040BFF35F8FAF
:102F400062B64FF0000CDDF818E07C1946F834E06A
:102F500006EBC404C4E90123C4E903CC11B9B3FAF4
:102F600083F149097B1906EBC3031A7D61F3410222
:102F70001A750B4988470120BDE8F08124B1002073
:102F8000BDE8F08100207047012388F80030BFF3CE
:102F90005F8F62B62046F3E78036002004030020EE
:102FA000851F08002DE9F04F00F00F04022C85B0BA
:102FB00000F2D480650105F1402606F52026D6F8FA
:102FC0000C7117F0010740F0C98001F0030CBCF14F
:102FD000010F00F0C780ACF1020CBCF1010F00F250
:102FE000BD8012F4C05E40F0B980F44605F1402681
:102FF00006F52026D6F8003110F0800F18BF0827FC
:10300000090123F47F73B2F5806F01F0300023F0E3
:10301000030380F0BA80082A38BF08225200013A20
:10302000B2FA82F2C2F11C02BEF1000F01D040EAF6
:103030000C2003433B43134343F04003C6F80031E5
:10304000D6F80031002B80F289804FF0010C02236A
:1030500000255C4FC6F804C107EB4310D0F80C11F3
:103060005E1EC9074FEA431214D502F1402202F551
:103070002022D2F800115B00C0F808C1C1F3811111
:1030800001FA03F3D2F800112B4321F0C0019DB2E5
:10309000C2F80011F3B29C42DED94B4F04EB440658
:1030A000E0B2864607EBC60607E001345FFA84FE0D
:1030B000BEF1020F06F1180669D804F1FF3862006C
:1030C00008EB480C45FA02F207EBCC0C4FEA480338
:1030D00012F00302F3460CF110090393E5D06301EB
:1030E00003F1402303F52023D3F800119CF81400CA
:1030F00021F0C00141EA8212C3F800210122824678
:10310000C3F80421D3F800216FF3000A002A00F06D
:10311000010089F804A03FDAD3F8042142F002024A
:10312000C3F804210028C0D056E9033256F8101C19
:1031300056F814CC11449A1A46F80C2CCB1A624457
:1031400099F8041056F818CC7046CDF800C0C1F3B9
:103150004001DFF878C0E0470028A6D1002005B084
:10316000BDE8F08F002C3FF43CAF02F4C053B3F540
:10317000006F0ED0B3F5805F08BF4FF0030C22F450
:10318000C0524FF0010E92B230E707224CE7012007
:10319000E5E74FF0020CF2E7DCF80030002BDDD061
:1031A000084A08346401125901201207039A48BFE3
:1031B0004EF0800B424407EBC207F9685A46984725
:1031C000CCE700BF00400A4080360020CD2E08002A
:1031D0000021174B00F00F0203EB0213000610B49E
:1031E00099600AD4134C1448531E03EB430300EBBD
:1031F000C3000121234610BC1847530103F14023AB
:1032000003F52023D3F81C1111F4402FEAD04FF41A
:10321000007403F58A7CCCF80040D3F81C118905B2
:10322000FBD4D3F81C1111F4402FF4D1DAE700BF1E
:1032300000430A40451F080080360020074AD2F8A4
:10324000E03023F0030343F00203C2F8E030D2F889
:10325000E03043F00403C2F8E030704700400A4019
:10326000074AD2F8E03023F0030343F00203C2F828
:10327000E030D2F8E03043F00803C2F8E0307047A5
:1032800000400A40044AD2F8E03023F0030343F040
:103290000203C2F8E030704700400A402DE9F043D5
:1032A0008FB06E464FF00109EC46224FDFF8888060
:1032B0000FCF0FC60FCF0FC60FCF0FC697E8030073
:1032C00046F8040B3170C8F80891D8F80031CCF1F9
:1032D000005423F47F7323F0030343F06B03C8F817
:1032E0000031C8F80491D8F8E0304FF0000E23F018
:1032F000030343F00203C8F8E030D8F8E0300DAD26
:1033000043F0100304F5C014C8F8E03001E01CF8E5
:1033100001EFAC4504F80CE0F9D14FF480614FF4B3
:103320000062054BC3F81811C3F814210FB0BDE8B3
:10333000F08300BF90AF080000400A400346426996
:10334000920743BFC1F308010020D96101207047F3
:103350004369DB0705D583690020C3F308030B60CD
:1033600070470120704700BF013802281AD8DAB12F
:103370002DE9F0410D4614460C4FDFF83480561C01
:1033800001E0013C0BD03868D8F8003015F8011B7B
:1033900098470028A6EB0402F3DA4FF0FF321046FC
:1033A000BDE8F0814FF0FF3210467047CC36002068
:1033B000C8360020002301461A46184602F0E2BB38
:1033C00038B5084B084D5B1B9C1007D0043B1D44CF
:1033D000013C55F804399847002CF9D1BDE8384034
:1033E00007F0D6BFA0B308009CB3080070B50D4E1F
:1033F0000D4D761BB61006D0002455F8043B013461
:103400009847A642F9D1094E094D07F0B7FF761B40
:10341000B61006D0002455F8043B01349847A64264
:10342000F9D170BD88B3080088B3080090B30800D4
:1034300088B308000FB400B5074A83B004AB106826
:1034400053F8042B8168019301F0D4FC03B05DF8BC
:1034500004EB04B0704700BFB00300200EB400B509
:1034600082B003AB53F8042B8168019301F0C2FCD6
:1034700002B05DF804EB03B0704700BF844641EA38
:10348000000313F0030349D1403A23D30B680360D0
:103490004B6843608B688360CB68C3600B690361D2
:1034A0004B6943618B698361CB69C3610B6A0362BA
:1034B0004B6A43628B6A8362CB6AC3620B6B0363A2
:1034C0004B6B43638B6B8363CB6BC3634030403187
:1034D000403ADBD230320BD30B6803604B68436059
:1034E0008B688360CB68C36010301031103AF3D220
:1034F0000C3205D351F8043B40F8043B043AF9D2AE
:10350000043208D0D2071CBF11F8013B00F8013B80
:1035100001D30B8803806046704700BF082A13D38D
:103520008B07B1D010F00303AED0C3F10403D21A5D
:10353000DB071CBF11F8013B00F8013BA4D331F8B5
:10354000023B20F8023B9FE7043AD9D3013A11F835
:10355000013B00F8013BF9D20B7803704B784370C4
:103560008B78837060467047830730B548D0541E0F
:10357000002A3FD00346CAB201E0013C3AD303F827
:10358000012B9D07F9D1032C2DD9CDB245EA052594
:103590000F2C45EA054536D9A4F1100222F00F0C94
:1035A00003F1200EE6444FEA121C03F1100242E937
:1035B000045542E9025510327245F8D10CF101026E
:1035C00014F00C0F03EB021204F00F0C13D0ACF14B
:1035D000040323F003030433134442F8045B9342CF
:1035E000FBD10CF003042CB1CAB21C4403F8012B2C
:1035F0009C42FBD130BD64461346002CF4D1F9E760
:1036000003461446BFE71A46A446E0E700294FF4F4
:1036100080630CBF0222002200F000B82DE9F043C5
:10362000594C0E46D4F80080174604461D4683B018
:10363000B8F1000F03D0D8F83830002B66D0022F35
:1036400005D0012F00F28D80002DC0F28A80214626
:10365000404603F061FB216B41B104F14003994204
:1036600002D0404603F072FD002323630023B4F927
:103670000CC0A3611CF0800F636050D12CF44A6C25
:103680002CF0030C022FA4F80CC056D001AB21463D
:1036900040466A4604F0D6F8A3891843A08115B3C2
:1036A00016B3D8F838306BB3009BC4E90465AB425D
:1036B000B4F90C3026601CBF43F40063A381012FD2
:1036C00004BF43F00103A38198B213F0080321D093
:1036D00010F0010041D0002210466D42A561A260A9
:1036E00003B0BDE8F083009D284604F0DBF80646F1
:1036F000002839D0A38943F08003A381D8F838305B
:10370000002BD1D1404603F02FFCCDE7404603F01B
:103710002BFC94E71846A36003B0BDE8F083404655
:10372000216903F013FDB4F90CC0022F2CF44A6C8C
:103730002CF0030CA4F80CC0A8D100200021012219
:1037400004F143034CF0020CA4F80CC02360236185
:10375000A160626103B0BDE8F083A56003B0BDE87D
:10376000F0834FF0FF30D7E7DDF80090A94504D093
:10377000484604F097F8064620B94FF0FF30B4F9F8
:103780000CC0DBE74D46B5E7B00300200CB430B504
:103790000C466FF000459DB00A4A20AB059253F8E5
:1037A000042B02A9CDE9013407950495069400F095
:1037B0008FF80022029B1A701DB0BDE8304002B0A5
:1037C000704700BF0802FFFF0EB430B504466FF02B
:1037D00000459CB00B4A1FAB0B49059253F8042BD4
:1037E000086802A9CDE9013407950495069400F014
:1037F0006FF80022029B1A701CB0BDE8304003B085
:10380000704700BF0802FFFFB003002020F0030153
:1038100010F00300C0F1000051F8043B00F1040C6B
:103820004FEACC0C6FF000021CBF22FA0CF21343DB
:103830004FF0010C4CEA0C2C4CEA0C4CA3EB0C02A4
:1038400022EA030212EACC1204BF51F8043B04300E
:10385000F4D0C2F1000102EA0102B2FA82F2C2F12E
:103860001F0200EBD200704730B540EA0104A30705
:1038700022D1032A20D90B468446194653F8045B0B
:10388000A5F1013424EA050414F0803F15D1043A6F
:10389000032A19464CF8045BEFD801F1FF3E52B100
:1038A00063461EF8011F541E03F8011B41B1224656
:1038B0009C46002AF4D130BD844601F1FF3EEEE77C
:1038C0006244002CF7D003F8011B9342FBD130BDBA
:1038D0002DE9F04FBFB088469146CDE90D0303F0C6
:1038E00039FF036818461593FFF790FFB8F80C30BE
:1038F0001490180604D5D8F81030002B00F0D086AC
:1039000000232EAA19469246CDE922332192129322
:1039100000220023CDE91023139116910A9199F802
:103920000030002B00F080814C4604E014F8013F89
:10393000002B00F0C780252BF8D1B4EB090540F02F
:10394000C5802378002B00F06F8100234FF0FF32F9
:1039500018469B466578099204F101098DF8673095
:103960000B9309F10109A5F12002582A00F2D58034
:10397000DFE812F04C02D300D3005202D300D30090
:10398000D300D300D300D30000024702D3000A02C1
:103990000F02D30042025900590059005900590042
:1039A0005900590059005900D300D300D300D30067
:1039B000D300D300D300D300D300D3002902640185
:1039C000D3006401D300D300D300D3005702D30047
:1039D000D3007900D300D300D300D300D300680014
:1039E000D300D3006A02D300D300D300D300D300A6
:1039F000D300D300D300D300D3005C02C401640120
:103A0000640164018B02C401D300D3000003D3001E
:103A1000EA027B00CE02C902D300A702D3006A00EB
:103A2000D300D30090020021A5F1300219F8015B08
:103A300001EB810102EB4101A5F13002092AF5D920
:103A40000B9190E74BF0100B1BF0200100F0488128
:103A50000E9B073323F007031A4652F8080B5968E8
:103A60000E9201230FE04BF0100B1BF0200100F031
:103A70002A810E9B073323F007031A465968002357
:103A800052F8080B0E9200248DF86740099A561CD4
:103A900000F07F822BF08006079650EA010640F086
:103AA0007682002A40F0FE82002B40F007851BF052
:103AB00001030C9300F0918530230DF1B7068DF8CA
:103AC000B7308BE2B4EB090500F0AE80239BCAE966
:103AD00000952B442393229B0133072B229305DC73
:103AE0000AF1080A0A9B2B440A932AE741460D98DB
:103AF00021AA05F0CFFA18B90DF1B80AF2E7B046DD
:103B0000B8F80C3013F0400F0A9B18BF4FF0FF338A
:103B10000A930A983FB0BDE8F08F002B40F0CF87A2
:103B2000002D00F0818000238DF8673001238DF88F
:103B30009050089324AE0C930023CDF81CB0099349
:103B40000F93079B13F0020302D0089A02320892E7
:103B5000079A12F0840B05D10B9A0899571A002F77
:103B600000F39583239C9DF8672082B10122CAF857
:103B70000420229A013401320DF16701072A2394AF
:103B80002292CAF8001000F3DA830AF1080A7BB126
:103B90000223CAF80430229B023401331AAA072BED
:103BA00023942293CAF8002000F3BD830AF1080A87
:103BB000BBF1800F00F09282099B0C9AA3EB020BE1
:103BC000BBF1000F00F3CD82079BDF0500F10F82F0
:103BD0000C9BCAF800601C44CAF80430229B239452
:103BE0000133072B229300F346830AF1080A079B4F
:103BF0005B0705D50B9B089A9D1A002D00F3AD833A
:103C0000DDE90A3208998A42ACBF9B185B180A9317
:103C1000002C40F0E1820023229399F800300DF14E
:103C2000B80A002B7FF480AE239B002B3FF468AFD3
:103C300041460D9821AA05F02DFA61E7002B40F0CE
:103C4000EA870E9B073323F00702F2E80234CDE93E
:103C50001034DDE9103424F000441E4618460E925C
:103C600021464FF0FF32B34B06F0A6FF002840F08C
:103C7000B684304621464FF0FF32AE4B06F07EFF51
:103C8000002840F0AC84DDE910010022002306F09A
:103C90006BFF002840F0EB869DF86740032200216F
:103CA0002BF08003A44E0793A44BCDE90821472DA8
:103CB000C8BF1E460C920F91002C3FF442AF089BE8
:103CC000013308933DE71BF0100348D11BF040017E
:103CD00045D00E9A194652F8040B0E9280B2D2E6E5
:103CE0001BF010030E9A40D11BF040013DD052F85A
:103CF000040B19460E92012380B2C4E6002B40F05B
:103D000086871BF0200F0E9B66D0073323F0070336
:103D10001A465B6852F8080B19460E92002BC0F247
:103D20003384099B013300F070852BF080030793E7
:103D300050EA01039DF8674000F0BC83DDF81CB039
:103D40000A2871F1000380F00185012330308DF8DD
:103D5000B700CDF81CB00C930DF1B7063EE10E9BF9
:103D600053F8040B0E930B468DE652F8040B012317
:103D70000E9288E60E9A52F8041B00290B910E92BF
:103D800047DA0B9A52420B9299F800504BF0040B11
:103D9000E7E5494611F8015B2A2D00F0C187A5F13E
:103DA0003002092A894698BF002100F24F8719F88E
:103DB000015B01EB810102EB4101A5F13002092A0F
:103DC000F5D90991CFE5002B40F01A874BF0100B85
:103DD0001BF0200F0E9B98D153F8040B1BF0100F13
:103DE0000E9340F0CC831BF0400F00F0C88340F3EB
:103DF000C0310B4600B291E799F800504BF0800BB0
:103E0000AFE501232B2099F80050AAE5002800F027
:103E10002B8499F80050A4E599F800504BF0010B61
:103E20009FE599F800504BF0080B9AE5002201211C
:103E30000E9B8DF8672053F8042B08918DF8902085
:103E40000E9324AE0C9177E6002B40F0E8863C4BB5
:103E50001BF02001139325D00E9B073323F007039B
:103E6000596853F8080B0E931BF0010F0BD050EA62
:103E7000010308D030238DF869508DF868304BF07D
:103E8000020B0223FFE50223FDE599F800504BF0F9
:103E9000400B66E5002B40F0AB862A4B1BF020015F
:103EA0001393D9D11BF0100340F064831BF0400141
:103EB00000F060830E9A194652F8040B0E9280B2FD
:103EC000D2E700270E9C099B54F8046B8DF86770AD
:103ED000002E00F0D3845A1C00F01A841A4639468A
:103EE000304603F0B5FF002800F07686831B0C9364
:103EF00023EAE3730E9409979DF86740CDF81CB050
:103F000008930F97D8E699F800504BF0200B28E55E
:103F1000302278250E9B8DF8682053F8040B094A4F
:103F20000E93002102234BF0020B8DF8695013927F
:103F3000A9E500BFFFFFEF7FCCAF0800D0AF0800BE
:103F4000F0AF0800DCAF0800002B40F055861BF0F6
:103F5000200F40F08F831BF0100F40F0E9831BF01F
:103F6000400F00F0E5830E9B0A9953F8042B118053
:103F70000E93D4E499F800506C2D03BF99F80150CA
:103F80004BF0200B09F101094BF0100BE9E4DDF8CF
:103F90001CB0012B3FF4D4AE022B00F08B802EAE70
:103FA00000F00703C00840EA4170C908303350EA06
:103FB0000107324606F8013DF2D11BF0010F00F077
:103FC0008780302B00F084803023023A06F8013CD1
:103FD00016462EAB9B1ACDF81CB00C93099B0C9A7D
:103FE0009342B8BF1346089300230F9364E6652DF0
:103FF00040F3FB80DDE910010022002306F0AAFD5A
:10400000002800F0E4810123CAF80430229BA84A6A
:1040100001330134072B23942293CAF8002000F3C4
:1040200006840AF1080A1B9B129A934203DB079B42
:10403000D8077FF5DCAD149B159A1C44CAE9002310
:10404000229B23940133072B229300F30A840AF165
:10405000080A129B5D1E002D7FF7C9AD102D40F39D
:10406000D8831026229B934FDDF834B005E00AF187
:10407000080A103D102D40F3CE8301331034072B76
:10408000CAE90076CDE92234F1DD4146584621AA3D
:1040900005F000F800287FF433ADDDE922340DF19E
:1040A000B80AE6E7012B00F05B85022BDDF81CB0B7
:1040B0007FF475AF139A2EAE00F00F03D35C0009A6
:1040C00040EA0170090906F8013D50EA0103F3D105
:1040D0002EAB9B1BCDF81CB00C937FE70B9B089A73
:1040E000A3EB020BBBF1000F7FF766ADBBF1100F26
:1040F00040F3B38521461023229A6E4F0D9C06E0B3
:10410000ABF1100BBBF1100F0AF1080A1ADD0132F6
:104110001031072ACAE90073CDE92221F0DD4146BA
:10412000204621AA04F0B6FF00287FF4E9ACDDE9BF
:104130002221ABF1100BBBF1100F4FF010030DF16A
:10414000B80AE4DC0C4601325C44072ACDE922249B
:10415000CAF80070CAF804B000F376830AF1080ABE
:104160002AE5BBF1100F40F36D8421461023229AFB
:10417000504F0D9C06E0ABF1100BBBF1100F0AF194
:10418000080A1ADD01321031072ACAE90073CDE9A5
:104190002221F0DD4146204621AA04F07BFF0028C1
:1041A0007FF4AEACDDE92221ABF1100BBBF1100FB7
:1041B0004FF010030DF1B80AE4DC0C4601325C4408
:1041C000072ACDE92224CAF80070CAF804B000F327
:1041D000C4810AF1080AF7E441460D9821AA04F0C7
:1041E00059FF00283FF417AD8AE4129B012B40F3DE
:1041F0006A810123229D01341D44072DCAF8006005
:104200002394CAF80430229500F3C8810AF1080A01
:10421000149B0135159A1C44072DCAE90023CDE9EA
:10422000225400F3CD810AF1080A0022DDE91001D1
:10423000002306F08FFC002840F06381129B0135BB
:10424000013B01361C44072DCAF800602295CAF8CC
:104250000430239400F348810AF1080A169B0135C3
:104260001C44CAF80430072D1DABCDE92254CAF80E
:1042700000307FF7BAAC41460D9821AA04F00AFF3E
:1042800000287FF43DAC239C0DF1B80AAFE4102F59
:1042900040F39E84DDE922211793102453460846FB
:1042A000CA46B1464646B8462F460D9D0BE000BFB4
:1042B0000CB0080020B00800A8F11008B8F1100FE9
:1042C00003F1080318DD0132BB491030072AC3E9A6
:1042D0000014CDE92220EFDD3146284621AA04F062
:1042E000D9FE00287FF40BACDDE92220A8F11008EC
:1042F000B8F1100F2EABE6DC01463D464746B0460E
:104300004E46D1469A46179B7C180132AA49072A85
:10431000CDE92224CAF80470CAF8001000F36682BE
:104320000AF1080A1FE441460D9821AA04F0B2FEE2
:1043300000287FF4E5AB239C0DF1B80A38E4414630
:104340000D9821AA179304F0A5FE00287FF4D8AB9E
:10435000239C179B0DF1B80A19E4102D40F35484E7
:104360001026229B0D9F04E0103D102D0AF1080A33
:1043700017DD0133904A1034072BCAE90026CDE936
:104380002234F1DD4146384621AA04F083FE00289C
:104390007FF4B6ABDDE92234103D102D0DF1B80AE3
:1043A000E7DC0133844A2C44072BCDE92234CAF8D8
:1043B0000450CAF800207FF723AC41460D9821AA8B
:1043C00004F068FE00287FF49BAB239C18E41B9943
:1043D000002940F3D781129F0F9B9F42A8BF1F4621
:1043E000002F0BDD229B3C440133072BCAE90067F9
:1043F0002394229300F3CB830AF1080A0F9D002F28
:10440000A8BFED1B002D00F35B811B9D129B9D42FD
:1044100080F23A81149B159A1C44CAE90023229B1E
:1044200023940133072B229300F326830AF1080A11
:10443000129B0F9A5D1B9F1AAF42A8BF2F46002FF9
:104440000EDD229B164401333C44072BCAF8006062
:10445000CAF804702394229300F3A5830AF1080A92
:10446000002FA8BFED1B002D7FF7C1AB102D40F32F
:10447000D0811026229B514FDDF834B005E00AF1BF
:10448000080A103D102D40F3C68101331034072B6C
:10449000CAE90076CDE92234F1DD4146584621AA29
:1044A00004F0F8FD00287FF42BABDDE922340DF198
:1044B000B80AE6E7099B002B40F0528300232EAE9A
:1044C00009930C938AE5079BDA073FF592AE012327
:1044D000229D01341D44072DCAF800602394CAF8B8
:1044E000043022957FF7B8AE41460D9821AA04F01A
:1044F000D1FD00287FF404ABDDE922540DF1B80AA8
:10450000ACE6129B5E1E002E7FF7A8AE102E40F385
:104510000284CDF824904FF0100BC146274FDDF8F0
:10452000348005E00AF1080A103E102E40F3E381C2
:1045300001351034072DCAE9007BCDE92254F1DDA5
:104540004946404621AA04F0A5FD002840F0828398
:10455000DDE922540DF1B80AE6E741460D9821AA9B
:1045600004F098FD00287FF4CBAA239C0DF1B80A33
:10457000FFF72ABB0E9B53F8040B0E9374E4C1178C
:104580000B46002BBFF6CDAB2D2440424FF001036C
:1045900061EB41018DF86740FFF778BA41460D980D
:1045A00021AA04F077FD00287FF4AAAADDE92254AD
:1045B0000DF1B80A2CE600BF10B0080020B00800CA
:1045C00041460D9821AA04F065FD00287FF498AAC1
:1045D000DDE922540DF1B80A27E62EAEFEE4DDE94E
:1045E000100102460B4606F0E7FA002840F07183FE
:1045F000099B013300F0E68225F02003472B0C9342
:1046000000F09E80DDE910124BF48073171E0793B3
:10461000C0F23F82109B089300231793662D00F091
:104620007981462D00F0768102210C9B0091452B6B
:1046300008BF099B1FA918BF099C04911CA908BFAA
:104640005C1C03911BA93B46089A0D9801940291AA
:1046500001F06CFB672D064640F08F821BF0010FC6
:1046600000F0A08134446CE10123202099F800502F
:10467000FFF777B90E9B0A9853F8041BC217C1E9DC
:1046800000020E93FFF74BB9079BD9073FF5C2AE67
:10469000129B0F9A5D1B9F1AAF42A8BF2F46DFE601
:1046A00040210D9803F00EF9C8F80000C8F810007A
:1046B000002800F04D834023C8F81430FFF720B9DC
:1046C000102D40F32A83B44F09963A464FF0100B51
:1046D0004746229B90460D9E05E00AF1080A103DD0
:1046E000102D40F3B38101331034072BCAE9008B3E
:1046F000CDE92234F1DD3946304621AA04F0CAFC66
:10470000002840F0C782DDE922340DF1B80AE6E75F
:1047100030460E940997CDF81CB0FFF777F820EAE1
:10472000E0739DF867400C900F970893FFF7C4BAA9
:104730000E9B0A9953F8042B11600E93FFF7EFB804
:10474000099B002B08BF012309935BE72EAE079559
:104750000A22002307460D4606F06CFA3032002389
:1047600006F8012D384629460A2206F063FA0A2F78
:1047700075F10003ECD22EAB9B1B079D0C93CDF87B
:104780001CB02BE40123CAF80430229B834A013376
:104790000134072B23942293CAF8002000F3808170
:1047A0000AF1080A002972D1079B129A03F001034B
:1047B00013433FF41CAA149B15991A19CAE9001354
:1047C000229B23920133072B229300F37C810AF171
:1047D000080A129901338C18072BCDE92234CAF844
:1047E0000060CAF804107FF700AA44E541460D981E
:1047F00021AA179304F04EFC00287FF481A9239C82
:10480000179B0DF1B80AFFF7AEB99DF86740FFF7A7
:1048100097BA229B604F01332C44072BCAF80070D3
:10482000CAF80450CDE922347FF7DFA923E54146D9
:104830000D9821AA04F02EFC00287FF461A9239C86
:104840000DF1B80AFFF7EFBB41460D9821AA04F01D
:1048500021FC00287FF454A9239C0DF1B80AFFF72E
:10486000ABB941460D9821AA04F014FC00287FF44E
:1048700047A9239C0DF1B80AFFF7EBBB062B28BF15
:104880000623474E0C930E940893FFF755B9149BDB
:1048900015981A19CAE90003229B23920133072BAA
:1048A000229300F310810AF1080A002991DA4D429F
:1048B000103180F2D6811024374FDDF834B005E096
:1048C0000AF1080A103D102D40F3CC81013310325B
:1048D000072BCAE90074CDE92232F1DD4146584682
:1048E00021AA04F0D7FB00287FF40AA9DDE92232CF
:1048F0000DF1B80AE6E7C846DDF8249001353444E6
:10490000072DCDE92254CAF80070CAF804607FF779
:10491000A3ACE9E50321DDE9082400911FA9049176
:104920001CA903911BA93B4601940D98029101F02B
:10493000FDF9064633780419302B00F0AE811B9B3D
:104940001C44394600220023089806F003F9002889
:1049500040F0B3801F9BA34206D230215A1C1F9205
:1049600019701F9B9C42F9D89B1B12930C9B472BE1
:104970001FD0662D40F0F4811B9B0BF0010B002B28
:104980000F9340F3F18009995BEA010240F09381B3
:104990000F9B08930C9323E020B008000CB0080094
:1049A00004B008001F9B9B1B12930C9B472B40F0ED
:1049B000D7811B9BD91C0F931DDB099A93421ADCEC
:1049C0000F9B129A9342C0F22E811BF0010F1EBF63
:1049D0000F9B149A9B180C93672523EAE3730893A3
:1049E000179B002B00F0CD802D238DF8673000231E
:1049F0000993FFF764B9023D0F9A8DF87450531E66
:104A0000002BA8BF2B221B93BCBFC2F101032D2298
:104A1000092B8DF8752070DC30338DF8773030231A
:104A20008DF8763004231693129A169B012A1344AC
:104A30000C9340F348810C9B149A134400220C936E
:104A40000F92CAE7229ABE4FFFF7B8BB4246B8465C
:104A50001746099E01332C44072BCDE92234CAF8AE
:104A60000070CAF804503CDC0AF1080ACDE42D2499
:104A70008DF86740FFF712B941460D9821AA04F05E
:104A800009FB00287FF43CA81B9D239C0DF1B80A6C
:104A9000CEE414462D220891179204F10047BDE59B
:104AA00041460D9821AA04F0F5FA00287FF428A8C1
:104AB0001B99239C0DF1B80A74E6234654E78DF840
:104AC0006700FFF72DB841460D9821AA04F0E2FADD
:104AD00000287FF415A8DDE922321B990DF1B80AF0
:104AE000E3E641460D9821AA04F0D4FA00287FF4A9
:104AF00007A8239C0DF1B80A87E40DF1830C6246E8
:104B0000904F1C46104687FB0312D917C1EBA20138
:104B100001EB8102A3EB42023032632C00F8012C3E
:104B20000B4600F1FF32ECDC3033D9B2831E9C45DA
:104B300002F8011C40F2008113460DF1760201E0FB
:104B400013F8011B9C4502F8011BF9D10DF18503F7
:104B50000DF176021B1A13441DAA9B1A169363E7E4
:104B6000DDF81CB0FFF7F1B8099A5BEA020340F0E8
:104B7000CA80012308930C9332E7472D3FF46EADB2
:104B800070E5179B9DF867400993FFF795B841467C
:104B90000D9821AA04F07EFA00287EF4B1AF239C80
:104BA0000DF1B80A2AE441460D9821AA04F072FAE0
:104BB00000287EF4A5AF1B9D129B239C0DF1B80A23
:104BC0005D1B4DE40623099325F020030C9319E5A2
:104BD000DDE92221FFF798BB099B0E94CDF81CB0AC
:104BE0009DF8674008930C9309900F90FFF764B805
:104BF0008DF86700FFF751B98DF86700FFF7A7B987
:104C00008DF86700FFF7E2B8229BFFF7CABB8DF86B
:104C10006700FFF776B88DF86700FFF712B88DF8D8
:104C20006700FFF714B9149A129B13440F9A0C9360
:104C3000002A3FF7D1AE0F9B0C9AC3F101031A442F
:104C400022EAE27367250C920893C9E600220992D2
:104C5000FEF789BEC846FEF753BF229A384FFFF7CA
:104C600072BA374F01332A44072BCDE92232CAF8F2
:104C70000070CAF804507FF7AAAD41460D9821AAEA
:104C800004F008FA00287EF43BAFDDE922320DF192
:104C9000B80A9EE5B846FEF733BF39460022002326
:104CA000089805F057FF00287FF449AE099BC3F12F
:104CB00001031B9344E6149A1344194421EAE17357
:104CC0000C9108938CE61BF001020F927FF4B3AEB7
:104CD00083E6119B0322002BB8BF2D244FF0000167
:104CE0002BF08003184E0793184BACBF9DF867401C
:104CF0008DF86740CDE90821472DC8BF1E460C92AC
:104D00000F91FEF7D9BF149B01331A4422EAE273D4
:104D10000C92089364E60A4FF0E5229B084F99E64F
:104D20000E9A99F80150894652F8041B0E9241EAF6
:104D3000E1720992FEF715BE0223169374E600BFD6
:104D400020B0080067666666D4AF0800D8AF0800D8
:104D50004FF0FF320C230A920D9A1360FEF7D9BE72
:104D60001B9B0F9348E600BF2DE9F84F4B6E904612
:104D70009C042DD59368126843B38B46064602F116
:104D8000080959E9025A5FEA9A0715D00024043D40
:104D900001E0A7420ED05A46304655F8041F02F0F3
:104DA00053F9431C04F10104F3D10023C8E9013392
:104DB000BDE8F88FD8F808302AF0030AA3EB0A03FD
:104DC000C8F8083009F10809002BDAD10020ECE717
:104DD00002F0BCFA0023C8E90133BDE8F88F00BF38
:104DE00010B494680CB110BCBEE72046546010BCEF
:104DF000704700BF2DE9F04FABB01C468846174600
:104E00008346069318B1836B002B00F02482B8F917
:104E10000C1088048AB20AD4D8F8643041F40052E5
:104E200023F40053A8F80C20C8F8643092B213079A
:104E300040F1A480D8F81030002B00F09F8002F0E1
:104E40001A020A2A00F0A8801AAB0D930023CDE9BC
:104E50000E330DF16809099305933B78002B00F0A0
:104E60000F813C4604E014F8013F002B00F0EA807B
:104E7000252BF8D1E51B40F0E7802378002B00F0CC
:104E8000FF804FF0000200218DF82F204FF0FF32FD
:104E900008468A466378671C029204910137A3F1A1
:104EA0002002582A00F2F980DFE812F02C02F70005
:104EB000F7003102F700F700F700F700F700F700FE
:104EC000E3012802F700ED01F101F7002402590087
:104ED000590059005900590059005900590059000A
:104EE000F700F700F700F700F700F700F700F7000A
:104EF000F700F7000B02F700F700F700F700F700E4
:104F0000F700F700F700F700F7009500F700F7004B
:104F1000F700F700F7008400F700F7004302F700FE
:104F2000F700F700F700F700F700F700F700F700C9
:104F3000F7003502A601F700F700F7008402A6018A
:104F4000F700F7007A02F70064029700C402C0027B
:104F5000F7009F02F7008600F700F70088020024A0
:104F6000A3F1300217F8013B04EB840402EB440484
:104F7000A3F13002092AF5D9049490E74146584636
:104F800000F096FD002840F03785B8F80C2002F0BC
:104F90001A020A2A7FF458AFB8F90E30002BFFF638
:104FA00053AF23463A46414658462BB0BDE8F04F32
:104FB00000F048BD4AF0100A1AF0200100F00E81FE
:104FC000069B073323F007031A4652F8080B59686B
:104FD000069201230FE04AF0100A1AF0200100F0B7
:104FE000F080069B073323F007031A465968002315
:104FF00052F8080B06924FF000028DF82F20002285
:105000000792029A541C00F028822AF0800401942E
:1050100050EA010440F01F82002A40F08F84002BE8
:1050200040F00B841AF00103039340F033841AAC70
:10503000DDE902639E42B8BF1E46079B002B3ED0AF
:1050400001363CE0E51B1BD00E9B0F9A01332A442E
:10505000072BC9E900750F920E9305DC09F10809C9
:10506000059B2B44059308E7002A00F0CD834146B9
:1050700058460DAAFFF778FE30B90DF16809EFE741
:105080000F9B002B40F08284B8F80C305B0600F1D7
:10509000B38405982BB0BDE8F08F002940F07284EE
:1050A000002BEDD001268DF840304FF0000310ACFE
:1050B0008DF82F3003960023CDF804A00293019BB6
:1050C00013F002030793019B18BF023613F0840309
:1050D000089304D1049B9D1B002D00F3D782DDE9CA
:1050E0000E0200F1010C9DF82F3083B10120013236
:1050F0000DF12F03BCF1070FCDE90EC2C9E9003055
:1051000000F3A482604609F108090CF1010C079B29
:10511000E3B102230232C9F80430BCF1070F0CAB33
:10512000CDE90EC2C9F8003040F3AA82002A00F08F
:105130006583414658460DAAFFF716FE0028A3D105
:10514000DDE90E020DF1680900F1010C089B802BCE
:1051500000F0C481DDE902315D1A002D00F31982EF
:10516000039BBCF1070F1A44CDE90EC2C9F80040F9
:10517000C9F8043040F3AF81002A00F0D1824146E3
:1051800058460DAAFFF7F0FD00287FF47DAF0F9A77
:105190000DF16809019B590704D5049B9C1B002C49
:1051A00000F3C882DDE90413B142ACBF5B189B1960
:1051B0000593002A40F0358200230DF168090E9313
:1051C0004BE61AF0100349D11AF0400146D0069A76
:1051D000194652F8040B069280B20CE71AF010033D
:1051E000069A41D11AF040013ED052F8040B1946FC
:1051F0000692012380B2FEE6002940F0EF831AF008
:10520000200F069B66D0073323F007031A465B681E
:1052100052F8080B19460692002BC0F20383029B3A
:10522000013300F087839DF82F302AF0800A07931E
:1052300050EA010300F051830A2871F1000380F065
:105240000E83012330308DF86700CDF804A003935E
:105250000DF16704ECE601F087FED8E5069B53F8F4
:10526000040B06930B46C6E652F8040B0123069284
:10527000C1E6069B53F8042B002A0492069344DAF5
:10528000049B5B4204933B784AF0040A06E63C46E2
:1052900014F8013B2A2B00F0B783A3F13002092A4E
:1052A000274698BF002400F2898317F8013B04EBDE
:1052B000840402EB4404A3F13002092AF5D90294D4
:1052C000EDE5002940F084834AF0100A1AF0200F1F
:1052D000069B98D153F8040B1AF0100F069340F078
:1052E0009C821AF0400F00F0988240F3C0310B46C8
:1052F00000B291E73B784AF0800ACFE501212B20EC
:105300003B78CBE5002800F0DC823B78C6E53B78B3
:105310004AF0010AC2E54FF000020126069B8DF813
:105320002F2053F8042B10AC8DF8402006930396E1
:10533000C1E6002940F04983BE4A1AF020010992D3
:1053400044D0069A073222F00702516852F8080B3F
:1053500006921AF0010F0BD050EA010208D08DF826
:10536000313030234AF0020A8DF83030022342E611
:10537000022340E6002940F02E831AF0200F40F06F
:1053800096821AF0100F40F0CD821AF0400F00F014
:10539000C982069B059953F8042B118006935CE59E
:1053A0003B786C2B03BF7B784AF0200A01374AF028
:1053B000100A73E53B784AF0400A6FE5002940F097
:1053C00001839D4A1AF020010992BAD11AF0100205
:1053D00040F01E821AF0400100F01A82069C11462D
:1053E00054F8040B069480B2B3E74FF00003069D17
:1053F0008DF82F3055F8044B002C00F0A582029B4D
:105400005E1C00F073821A460021204602F020FD47
:10541000002800F0C982031B0393002302939DF828
:105420002F300695CDF804A0079301E63B784AF0AB
:10543000200A33E530228DF830207822069B8DF843
:10544000312053F8040B7C4A0693002102234AF0D2
:10545000020A0992CFE5DDF804A0012B3FF4ECAE7F
:10546000022B1AAC12D1099A00F00F03D35C000989
:1054700040EA0170090904F8013D50EA0103F3D143
:105480001AAB1B1BCDF804A00393D1E500F0070372
:10549000C00840EA4170C908303350EA010522468D
:1054A00004F8013DF2D11AF0010FE9D0302BE7D01A
:1054B0003023023A04F8013C1AAB9B1A1446CDF88B
:1054C00004A00393B4E50123039A1A940E931B924C
:1054D0000F920DF1680909F108095BE6049B9D1B19
:1054E000002D7FF737AE102D40F38B82DFF84CA1F3
:1054F000014650461023A246044607E001F1020C83
:10550000014609F10809103D102D1DDD481C10321F
:105510000728C9E90043CDE90E02EFDD002A00F0BB
:105520008F80414658460DAAFFF71EFC00287FF4E5
:10553000ABADDDE90E12103D102D4FF010030DF153
:10554000680901F1010CE1DC234654469A462A44DD
:10555000BCF1070FCDE90EC2C9F800A0C9F804508C
:1055600040F39F81002A00F0FB81414658460DAA76
:10557000FFF7FAFB00287FF487ADDDE90231DDE9B2
:105580000E025D1A002D0DF1680900F1010C7FF784
:10559000E7AD102D40F3E181DFF8A0A001465046B1
:1055A0001023A246044607E001F1020C014609F16E
:1055B0000809103D102D1BDD481C10320728C9E9D1
:1055C0000043CDE90E02EFDD2AB3414658460DAA4D
:1055D000FFF7CAFB00287FF457ADDDE90E12103D3E
:1055E000102D4FF010030DF1680901F1010CE3DCFF
:1055F000234654469A462A44BCF1070FCDE90EC211
:10560000C9F800A0C9F8045000F3E38009F10809C3
:105610000CF1010CA4E54FF0010C11460DF16809E5
:10562000C7E7414658460DAAFFF79EFB00283FF406
:10563000C3AD29E5F0AF0800DCAF080040B00800BA
:105640004FF0010C11460DF168095CE7002A00F0EB
:10565000D280414658460DAAFFF786FB00287FF40A
:1056600013ADDDE90E020DF1680900F1010C4EE504
:1056700002224FF0010C0CAB1A930DF168091B923A
:10568000604609F1080900F1010C5FE5102D40F3B7
:10569000A881DDE90EC2DFF804A31023504661465D
:1056A000A246044607E001F1020C014609F108098F
:1056B000103D102D1BDD481C10320728C9E900439E
:1056C000CDE90E02EFDD2AB3414658460DAAFFF799
:1056D0004BFB00287FF4D8ACDDE90E12103D102DF5
:1056E0004FF010030DF1680901F1010CE3DC2346D2
:1056F000604654469A462A440728CDE90E02C9F866
:1057000000A0C9F8045000F39D8009F1080900F1D8
:10571000010CE8E411464FF0010C0DF16809C7E7F0
:10572000019B0E9258074CD5049B9C1B002C48DD16
:105730000DF16809102C40F35A81DFF860A21025A2
:1057400053460E99B2461E4606E0881C194609F1DA
:105750000809103C102C19DD4B1C1032072BC9E92D
:105760000065CDE90E32F0DD32B3414658460DAA50
:10577000FFF7FAFA00287FF487ACDDE90E12103C3F
:10578000102C0DF1680901F10100E5DC33465646A5
:105790009A4622440728C9E900A4CDE90E027FF702
:1057A00001AD72B1414658460DAAFFF7DDFA002857
:1057B0007FF46AAC0F9AF5E4012011460DF16809F7
:1057C000C7E7DDE90423B242ACBF9B189B190593E0
:1057D000F2E4002A3FF477AE414658460DAAFFF79F
:1057E000C3FA00287FF450AC0E9B0F9A0DF16809A4
:1057F00003F1010CB4E4079B002B67D14FF0010CBF
:1058000010460DF16809A1E40E920DF1680927E434
:10581000069A52F8040B06929BE5C1170B46002B23
:10582000BFF6FDAC2D2240424FF0010361EB410178
:105830008DF82F200792FFF7E4BB029B1AAC03936D
:10584000FFF7F6BB002A5FD0414658460DAAFFF786
:105850008BFA00287FF418AC0DF168093FE41AAC0C
:105860000A22002306460D4605F0E4F930320023F3
:1058700004F8012D304629460A2205F0DBF90A2EEC
:1058800075F10003ECD21AAB1B1BCDF804A00393F7
:10589000FFF7CEBB30230DF167048DF86730FFF7BB
:1058A000C7BB604609F108090CF1010C52E4DDE9BF
:1058B000050353F8041BC217C1E900020693FFF762
:1058C000CCBA012120203B78FFF7E8BA02220CABCA
:1058D0001A930DF168091B92D3E6029B002B7FF40B
:1058E000B0ACCDF804A00393FFF7A1BB204606950A
:1058F000CDF804A0FDF78AFF002302939DF82F3016
:1059000003900793FFF794BB9DF82F307BB30123DF
:105910000DF12F021A929C461A460DF168091B934D
:10592000FFF7F0BB069B059953F8042B1160069313
:10593000FFF793BA9DF82F3007937DE4012BDDF834
:1059400004A07FF48DAD7CE4029E154C062E28BF8A
:10595000062606950396FFF7AEBBDFF848A04AE699
:105960004FF0010C10460DF16809FFF7F3BB079BE0
:10597000002B7FF47DAE10464FF0010C0DF168094D
:10598000FFF7E8BB8DF82F00FFF78ABB414658466A
:105990000DAAFFF7E9F9FFF777BB00BF30B00800A9
:1059A00004B0080040B00800029B069503939DF8E0
:1059B0002F30CDE901A00793FFF73ABB00220292F6
:1059C000FFF76DBA8DF82F00FBE48DF82F00B3E4DC
:1059D0008DF82F0078E48DF82F00CEE48DF82F009D
:1059E0000DE40E980F9ADFF838A0013083E60E9888
:1059F000DFF82CA00130CCE64FF0FF330593FFF722
:105A000048BBDFF820A0A2E5069A7B78274652F82B
:105A1000044B069244EAE4720292FFF73FBA00BFD9
:105A200030B0080040B008008C4600B586461346EA
:105A3000034A714610685DF804EB6246FFF7DAB975
:105A4000B003002070B50024ADF58D6D4FF4806576
:105A500006940C4602950595A5891AA925F002051C
:105A6000ADF80C50656E00911995E5890491ADF87B
:105A70000E50E56969460795656A06460995FFF780
:105A8000B9F9051E07DB6946304601F045F90028E3
:105A900018BF4FF0FF35BDF80C305B0603D5A38966
:105AA00043F04003A38128460DF58D6D70BD00BF06
:105AB00038B5334B05461B680C460BB19A6B12B3D5
:105AC000B4F90C3018079AB225D5216900292DD0D8
:105AD00012F0010007D000256069A5604042A06176
:105AE00039B1002038BD950758BF6069A060002912
:105AF000F7D1120658BF0846F4D543F040034FF0E3
:105B0000FF30A38138BD184601F02EFAB4F90C30ED
:105B100018079AB2D9D4D1062AD5520714D42169CC
:105B200043F00803A3819AB20029D1D102F4207076
:105B3000B0F5007FCCD02146284601F013FEB4F921
:105B40000C3021699AB2C3E7216B51B104F14002D4
:105B5000914204D0284601F0F9FAB4F90C30002241
:105B600022630022216923F02403C4E90012D7E74D
:105B7000092243F040032A604FF0FF30A38138BD73
:105B8000B003002070B5174C2568D5F84841DCB14A
:105B900065681F2D23DC80B14FF0010C04EB850EEE
:105BA000CEF88820D4F888610CFA05F21643022852
:105BB000C4F88861CEF808310BD06B1C02356360E5
:105BC000002044F8251070BD05F5A674C5F84841BD
:105BD000DEE7D4F88C311343C4F88C31EDE74FF095
:105BE000FF3070BDC8AF0800024B13B10248FDF78B
:105BF000E1BB704700000000C13308000000000056
:105C00002DE9F04F03690C6985B0A342C0F2898089
:105C1000013C01F11405A30000F11408019355F8AB
:105C2000243058F8242001338A469A4208EB840134
:105C30008146B2FBF3F605EB840702913AD30021CB
:105C4000AE4640460A46A34603955EF8045B0468E8
:105C5000ABB206FB03132D0C190C06FB05119BB20E
:105C6000D21A1FFA84FC94448AB2C2EB144202EBAB
:105C70002C421FFA8CFC4CEA0243774540F8043B67
:105C80004FEA11414FEA2242DFD2019B5C4658F8AD
:105C90000330039D73B9029B043B984504D307E08E
:105CA000984504F1FF3403D253F80429002AF7D0B1
:105CB000C9F810405146484602F068FC00282CDB29
:105CC00040460023013655F8041BD0F800C08AB2C4
:105CD0009A1A1FFA8CFE0B0C7244C3EB1C4303EBA5
:105CE000224392B242EA0342AF4240F8042B4FEA09
:105CF0002343E8D258F8242008EB84036AB9043B14
:105D0000984504D307E0984504F1FF3403D253F8D3
:105D10000429002AF7D0C9F81040304605B0BDE884
:105D2000F08F002005B0BDE8F08F00BF2DE9F04FE7
:105D300090469946016C99B00446CDE90489259DA9
:105D400041B10123426C93408B604A6002F06EF9CE
:105D500000232364B9F1000AB4BF012300232B60A0
:105D6000754BBCBF2AF0004ACDF814A033EA0A03F1
:105D700000F0AA80DDE90423104619460022002322
:105D8000CDE90A0104F0E6FE074670B10123249A2A
:105D90001360269B002B00F0E48268481860431EC5
:105DA0000393039819B0BDE8F08F16AB019317ABBE
:105DB00000932046DDE90A2302F038FD5FEA1A5617
:105DC000054640F09780DDE916763E4406F2324003
:105DD000202840F3B583C0F140000AFA00FA06F229
:105DE000124028FA00F04AEA000004F0D1FB012337
:105DF000013E0F93A1F1F8710022514B04F08AFA91
:105E000047A3D3E9002304F03DFC47A3D3E90023D3
:105E100004F082FA80463046894604F0C9FB44A368
:105E2000D3E9002304F02EFC02460B4640464946C7
:105E300004F072FA8046894604F0D4FE00228346BC
:105E400000234046494604F08FFE002840F07C8243
:105E5000BBF1160F00F26B82DDE90A01394B03EB4F
:105E6000CB03D3E9002304F07FFE002870D0002389
:105E7000BE1B0E93731E0BF1FF3B069300F15E8277
:105E800000230993BBF1000F69DA099BCDF81CB020
:105E9000A3EB0B030993CBF100030D93229B4FF06F
:105EA000000B092B64D8052B40F348830026043BE4
:105EB0002293229B023B032B00F26A86DFE813F059
:105EC0005F045C045304360442F20F73249ACAF34D
:105ED000130A13605AEA08031AD1269B002B00F01C
:105EE0006686194B03930833269A0398136019B0FA
:105EF000BDE8F08FDDE90A12C2F31303084643F050
:105F00007F510F97A6F2FF36169F41F4401173E7B9
:105F1000269B002B40F0ED830C4B039341E700BF21
:105F200061436F63A787D23FB3C8608B288AC63F9F
:105F3000FB799F501344D33F0000F07F0DB0080061
:105F40000000F83F00B1080054B0080050B008004D
:105F5000BE1B731E069300F18A840E900990069B67
:105F60005B44CDE9063B00230D93229B092B9AD974
:105F7000002322934FF0FF330126089300230C9651
:105F800023930021089B61641293204602F028F8B5
:105F90000390002800F00486039B2364089B0E2BCB
:105FA00000F21481002E00F011810799002940F3BE
:105FB0006084AF4B01F00F0203EBC2030A46D3E942
:105FC00000674FEA2118D10540F11784DDE90A0185
:105FD000A84B4FF0030AD3E9082304F07DFCCDE978
:105FE000100108F00F08B8F1000F13D0DFF8849209
:105FF00018F0010F09D0D9E900233046394604F0E2
:1060000041FB06460F460AF1010A5FEA680809F1FA
:106010000809EDD1DDE9100132463B4604F05CFC95
:10602000804689460E9B43B1002240464946924B2A
:1060300004F09AFD002840F03585504604F0B8FA87
:1060400042464B4604F01EFB8C4B002204F064F9E0
:10605000A1F15073CDE910011193089B002B00F0C2
:106060009780079B1493089B13930C9B002B00F0C5
:10607000A984139A7E4B002003EBC20353E9022349
:106080007F4904F029FCDDE9102304F043F9CDE950
:1060900010014946404604F0A5FD074604F088FA81
:1060A00002460B464046494604F034F9DDE9102328
:1060B000039E303706F8017B8046894604F054FD84
:1060C000002840F02E85CDF854B00027DDE910AB54
:1060D0001095139D13942AE00137AF4280F22E856C
:1060E000504659460022674B04F0CCFA0022654B1B
:1060F00082468B464046494604F0C4FA89468046AB
:1061000004F070FD044604F053FA02460B46404684
:10611000494604F0FFF8303452465B4606F8014B1E
:106120008046894604F020FD002840F0F88442466D
:106130004B460020504904F0EDF852465B4604F00F
:1061400013FD0028C8D0DDE91343109D039A07937F
:1061500002E0964200F0CD84B24616F8013D392B9C
:10616000F7D00133DBB23370079B01330793C8E1EB
:10617000504604F01DFA42464B4604F083FA3F4B6A
:10618000002204F0C9F8A1F15073CDE91001119378
:106190004046494600223C4B04F0BCF8DDE910893A
:1061A0004B46424606460F4604F0FCFC814600285A
:1061B00040F0AF84DDE91001024601F100433046B2
:1061C000394604F0D1FC002840F04883179B002B8F
:1061D000C0F28C80079A0E2A00F38880244B03EBD0
:1061E000C203D3E900AB239B002B1BDA089B002BD7
:1061F00018DC40F031830022234B5046594604F00E
:1062000041FA02460B46DDE90A0104F0B7FCDDF86D
:1062100020904E46002800F0CA82239BDDF80C80B7
:10622000DF43CCE25246DDE90A785B463846414618
:1062300004F052FB04F0D6FC8146099004F0B8F952
:1062400052465B4604F01EFA039E0B460246414648
:10625000384604F05FF809F1300306F8013B089B6B
:10626000012B00F05F83069401271C4604952AE069
:1062700000B10800F0B108000000F03F00001C4031
:106280000000E03F000024400000144052465B46FE
:106290004046494604F020FB04F0A4FC054604F007
:1062A00087F952465B4604F0EDF901370B4602468A
:1062B0004946404604F02EF805F13003A74206F89F
:1062C000013B00F02C830022AB4B04F0DBF90022F1
:1062D00000238046894604F03DFC0028D6D0049D6A
:1062E000069C079BB246013307930AE10C9A002AE9
:1062F0003DD0229A012A40F39F82089B03F1FF3888
:106300000D9B4345C0F27082A3EB0808089B002B4D
:10631000C0F24083069A1A440692099A17461A4414
:1063200009920121204601F083FF064623E0012364
:10633000BE1B0E93731E06937FF5A2ADC6F101033B
:106340000993002306939DE5584604F031F942462F
:106350004B4604F0FFFB00287FF47AAD0BF1FF3BC6
:1063600076E5864B0393039819B0BDE8F08FDDF80E
:106370003480099F0C9E002F0CDD069900290B46E6
:1063800008DDB942A8BF3B46099AFF1AD21ACB1AB8
:10639000099206930D9BE3B10C9B002B00F06082E9
:1063A000B8F1000F10DD31464246204602F01CF8DD
:1063B00006462A463146204601F068FF0346294634
:1063C00020461D4601F032FE0D9BB3EB080240F063
:1063D000DB820121204601F02BFFBBF1000F81463B
:1063E00000F3B380229B012B40F388814FF0000A19
:1063F0000120BBF1000F40F0B480069A104410F069
:106400001F0000F09280C0F12003042B40F3D383DF
:10641000099BC0F11C0003440244099307440692FF
:10642000099B002B05DD29461A46204602F038F864
:106430000546069B002B05DD49461A46204602F01C
:106440002FF881460E9B002B40F03881089B002BD3
:1064500040F31E810C9B002B40F09F80079B013373
:1064600007930127DDF80C80DDF820A007E029461E
:1064700000230A22204601F0E3FD05460137494684
:106480002846FFF7BDFB574500F1300308F8013BF4
:10649000EDDB089A0027002ACCBF93464FF0010B92
:1064A000039A9344294601222046049301F0F8FF01
:1064B0004946054602F06AF8002840F3AB811BF814
:1064C000013C039A0BF1FF3B04E05A4500F0AD811B
:1064D0001BF8013D392B0BF1010AF6D001338BF883
:1064E00000304946204601F0A1FD56B12FB1B74218
:1064F00003D03946204601F099FD3146204601F08F
:1065000095FD2946204601F091FD0023079A8AF85F
:106510000030249B1A60269B002B3FF442AC03986A
:10652000C3F800A019B0BDE8F08F1C20099B0744F8
:1065300003440993069B0344069371E70126B8E4DC
:10654000C0F1200008FA00F04FE401465A46204608
:1065500001F04AFF229B8146012B40F3B6814FF0A8
:10656000000AD9F8103009EB8303186901F014FE12
:10657000C0F1200041E700BF000024400CB008003B
:10658000314600230A22204601F05AFD129B06469E
:10659000002B40F3E982CDE90783002F00F31D8132
:1065A000BAF1000F40F0D981B046049B089903F07E
:1065B0000102039B0A921F46013B1944229B08914A
:1065C0001343099349462846FFF71AFB3146834691
:1065D000284601F0DBFF424649468246204601F04C
:1065E000F5FFC26801460BF13003002A43D1049045
:1065F0002846069301F0CAFF0246049920460492F9
:1066000001F014FD049A069B1AB90999002900F0BB
:106610009B82BAF1000FC0F2648122994AEA010A12
:106620000A9951EA0A0100F05C81002A00F3B68160
:10663000089A07F1010A9742D3463B7000F0B481F3
:10664000294600230A22204601F0FAFC4645054669
:1066500031464FF000034FF00A02204612D001F0FD
:10666000EFFC4146064600230A22204601F0E8FCE2
:1066700057468046A6E72046049301F0D7FC012246
:10668000049BC6E701F0DCFC57460646804699E7C6
:10669000229B022B7ADC0C9B002B7FF47EAF079BA6
:1066A0004946013328460793FFF7AAFADDF80CB0F4
:1066B00000F1300300270BF8013BF3E6494628467A
:1066C00001F064FF0028BFF6C1AE294600230A226C
:1066D000204601F0B5FC079B054603F1FF380C9BF3
:1066E000002B7FF44DAF129B002B40F334820893B4
:1066F000B7E6B04B03930333FFF7F6BBDDE90412B3
:1067000000297FF473AEC2F31303002B7FF46EAE47
:10671000A94B1340002B00F00082099B4FF0010AA7
:1067200001330993069B0133069361E601230C9321
:10673000239B079A134412930133012B1F46B8BFC2
:10674000012708930021172F61647FF71EAC0122F7
:1067500004235B0003F11400B842114602F1010268
:10676000F7D9616411E401230C93239B002B4CDDCA
:106770001F4612930893E5E700230C93D8E7002304
:106780000C93F2E7129BCDF81C800893089B002B1A
:106790007FF443AD49460522204601F051FC814675
:1067A0002846494601F0F2FE00287FF736AD312336
:1067B0000398079F804600F8013B01370390494644
:1067C000204601F033FC7B1CDDF80CA00793CDF8CC
:1067D0000C80002E7FF491AE93E631463A46204677
:1067E00001F05EFE0646DBE60D9BCDF83480A8EB9B
:1067F00003039B444FF0000888E5DDE90A234FF0CE
:10680000020ACDE91023FFF7EEBB0123239308937F
:10681000FFF7B7BB03D1049BD8073FF550AEDA466C
:106820001BF8013D302BFAD05BE6079B039A01333E
:1068300007933123137054E60F9A002A00F0288141
:1068400003F23343069ADDF834801A440692099A1B
:1068500017461A44099264E54FF000094E46DCE4FD
:10686000294620460D9A01F0BFFD0546B1E50E9080
:1068700064E500F01181DDE90A01079A4F4B5642A9
:1068800006F00F0203EBC203D3E9002303F0FAFE84
:1068900036118046894600F0708100234FF0020ACD
:1068A000474FF20706D5D7E9002303F0EBFE01239B
:1068B0000AF1010A761007F10807F2D1002B3FF424
:1068C000B1AB80468946FFF7ADBB049B002B7FF43C
:1068D00046AEDDE90412C2F31303002B3FF418AFF8
:1068E0003DE6002A12DD294601222046049301F0EC
:1068F000D7FD4946054601F049FE0028049B40F3B8
:106900001781392B00F0FB800BF13103BA46079A4F
:1069100037460132464607920AF8013BE1E5099500
:10692000069C049D02460B4603F0F6FC52465B466D
:106930008046894604F036F960B952465B464046C7
:10694000494604F007F900283FF4CBAC099BD9076E
:106950007FF5C7AC039AFFF7FFBB2046716801F0D3
:106960003FFB0746002800F00C81336906F10C015B
:1069700002339A000C30FCF781FD39460122204693
:1069800001F08EFD804610E62946204601F02CFDE0
:1069900005461EE5DDE908239F1AC2E4392B00F005
:1069A000AE80BA460133B2E7079A3746013246460F
:1069B000079277E550B008000000F07F00B10800B2
:1069C000F0B10800DDF84CA08349DDE9102301EBAC
:1069D000CA0151E9020103F055FECDE91001494613
:1069E000404604F0FFF8064603F0E2FD0B4602467F
:1069F0004946404603F08EFC5346039F3036012B38
:106A00008046894607F8016B00F0AC80139E039B1B
:106A10001E440022714B4046494603F033FE89462E
:106A2000804604F0DFF8824603F0C2FD02460B46C2
:106A30004046494603F06EFC0AF1300A07F801AB04
:106A4000B74280468946E4D1DDE910010022644B5B
:106A500003F062FC42464B4604F086F8002862D1FF
:106A6000DDE9102300205E4903F054FC42464B460A
:106A700004F098F800283FF4A9AB16F8013CB246A0
:106A8000302B06F1FF36F8D0149B0133079338E51D
:106A9000169BC3F13603D5E64FF0020ADDE90A89F9
:106AA000FFF7C0BA089B002B3FF462AB129B002B90
:106AB0007FF78CAB1393079B0022013B404649466E
:106AC0001493464B03F0DEFD804689460AF101002F
:106AD00003F06EFD42464B4603F0D4FD414B0022CD
:106AE00003F01AFCA1F15073CDE910011193FFF7E7
:106AF000BCBA079B013307933123FFF734BB079BD5
:106B0000BB4601330793392337460BF8013B464612
:106B1000D7E44FF000094E4649E69A4668E4109DD6
:106B2000139CB246B0E7149B039A0793FFF714BB7C
:106B30007FF4ECAEDA077FF5E9AEE2E6DDF854B0BB
:106B4000109D139CFFF742BB392BD8D0BAF1000F30
:106B50003FF7DAAEDAE6229B022B3FF713AECDF811
:106B60001C809CE53E466FE7229B022B3FF70AAE56
:106B7000129BCDF81C8008930FE54FF0020AFFF737
:106B800051BA024640F2EA21174B184803F014F9B3
:106B9000002620463146666401F022FA039078B957
:106BA00000224FF4D571104B104803F005F9104B3B
:106BB0000393FFF7F6B83FF433ACC0F13C00B5E403
:106BC000039B012223644FF0FF33239612930C9210
:106BD0000893FFF7FBBA00BF00B108000000244093
:106BE0000000E03F00001C4060B0080074B00800E6
:106BF00054B00800B1F90C20F8B50C46110707464F
:106C000043D4636842F40062002BA2815BDDA56A75
:106C1000002D56D000233E683B6093B212F48052A0
:106C200055D101233846E169A847421C65D0A389A4
:106C3000A56A5B0705D56368C01A236B0BB1E36BCC
:106C4000C01A0246E16900233846A847411C40D1DA
:106C50003B68002B3DD01D2B01D0162B54D10022B8
:106C6000A38923F40063A3812369C4E90032216B63
:106C70003E6031B304F14003994202D0384600F03F
:106C800065FA002318462363F8BD2669CEB193B296
:106C90009A0718BF0023256808BF63692660AD1BEB
:106CA000A3600CE02B463246D4F824C03846E16994
:106CB000E047B0F1000CA5EB0C05664416DD002D95
:106CC000F0DC0020F8BDE36B002BA0DCF9E7206DC1
:106CD000AFE70022B4F90C30626023F4006322694C
:106CE000A381DB042260C2D52065C0E7A3894FF0F1
:106CF000FF3043F04003A381F8BD3B68002B96D0E2
:106D00001D2B06D0162B04D0A38943F04003A3818A
:106D1000F8BD00203E60F8BD38B504460D4608B108
:106D2000836B1BB1B5F90C0030B938BD00F01CF90C
:106D3000B5F90C000028F8D029462046BDE83840B7
:106D4000FFF758BF38B5B8B10F4B04461D680DB1F9
:106D5000AB6B4BB1B4F90C0000B938BD21462846E5
:106D6000BDE83840FFF746BF284600F0FDF8B4F90B
:106D70000C000028F1D0F1E7044B05491868BDE884
:106D8000384000F07BBC00BFB0030020C8AF080053
:106D9000196D080000207047014900F06FBC00BF6A
:106DA000ED9E0800002070472DE9F04700240325E0
:106DB00082460423DFF8A8C0C0E9B8454568C0F89A
:106DC0003CC0DFF8A090DFF8A080284F284E00F5E7
:106DD0003B70CAF8E8020822EB602146C5E900448E
:106DE000C5E904446C66AC60AC6105F15C00FCF77D
:106DF000BBFB204BC5E90759C5E90987EE62DAF804
:106E000008500822EB602146C5E90044C5E9044466
:106E10006C66AC60AC6105F15C00FCF7A5FB164B41
:106E2000C5E90759C5E90987EE62DAF80C50214631
:106E3000EB600822C5E90044C5E904446C66AC6017
:106E4000AC6105F15C00FCF78FFB0123C5E9075934
:106E5000C5E90A76C5F82480CAF83830BDE8F0875D
:106E6000996D0800498E0800718E0800B18E0800E7
:106E7000D18E08000900010012000200682270B5DE
:106E80004D1E02FB05F50E4605F1740100F01AFDDA
:106E9000044640B100210C30C4E9016005F16802EC
:106EA0002160FCF761FB204670BD00BF274B2DE938
:106EB000F0411E680746B36B5BB34FF0040806F55C
:106EC0003876D6E90134013B04D51EE05A1C04F1A2
:106ED00068041AD0B4F90C50013B002DF6D11C4BBC
:106EE00008222946C4E90055C4E90253C4E90455FF
:106EF0006566A56104F15C00FCF736FBC4E90C553E
:106F0000C4E911552046BDE8F08135682DB12E4603
:106F1000D7E73046FFF748FFCFE74FF4D671384642
:106F200000F0D0FC044668B1056029460546C0F86B
:106F300004800C304FF4D072A060FCF715FB346075
:106F40002E46BEE70C2330603B60DBE7C8AF08008D
:106F50000100FFFF024B0349186800F08FBB00BF20
:106F6000C8AF0800ED9E0800836B03B170471BE7B4
:106F7000704700BF704700BF704700BF704700BF39
:106F8000024B0349186800F059BB00BFB003002052
:106F9000956D0800024B0349186800F04FBB00BF15
:106FA000B0030020A56D08002DE9F04383B007462B
:106FB0008846144600F0A6FB012803D108F1FF33F0
:106FC000FE2B33D94246384604F15C0301A902F096
:106FD00081FE421C06462FD018B39DF804100025F0
:106FE0000DF1050908E023685A1C2260197001356B
:106FF000B54216D219F8011BA368013B002BA36010
:10700000F1DAA269934201DB0A29ECD12246384623
:1070100002F0FEFD431CEAD10646304603B0BDE84F
:10702000F0834646304603B0BDE8F0835FFA88F14E
:1070300006468DF80410D2E73046A38943F040039A
:10704000A38103B0BDE8F083B2F90C3013F4005F04
:107050000AD110B4546E43F4005344F400545466FF
:10706000938110BCFFF7A0BFFFF79EBF0E4B70B51A
:107070001E6805460C460EB1B36B8BB1B4F90C30EB
:107080009A0406D4626E43F4005342F40052A38182
:107090006266224629463046BDE87040FFF784BF4D
:1070A0003046FFF761FFE9E7B0030020F8B50C4672
:1070B000234F064600F090FFBB685D68C4F57E6311
:1070C00025F003050F332B4423F47F6323F00F03D4
:1070D000A3F58054B4F5805F07DB0021304601F052
:1070E000A1FEBB682B44984204D0304600F076FFE6
:1070F0000020F8BD3046614201F094FE01300DD011
:10710000104ABB682D1B45F001055D6013683046D1
:107110001B1B136000F062FF0120F8BD0021304608
:1071200001F080FEBA68831A0F2BDEDD43F0010305
:107130005360054B03491B68C01A0860D5E700BFC0
:107140004C090020D4360020540D002000295ED0C8
:10715000F8B50C46064600F03FFF54F8042C784F73
:10716000A4F1080522F001016818D7F808C04368A7
:10717000844523F0030300F08780D207436034D4B2
:1071800054F8082C07F10804AD1A1144AA68A24269
:1071900068D000EB030CDCF804E0D5F80CC01EF05E
:1071A000010FC2F80CC0CCF8082000F0918041F02B
:1071B00001036B600160B1F5007F31D24A09CB0851
:1071C000012191407A6801331143796007EBC302D2
:1071D00057F83310083AC5E9021247F83350CD602A
:1071E0003046BDE8F84000F0F9BEC2185268D20738
:1071F0000ED4194407F108048368A34270D0C26812
:10720000DA60936041F001036B606950D3E7704727
:1072100041F00103B1F5007F44F8043C0160CDD397
:10722000B1F5206F4FEA512347D28B0903F13900A2
:1072300003F13802C300F818FB580838984258D0B8
:107240005A6822F003028A4202D99B689842F7D119
:10725000D868C5E9023085603046DD60BDE8F84099
:1072600000F0BCBEC2185268D20763D40B44D0E908
:107270000212CA60916043F001026A603046EB502E
:10728000BDE8F84000F0AABE0B44D10707D454F87B
:10729000082CAD1A1344D5E90212CA60916043F07C
:1072A00001026A60274ABD6012689A4298D8264B4C
:1072B00030461968FFF7FAFE92E7142B0AD9542BCF
:1072C0001FD80B0B03F16F0003F16E02C300B2E78E
:1072D000194491E703F15C0003F15B02C300AAE7E4
:1072E00041F00103C7E90455C5E902446B606950E8
:1072F00076E70121921001FA02F279680A437A6076
:10730000A7E7B3F5AA7F06D8CB0B03F1780003F10A
:107310007702C3008FE740F25452934206D88B0C99
:1073200003F17D0003F17C02C30084E74FF47E7318
:107330007E2280E741F001036B60016050E700BFEF
:107340004C090020580D0020D03600209368002BF7
:1073500000F0B7802DE9F04FB1F90C300C46190759
:107360008046174683B098B225D523691BB310F029
:1073700002033D682DD04FF0000B5E46DFF8B8A247
:10738000002E00F08B80564533465A4628BF5346A0
:107390004046E169D4F824C0E047002840F38780E4
:1073A000BB6883441B1A361ABB60002BE8D100204F
:1073B00003B0BDE8F08F21464046FEF779FB002878
:1073C00040F03681B4F90C303D6898B210F00203F9
:1073D000D1D110F0010976D14E46002E5AD0820547
:1073E000D4F808B040F1B580B3455A4600F2CD80DC
:1073F00010F4906F00F0CB8023682169A3EB010BA0
:10740000636903EB430A0AEBDA7A0BF101034FEAF3
:107410006A0A33445345524684BF9A46524643054E
:1074200040F1EA801146404600F04CFA002800F096
:10743000F9805A4621690190FCF720F8A289019B46
:1074400022F4906242F08002A28103EB0B002361E0
:107450003246AAEB0B03B346C4F814A0A360206025
:10746000B24600264946019200F03AFDA368216821
:10747000019AA3EB0B030A44A3602260B868D144CD
:10748000A0EB0A00B860002891D0B4F90C0080B2DB
:10749000002EA4D1D5E9009608359EE7D5E900B6BF
:1074A00008356DE721464046FFF736FC80B3B4F956
:1074B0000C304FF0FF3043F04003A38103B0BDE830
:1074C000F08F002070471E46AA46994618461D4672
:1074D00056B3002832D04A4620682169B24228BFFC
:1074E00032468842636904D9A16803EB010B5A450F
:1074F00074DC934265DC2A464046E169D4F824C036
:10750000E047B0F1000BD2DDB9EB0B09CAD0012086
:10751000BB685D44A3EB0B03A6EB0B06BB60002B23
:107520003FF445AF002ED4D10AF1080353F8046CA0
:107530009A4653F8085C0833002EF7D032460A21E9
:10754000284600F085FC002869D00130A0EB050931
:10755000C1E72068236998421BD86369B34218D8F1
:107560006FF0004CB44528BFB4469CFBF3FC4A4680
:1075700003FB0CF34046E169D4F824C0E047B0F1C6
:10758000000A94DDA6EB0A0678E7B3463246206887
:1075900066E7B345DA4628BFB2464946524600F090
:1075A0009FFCA3682268A3EB0A035244A3602260F5
:1075B000002BE7D121464046FFF7AEFB0028E1D083
:1075C00075E729469346019200F08AFCA368019A68
:1075D0009B1AA36023681A44226095E729465A46FD
:1075E00000F07EFC236821465B4440462360FFF7A1
:1075F00093FB002888D05AE7404601F025FA03465D
:1076000000287FF422AF40462169FFF79FFD0C223E
:10761000B4F90C30C8F8002023F0800349E7721C4D
:10762000914659E70C22B4F90C30C8F8002040E725
:107630004FF0FF30BCE600BF00FCFF7F2DE9F041BA
:107640000026884600F53877D7E90154013D0ED46D
:10765000A389013D012B06D9B4F90E30013302D0C4
:107660002046C04706436B1C04F16804F0D13F6814
:10767000002FE9D13046BDE8F08100BF2DE9F84385
:107680004FF000090746884600F53876D6E90154E0
:10769000013D10D4A389013D012B08D9B4F90E3066
:1076A000013304D021463846C04749EA00096B1C23
:1076B00004F16804EED13668002EE7D14846BDE8F3
:1076C000F88300BF42B110B510460B49144601F0D3
:1076D00003FC18B9094810BD0848704720460749FF
:1076E00001F0FAFB0028F5D02046054901F0F4FB33
:1076F0000028EFD0002010BDACB00800A8B00800F2
:107700008CAF0800014B93F828017047E007002078
:1077100041B110B508460C460A4901F0DDFB18B925
:10772000094810BD084870472046074901F0D4FBBE
:107730000028F5D02046054901F0CEFB0028EFD007
:10774000002010BDACB00800A8B008008CAF080045
:10775000F030704700487047D0080020004870475C
:10776000D00800202DE9F0418B890C46990796B08E
:1077700008D5012204F14303C4E90432236016B0A2
:10778000BDE8F081B4F90E100646002927DB6A46F1
:1077900002F006FC002821DB019D4FF4806805F40F
:1077A0007045A5F50055B5FA85F54FF400676D09EC
:1077B0004146304600F086F8B4F90C30F0B1204A6A
:1077C00043F08003F263C4F81480A3812060206139
:1077D00035BB3B43A38116B0BDE8F081A38913F00C
:1077E000800519D04FF0400830464146002500F092
:1077F00069F82F46B4F90C300028E0D19A05BED4C0
:10780000012123F0030304F1430243F00203C4E91E
:107810000421A3812260B2E74FF480682F46C7E7B6
:107820003046B4F90E1002F0CFFB10B9B4F90C30A9
:10783000CFE7A38923F0030343F001031BB2C8E79A
:10784000996D080070B50C46B1F90E101546002967
:107850001E4696B014DB6A4602F0A2FB00280FDB3E
:10786000019A4FF4806302F47042A2F50052B2FA1A
:1078700082F24FF40060520932602B6016B070BD86
:107880000023B4F90C10336011F0800004D04022C2
:1078900018462A6016B070BD4FF480632B6016B096
:1078A00070BD00BF024B0146186800F00BB800BF66
:1078B000B0030020024B01461868FFF747BC00BF29
:1078C000B00300202DE9F04F01F10B05162D0646FF
:1078D00083B025D8102900F2B88000F07DFB102578
:1078E00018224FF0020CB74F3A445368A2F1080136
:1078F0008B4200F0B7805A68D96822F003021A441C
:107900009C683046E1608C60516803F1080441F0E6
:107910000101516000F062FB204603B0BDE8F08F2A
:1079200035F0070500F19180A94200F28E8000F049
:1079300053FBB5F5FC7FC0F090816B0A00F08C80A2
:10794000042B00F26681AB0903F1390C03F1380412
:107950004FEACC009B4F384443680838984206D120
:107960000CE0002980F22B81DB68984206D05A682F
:1079700022F00302511B0F29F3DDA4463C69DFF816
:1079800048E274457AD0626822F00302531B0F2B41
:1079900000F37281002BC7E904EE80F26381B2F537
:1079A000007F80F015810121D30852090B449140DA
:1079B0007A6857F833000A4307EBC3010839A0601F
:1079C000E1607A6047F83340C46001214FEAAC03BC
:1079D0009940914259D8114206D12CF0030C49002C
:1079E00011420CF1040CFAD007EBCC09484664466E
:1079F000D0F80C80404508D118E1002B80F21D81A1
:107A0000D8F80C80404500F01181D8F8042022F00D
:107A10000302531B0F2BF0DD08EB050145F00105B8
:107A2000C8F804503046D8E90264F460A66043F018
:107A30000104C7E904114C60C1E902EE48F80230C4
:107A400000F0CCFA08F1080402E00C2300243360B3
:107A5000204603B0BDE8F08F4FF400704FF0400CAB
:107A60003F2477E7D3689A4208BF0CF1020C7FF4F9
:107A700042AF3C69DFF850E1744584D101217A6856
:107A80004FEAAC0399409142A5D9BC68636823F0E2
:107A90000308454503D8A8EB05030F2B7FDCDFF86F
:107AA0002C91D7F80824D9F8003001322B4404EB8C
:107AB000080A00F02B8103F580530F3323F47F6B0A
:107AC0002BF00F0B5946304601F0ACF9411C024631
:107AD00000F0EB80824500F2E680D9F804105944AA
:107AE0000B46C9F8041000F04681D7F8081401319C
:107AF0001BBFA2EB0A0A5344C7F80824C9F8043094
:107B000012F0070300F00C81C3F108010A44C3F529
:107B1000805193440831A1EB0B01C1F30B0A51468C
:107B200030460192009301F07DF9421CDDE90032FC
:107B300000F04781831A03EB0A0BD9F804004BF0DD
:107B400001030AEB0001BC42BA60C9F8041053609B
:107B500000F01D81B8F10F0F40F21B814FF0050CB2
:107B60006368A8F10C0020F0070003F00103034351
:107B700063600F2804EB0003C3E901CC00F2288105
:107B800014465368D9F82C208A42D9F8302038BFDF
:107B9000C9F82C108A4238BFC9F8301087E0621942
:107BA00043F0010345F0010565603046BA600834D2
:107BB000536000F013FA204603B0BDE8F08FD96897
:107BC0001A449DE64C09002054090020D0360020BC
:107BD000B2F5206F4FEA52235FD3142B00F2B2802C
:107BE00003F15C01C9005B33781879580838884282
:107BF00000F08F804B6823F00303934202D9896819
:107C00008842F7D1C8687A68C4E902108460CC6001
:107C1000DBE6142B59D9542B00F29C802B0B03F17B
:107C20006F0C03F16E044FEACC0093E60134A30716
:107C300000F108007FF4DCAE53E044464244536850
:107C4000D8F80C1043F00103536054F8083F304655
:107C5000D9608B6000F0C2F9FAE64FEAD50C05F165
:107C6000080240E622445368304643F00103536063
:107C700000F0B4F90834EBE6611945F001056560E0
:107C800043F00105C7E904113046C1E902EE4D6039
:107C9000A35000F0A3F90834DAE6930903F139019F
:107CA000C9003833A0E7BC425FD0BC68636823F0EA
:107CB000030B5D45ABEB050302D80F2B3FF76FAF0E
:107CC000304600F08BF90024C2E603F15C0C03F1AE
:107CD0005B044FEACC003DE659F808394B4540F0CB
:107CE00095801CF0030F0CF1FF3CF5D17B6823EA73
:107CF00001037B60490099423FF6C7AE11B9C4E663
:107D0000490004341942FBD0A4466DE603F1100B80
:107D1000D8E601229B109A407B681A437A6073E789
:107D200002EB0B014942C1F30B0A51463046019365
:107D3000009201F077F8431CDDE900237FF4FAAEEE
:107D40009A46FAE6542B27D8130B03F16F01C900AA
:107D50006E3349E7B3F5AA7F27D8EB0B03F1780C14
:107D600003F177044FEACC00F4E5D9F804305B4422
:107D7000C9F80430B9E6CAF30B0000287FF4B5AEA9
:107D8000BC6808EB0B0343F001036360FAE614469A
:107D9000F8E60123536093E7B3F5AA7F22D8D30B0B
:107DA00003F17801C90077331EE740F25452934241
:107DB00022D8AB0C03F17D0C03F17C044FEACC001C
:107DC000C8E5083B9B444FF0000AABEB020BB4E65E
:107DD00004F108013046FFF7B9F9BC68D9F804107E
:107DE0006368CFE640F254518B420BD8930C03F1F9
:107DF0007D01C9007C33F7E64FF47E704FF07F0CB5
:107E00007E24A7E54FF47E717E23EDE67B6871E763
:107E100010B4034CD4F8E440A44610BC604700BF43
:107E2000E007002082B049B15AB16BB113780B6002
:107E30001278101E18BF012002B0704701A9002A55
:107E4000F3D1104602B070476FF00100F4E700BFB5
:107E50005FFA81FC810710D00346511E2AB90AE05F
:107E60009A0718460AD0013905D3184613F8012B92
:107E70006245F5D1704700207047114603290CD8A0
:107E80000029F8D00346014401E08B42F3D01846A4
:107E900013F8012B6245F8D1ECE7024610B54CEA25
:107EA0000C2444EA04441046036804326340A3F1FE
:107EB000013E2EEA030313F0803F04D10439032965
:107EC0001046F0D851B10346014401E08B4205D081
:107ED000184613F8012B6245F8D110BD002010BDE3
:107EE00088420DD98B1883420AD900EB020CBAB133
:107EF000624613F801CD994202F801CDF9D17047DD
:107F00000F2A0ED8034602F1FF3C4AB10CF1010CD6
:107F1000013B8C4411F8012B614503F8012FF9D185
:107F2000704740EA01039B074FD1A2F1100370B5DF
:107F300001F1200C23F00F0501F1100E00F11004E7
:107F4000AC441B095EF8105C0EF1100E44F8105C96
:107F50005EF81C5C103444F81C5C5EF8185C44F855
:107F6000185C5EF8145CE64544F8145CEAD1013311
:107F700012F00C0F01EB031102F00F0400EB0313DE
:107F800027D08E46043C24F003064FEA940C1E448E
:107F90001C1F5EF8045B44F8045FB442F9D10CF195
:107FA000010402F0030203EB840301EB840102F1FC
:107FB000FF3C4AB10CF1010C013B8C4411F8012B40
:107FC000614503F8012FF9D170BD034602F1FF3C72
:107FD0009CE72246EBE700BF704700BF704700BF39
:107FE00038B5C36C05460C464BB153F8240080B13C
:107FF000026843F824200023C0E9033338BD21225E
:10800000042101F0FFFE0346E8640028EDD10020C2
:1080100038BD0121284601FA04F56A1D920001F0DD
:10802000F1FE0028F3D0C0E90145E4E731B1C36CAB
:108030004A6853F82200086043F82210704700BFD6
:108040002DE9F0414FF0000E0E461C460D69074623
:1080500001F1140001680EF1010E8BB202FB034323
:10806000090C4FEA134C02FB01CC9BB203EB0C430F
:10807000754540F8043B4FEA1C44EBDC3CB1B36867
:10808000AB4207DD06EB850301355C6135613046A7
:10809000BDE8F081716838460131FFF7A1FF8046E5
:1080A000A8B1326906F10C01023292000C30FBF7E4
:1080B000E5F9FB6C726853F82210316043F82260D6
:1080C000464606EB850301355C613561DFE7024614
:1080D000B521024B024801F06FFE00BF60B00800FE
:1080E000B8B008002DE9F8431E46DFF8A0C01746D7
:1080F00003F108028CFB023C092E4FEAE2730546AD
:108100000C46C3EB6C0339DD4FF0010C00214FEA44
:108110004C0C634501F10101F9DC2846FFF760FFD3
:10812000014668B3089B092F43614FF001030361C7
:1081300012DC09270A34BE420BDDF61B264414F874
:10814000013B0A222846303BFFF77AFFA642014650
:10815000F5D10846BDE8F88304F10909C8463C4456
:1081600018F8013B0A222846303BFFF769FFA0457B
:108170000146F5D1A7F108044C44DCE70021CCE727
:108180000246CE21024B034801F016FE398EE33839
:1081900060B00800B8B00800020C12040346CAB967
:1081A0001020834013F07F4F04BF1B02083013F0F0
:1081B000704F04BF1B01043013F0404F04BF9B00FD
:1081C0000230002B05DB13F0804F00F1010008BFE7
:1081D000202070470020E5E70368024613F00700FF
:1081E00009D0D9071FD498074BBF5B089B08012013
:1081F00002201360704799B209B91020C340D9B268
:1082000009B908301B0A190704BF1B090430990774
:1082100004BF9B080230D90703D45B0800F10100BA
:1082200003D013607047002070472020704700BFC4
:1082300038B5C36C04460D464BB15868B0B10268FE
:108240005A60002201234561C0E9032338BD212281
:10825000042101F0D7FD0346E0640028EDD100229F
:108260004FF4A071074B084801F0A6FD1C22012124
:10827000204601F0C7FD0028F1D001220223C0E909
:108280000123DEE760B00800B8B008002DE9F04F28
:108290000E6915698846AE42144685B005DB2A464C
:1082A000234635460C4616469846A3686168AF19C2
:1082B000BB42B8BF0131FFF793FE0190002800F0E8
:1082C0008780019B03F1140909EB870AD14505D288
:1082D0004B46002243F8042B9A45FBD808F11408BA
:1082E00008EB860B04F11403D8451A4603EB850509
:1082F0005FD22B1B153B23F0030304331534A54237
:1083000038BF0423CDE902A7AC461F46924605E0DC
:10831000000C29D1C34509F1040948D958F8040BC8
:1083200085B2002DF4D056464C46002356F8040B77
:10833000216882B21FFA81FE05FB02EE000C0A0CD6
:1083400005FB0022734402EB13429BB243EA024353
:10835000B44544F8043B4FEA1243E7D849F80730E4
:1083600058F8040C000CD5D0D9F800305446194602
:108370004D4600222688090C00FB06119BB20A44D8
:1083800043EA024345F8043B54F8046B2968360C71
:108390008BB200FB0633A44503EB12434FEA1342B2
:1083A000E8D8C34549F8073009F10409B6D8DDE932
:1083B00002A7002F02DC05E0013F03D05AF8043D7C
:1083C000002BF9D0019B18461F6105B0BDE8F08F66
:1083D000024640F25D11024B024801F0EDFC00BF85
:1083E00060B00800B8B0080012F003032DE9F041B6
:1083F000144607462ED10E46A4101CD0BD6C95B372
:10840000E3074FF0000806D4641014D02868A8B120
:108410000546E307F8D52A4631463846FFF736FFCA
:10842000B6B17168FB6C641053F82120326043F8D8
:1084300021600646EAD13046BDE8F0812A46294649
:108440003846FFF723FF28600546C0F80080E0E7C4
:108450000646D9E70F4A013B52F823200023FFF7D5
:10846000EFFD0646C8E701213846FFF7B9FD05468E
:1084700040B140F271230122C0E904230023B86413
:108480000360BDE702464FF4A071034B034801F0BF
:1084900093FC00BFF0B0080060B00800B8B008005E
:1084A0002DE9F0470C462669A36806EB6216751C99
:1084B0009D429046074649684FEA621904DD5B0019
:1084C0009D4201F10101FADC3846FFF789FD0028E1
:1084D00051D0B9F1000F00F114010FDD0B464FF040
:1084E000000C09F105024FEA820E00EB820243F80C
:1084F00004CB9342FBD1AEF114031944226904F179
:10850000140318F01F0803EB820C2CD08E464FF09A
:10851000000AC8F120091A6802FA08F242EA0A02BF
:108520004EF8042B53F8042B9C4522FA09FAF2D892
:10853000ACEB0403153B23F00303043304F11502F1
:10854000944538BF0423BAF1000F18BF2E4641F8F6
:1085500003A0FB6C6268066153F82210216043F8A7
:108560002240BDE8F087043953F8042B9C4541F8BC
:10857000042FF9D8EDE7024640F2D911014B024829
:1085800001F01AFC60B00800B8B0080084460B691E
:108590000069C01A15D10CF1140C14310CEB8302D4
:1085A00010B401EB830301E0944508D252F8044D66
:1085B00053F8041D8C42F7D004D24FF0FF3010BCAA
:1085C00070477047012010BC704700BF2DE9F84F7D
:1085D0000C6913698946E41A002C17467DD101F114
:1085E0001406143202EB830206EB830301E09E4281
:1085F00076D253F8045D52F8041D8D42F7D067D34C
:10860000D9F80410FFF7ECFC002873D0D9F810500B
:10861000C46000F1140426464FF0000A3B6909F1DA
:10862000140807F1140E09F1100C08EB85020EEB8B
:1086300083095CF804BF5EF8041B1FFA8BF35344F4
:108640001FFA81FA090CA3EB0A03C1EB1B4101EBF2
:1086500023419BB243EA0143F14546F8043B4FEA0C
:10866000214AE6D8A9EB070115391537B94521F09C
:10867000030606F1040638BF042621F0030138BFC3
:108680000021B044424526440C4418D9374644469C
:1086900054F8041B8BB253444FEA234A0AEB1141AE
:1086A0009BB243EA0143A24247F8043B4FEA214A06
:1086B000EED8541EA4EB080424F00304344423B978
:1086C00054F8043D013D002BFAD00561BDE8F88F58
:1086D0004B460124B9461F4692E7F9DB00248FE799
:1086E0000021FFF77DFC60B101220023C0E90423D3
:1086F000BDE8F88F02464FF41071054B054801F0B4
:108700005BFB024640F23221014B024801F054FB70
:1087100060B00800B8B008000F4B0B40A3F15073D5
:10872000002B02DD0020194670475B42B3F1A07FA9
:108730004FEA235205DA4FF40023002043FA02F1F6
:108740007047143A1E2AD6BF4FF00043012223FA85
:1087500002F20021104670470000F07F2DE9F04141
:10876000076900F1140606EB87070C4657F8041C4E
:10877000A7F104080846FFF70FFDC0F120030A28FF
:10878000236036DD46451ED2B0F10B0357F8082CA6
:1087900026D0C3F1200C994022FA0CF00843A7F12F
:1087A000080140F07F558E4245F440153AD202FA56
:1087B00003F057F80C3C23FA0CF303431C46204605
:1087C0002946BDE8F081B0F10B0308D001FA03F0AF
:1087D000002340F07F551C4645F44015EFE71A464C
:1087E000144641F07F5545F4401520462946BDE822
:1087F000F081C0F10B0321FA03F2464542F07F55A8
:108800002CBF002257F8082C45F4401538BFDA4039
:1088100000F1150301FA03F343EA02042046294656
:10882000BDE8F08102FA03F31C46C8E770B50121E8
:1088300082B016461D46FFF7D3FB044600284CD0F5
:108840002B46C5F30A55C3F313030DB143F480134C
:10885000002E019322D068460096FFF7BDFC002849
:1088600037D0019B0099C0F1200203FA02F20A43BB
:10887000C34001936261002B14BF02210121A36157
:108880002161B5B1069BA5F2334505441D60079BE8
:10889000C0F135001860204602B070BD01A8FFF796
:1088A0009BFC0123019A1946626120302361002D4F
:1088B000E8D104EB8102A0F232431069069A1360FA
:1088C000FFF76AFCC0EB41112046079B196002B01C
:1088D00070BDDDE900236261CDE7024640F20A3156
:1088E000014B024801F068FA60B00800B8B0080017
:1088F0002DE9F04383B0884669468146FFF72EFF95
:1089000004460D46404601A9FFF728FFD9F810306C
:10891000D8F810200F469A1ADDE90063F31A03EB2A
:108920004213002B0CDD05EB035906464D4632463B
:108930003B462046294601F0CFFF03B0BDE8F08357
:10894000C3EB033301EB035106460F46EFE700BFCD
:10895000172870B506460ADD002000240749084D97
:1089600022462B4601F08EFE013EF9D170BD054B2B
:1089700003EBC006D6E9040170BD00BF0000F03F64
:1089800000002440F0B0080001F1FF3C116902F141
:1089900014034FEA6C1C03EB81010CF1010C8B42B8
:1089A00000EB8C0C16D210B5A0F1040E53F8044B5A
:1089B00099424EF8044FF9D88B1A153B23F0030364
:1089C00004331844844504D9002340F8043B84450B
:1089D000FBD810BD844505D9002340F8043B8445ED
:1089E000FBD87047704700BF03694A11934200F1FA
:1089F000140009DA00EB830302E053F8042DC2B936
:108A00008342FAD80020704710DD11F01F010DD00D
:108A100010B450F8224000EB820324FA01F202FA6B
:108A200001F18C420BD0012010BC704700EB820397
:108A3000E6E70120704753F8042D002AF3D1834262
:108A4000F9D8002010BC70472DE9F84F16460029D0
:108A500000F0988006F10B0580460C46FFF7BCFA43
:108A6000162D5DD810252A46AE425ED854F8041C57
:108A7000A4F1080921F00307974262DABC4B09EB25
:108A80000700D3F808C0844500F09780D0F804C0F0
:108A90002CF0010303445B68DB0768D42CF0030C63
:108AA00007EB0C03934247DACB0710D454F8083C89
:108AB000A9EB030ADAF8043023F003018C44BC4428
:108AC000944580F211817B18934280F2E880314610
:108AD0004046FEF7F7FE0646E0B154F8043CA0F12C
:108AE000080223F001034B44934200F0D2803A1F66
:108AF000242A00F2F580132A00F2AC8003462246B5
:108B0000116819605168596092689A602146404620
:108B1000FEF71CFB4046FFF761FA3046BDE8F88FD0
:108B200025F00705002D2A469EDA0C230026C8F8FA
:108B300000303046BDE8F88F1F46D0E90223D360ED
:108B40009A607B1B0F2B22D8D9F8043003F0010365
:108B50003B43C9F804304F447B6843F001037B601A
:108B600026464046FFF73AFA3046BDE8F88FC90777
:108B7000ADD454F8083CA9EB030ADAF8041021F04C
:108B80000301A0E71146BDE8F84FFEF79BBED9F8F8
:108B9000041043F0010301F001012943C9F8041056
:108BA00009EB05014B604F447B68404643F00103ED
:108BB00008317B60FEF7CAFAD2E7DCF8040020F047
:108BC000030B07EB0B0C05F1100084454DDAC907C8
:108BD0003FF57DAF54F8081CA9EB010ADAF8041040
:108BE00021F003018B44BB4458453FF76CAF564618
:108BF000DAF80C1056F8080F3A1F242AC160886072
:108C000000F2DB80132A40F2D68021681B2ACAF8C2
:108C100008106168CAF80C1000F2E08008340AF10C
:108C200010022168116061685160A1689160ABEB2E
:108C300005020AEB050142F0010299604A60DAF888
:108C40000430404603F001031D43CAF80450FFF707
:108C5000C5F96EE723681B2A03606368436068D820
:108C600004F1080200F108034AE709EB0502ACEB46
:108C7000050C9A604CF00103536054F8043C4046E4
:108C800003F001031D4344F8045CFFF7A7F92646EF
:108C90004FE750F8043C23F003031F4451E75646C6
:108CA000DAF80C1056F8080F3A1F242AC1608860C1
:108CB0004CD8132A48D921681B2ACAF808106168C1
:108CC000CAF80C1056D808340AF110021F4623685F
:108CD000D146136063685360A3683446936030E7FD
:108CE0002146FFF7FDF811E75646D0E90213CB60A5
:108CF000996056F8081FDAF80C303A1F242ACB6026
:108D000099602DD8132A29D923681B2ACAF808305C
:108D10006368CAF80C3042D808340AF1100322689C
:108D200067461A606268D1465A60A26834469A6003
:108D300007E7A368242A8360E368C36026D004F1B0
:108D4000100200F11003DBE63246BFE72146304651
:108D50001F46D146FFF7C4F83446F2E63346DEE755
:108D6000214630466746D146FFF7BAF83446E8E672
:108D70004C090020A168242ACAF81010E168CAF83A
:108D8000141020D010340AF118029FE7236904F16F
:108D9000180203616369436100F11803B0E6A36838
:108DA000242ACAF81030E368CAF8143022D01034EC
:108DB0000AF11803B3E7324633E721463046FFF79E
:108DC0008FF8174B33E722691834CAF8182054F883
:108DD000042CCAF81C200AF1200277E7A168242A93
:108DE000CAF81010E168CAF814100ED010340AF155
:108DF000180216E723691834CAF8183054F8043CEE
:108E0000CAF81C300AF1200389E722691834CAF82D
:108E1000182054F8042CCAF81C200AF1200200E79C
:108E20004C090020002238B5064D044608462A6049
:108E3000F8F7F6FE431C00D038BD2B68002BFBD0A2
:108E4000236038BD0437002010B50C46B1F90E1070
:108E500001F0E2F8002803DB236D0344236510BD15
:108E6000A38923F48053A38110BD00BF0020704765
:108E70002DE9F0410C46B1F90C101F46CB05054613
:108E800016460BD421F48051A1813B463246284638
:108E9000B4F90E10BDE8F04100F078BFB4F90E103F
:108EA0000223002201F0A2F8B4F90C10EAE700BF97
:108EB00010B50C46B1F90E1001F098F8A389421CC8
:108EC0000EBF23F4805343F480532065A38110BD6B
:108ED000B1F90E1000F0C6BF80EA010C1CF0030FC0
:108EE00037D110F0030C20F0030021F0030150F8FB
:108EF000042B08BF51F8043B0ED08CF0030C6FF02C
:108F00007F434FEACC0C23FA0CFC51F8043B42EAB5
:108F10000C0243EA0C0300BFA2F1013C9A4201BFDC
:108F20002CEA020C1CF0803F50F8042B51F8043B53
:108F3000F2D04FEA02604FEA1222012828BFB0EBBC
:108F4000036F08BF1B0AF4D003F0FF03000EC01A22
:108F5000704710F0030F0AD010F8012B11F8013BF5
:108F6000012A28BF9A42F4D0A2EB030070474DF8C3
:108F7000045D50F8042B01F0030521F0030151F8C2
:108F8000043B022D26D04DD822F07F45B5EB132FA0
:108F9000A2F1013C2CEA020C0DD11CF0803C08BF70
:108FA00051F8043B0AD185EA0205B5EB036F0CD1F9
:108FB00050F8042BE8E74FEA13235BE03CF07F4CCA
:108FC00054D10B784FEA126554E04FEA126503F072
:108FD000FF034FE04FEA0245A2F1013C4FEA15457D
:108FE0002CEA020CB5EB134F18D11CF0803C08BFE3
:108FF00051F8043B07D185EA0205B5EB034F09D1CF
:1090000050F8042BE6E75FEA0C4C2FD10B884FEAAF
:1090100012452FE04FEA03434FEA12454FEA13434C
:1090200028E000BF02F0FF05B5EB136FA2F1013C91
:109030002CEA020C0DD11CF0803C08BF51F8043B17
:109040000AD185EA0205B5EB032F0AD150F8042BAB
:10905000E8E74FEA13630DE012F0FF0F06D051F876
:10906000043B4FEA122523F07F4303E04FF000005A
:1090700020BC704705F0FF0203F0FF00012828BF65
:10908000904204BF2D0A1B0AF4D0A2EB000020BCC2
:10909000704700BF2DE9F04F9368914683B0002BD5
:1090A0006ED0176880460C4608688D68083744E023
:1090B000B4F80CC01CF4906F2ED0D4E90413451AF8
:1090C00003EB430303EBD373AA194FEA630A531C60
:1090D0005345524684BF9A4652461CF4806F36D0A0
:1090E00011464046FEF7EEFB00283AD02A46216999
:1090F0000190FAF7C3F9A289019B22F4906242F031
:109100008002A2815819AAEB0505A560C4F814A035
:109110003546B2462361206059465246FEF7E0FECE
:10912000D9F80830A16820684D1B50449E1BA560EB
:109130002060C9F808601EB3083757E902B6002E50
:10914000FAD0B542AA46B3D93546B246E4E740461E
:10915000FFF77AFC03460028D4D140462169FDF789
:10916000F5FF0C2300224FF0FF30C8F80030A38930
:1091700043F04003A381C9E9012203B0BDE8F08FA9
:1091800000231846C9F8043003B0BDE8F08F00BFD3
:109190002DE9F04FABB006938B8917461A06884627
:1091A000834603D50B69002B00F0A8841AAB0D93FE
:1091B00000235E46CDE90E330DF168090993039350
:1091C0003B78002B00F035813C4604E014F8013F69
:1091D000002B00F05681252BF8D1E51B40F0538180
:1091E0002378002B00F0258100214FF000024FF082
:1091F000FF3B08468A466378671C8DF82F2005914F
:109200000137A3F12002582A00F25781DFE812F05B
:10921000A90255015501A5025501550155015501F8
:10922000550155019B029702550135017E025501FA
:109230007A02590059005900590059005900590043
:109240005900590055015501550155015501550168
:109250005501550155015501600255015501550152
:109260005501550155015501550155015501220181
:10927000550155015501550155016800550155012C
:10928000140255015501550155015501550155016E
:10929000550155015501050284015501550155013E
:1092A0005C02840155015501520255013C02240122
:1092B0002B02E0015501BF0155016A00550155011E
:1092C000E4010024A3F1300217F8013B04EB84040D
:1092D00002EB4404A3F13002092AF5D9059490E782
:1092E0004AF0100A1AF0200100F00881069B0733AB
:1092F00023F007031A465968012352F8080B069217
:109300004FF000028DF82F2000220792BBF1FF3FA3
:1093100000F02F822AF08002029250EA010240F00F
:109320002682BBF1000F40F00E84002B40F08B83AF
:109330001AF00103049300F0888330230DF16704D1
:109340008DF86730049A079B5A45B8BF5A46019278
:1093500013B1134601330193029B13F002030793E9
:1093600002D0019B02330193029B13F08403089304
:1093700005D1059B019A9D1A002D00F3CA82DDE9F3
:109380000E219DF82F0078B1012001320131C9F87A
:109390000400072A0DF12F00CDE90E21C9F80000C5
:1093A00000F3F28209F10809079B73B1022301322D
:1093B0000231C9F80430072A0CABCDE90E21C9F8F7
:1093C000003000F3EE8209F10809089B802B00F0C1
:1093D0000682049BABEB0305002D00F34482049B43
:1093E00001321944072ACDE90E21C9F80040C9F815
:1093F000043000F3798209F10809029B5B0705D567
:10940000059B019A9C1A002C00F3D882039B059AB5
:1094100001988242ACBF9B181B180393002940F0AF
:109420006F8200230E933B780DF16809002B7FF4C7
:10943000CBAE0F9B002B40F0A583B8F80C3013F097
:10944000400F039B18BF4FF0FF33039303982BB0DB
:10945000BDE8F08F4AF0100A1AF0200141D0069BB7
:10946000073323F007031A4652F8080B596806928F
:10947000002345E7059B5B4205933B784AF0040ACD
:10948000BEE6E51BD5D00F9BC9E900752B440F93B1
:109490000E9B0133072B0E9305DC09F10809039B92
:1094A0002B4403939CE6414630460DAAFFF7F2FD9C
:1094B0000028C2D10DF16809F1E7002940F0688366
:1094C000002BB6D08DF840304FF000038DF82F30D0
:1094D000012310AC019304934FF0000BCDF808A0CA
:1094E0003AE71AF0100347D11AF0400144D0069A27
:1094F000194652F8040B069280B201E71AF01003E5
:10950000069A3FD11AF040013CD052F8040B19469C
:109510000692012380B2F3E6002940F052831AF04C
:10952000200F069B00F0DE80073323F007031A4666
:109530005B6852F8080B19460692002BC0F2918224
:10954000BBF1FF3F00F0FB829DF82F302AF0800A2C
:10955000079350EA010300F070820A2871F10003BA
:1095600080F09682012330308DF86700CDF808A096
:1095700004930DF16704E5E6069B53F8040B06938C
:109580000B46BDE652F8040B01230692B8E64FF0F5
:109590000003069D8DF82F3055F8044B002C00F089
:1095A000E582BBF1FF3F00F09C825A460021204635
:1095B000FEF74EFC002800F0EE82031B04939DF89A
:1095C0002F304FF0000B0695CDF808A00793B9E6B1
:1095D0003B784AF0200A13E6002940F0EF82A84ABF
:1095E0001AF0200109922FD0069A073222F00702C2
:1095F000516852F8080B06921AF0010F0BD050EA8E
:10960000010208D08DF8313030234AF0020A8DF87B
:109610003030022374E6022372E64FF0000201218B
:10962000069B8DF82F2053F8042B019110AC8DF878
:109630004020069304914FE7002940F0C582914AEB
:109640001AF020010992CFD11AF0100240F0FF81E8
:109650001AF0400100F0FB81069C114654F8040BFF
:10966000069480B2C8E730228DF830207822069B1D
:109670008DF8312053F8040B814A06930021022310
:109680004AF0020A09923BE6002940F08F821AF064
:10969000200F40F01C821AF0100F40F03D821AF0AB
:1096A000400F00F03982069B039953F8042B118078
:1096B000069385E53B786C2B03BF7B784AF0200A44
:1096C00001374AF0100A9BE53B784AF0400A97E5DB
:1096D000002940F07C824AF0100A1AF0200F069B05
:1096E0007FF422AF53F8040B1AF0100F069340F0EA
:1096F000B3811AF0400F00F0AF8140F3C0310B4648
:1097000000B21AE73B784AF0800A79E53C4614F843
:10971000013B2A2B00F06582A3F13002092A27467B
:109720004FF0000B3FF66DAD17F8013B0BEB8B0BC9
:1097300002EB4B0BA3F13002092AF5D961E50121B7
:109740002B203B785CE5069B53F8042B002ACDE9DF
:109750000523FFF68FAE3B7852E53B784AF0010ACD
:109760004EE50028F7D1012120203B7848E5DDF8BF
:1097700008A0012B3FF4F1AE022B1AAC12D1099ACA
:1097800000F00F03D35C000940EA0170090904F8F6
:10979000013D50EA0103F3D11AAB1B1BCDF808A021
:1097A0000493CFE500F00703C00840EA4170C90800
:1097B000303350EA0105224604F8013DF2D11AF097
:1097C000010FE9D0302BE7D03023023A04F8013CF6
:1097D0001AAB9B1A1446CDF808A00493B2E5059B7A
:1097E00001981D1A002D7FF7F4AD102D40F3F6817E
:1097F000DFF894A010235046A246044604E0103D32
:10980000102D09F1080918DD01321031072AC9E9C4
:109810000043CDE90E21F2DD414630460DAAFFF7A7
:1098200039FC00287FF409AEDDE90E21103D102D32
:109830004FF010030DF16809E6DC234654469A46C2
:1098400001322944072ACDE90E21C9F800A0C9F840
:10985000045000F37E81049B09F10809ABEB03057A
:10986000002D7FF7BCAD102D40F38981DFF818A0E3
:109870000B4651464FF0100BA2460C460BE000BFC2
:10988000DCAF0800F0AF080028B20800103D102D32
:1098900009F1080916DD01321033072AC9E9004B26
:1098A000CDE90E23F2DD414630460DAAFFF7F2FB6B
:1098B00000287FF4C2ADDDE90E23103D102D0DF11F
:1098C0006809E8DC1946234654469A460132294481
:1098D000072ACDE90E21C9F800A0C9F8045000F309
:1098E000CA8009F108097AE5414630460DAAFFF71A
:1098F000D1FB00287FF4A1AD0F990DF168097CE53B
:10990000414630460DAAFFF7C5FB00283FF489AD5C
:1099100093E5102D40F34D81DDE90E21DFF8E4A23F
:1099200010235046A246044604E0103D102D09F1D4
:10993000080918DD01321031072AC9E90043CDE9D1
:109940000E21F2DD414630460DAAFFF7A3FB0028A9
:109950007FF473ADDDE90E21103D102D4FF01003A3
:109960000DF16809E6DC234654469A460132294443
:10997000072ACDE90E21C9F800A0C9F8045000F368
:10998000D38009F10809FCE4414630460DAAFFF7EF
:1099900081FB00287FF451ADDDE90E210DF168094E
:1099A00002E5414630460DAAFFF774FB00287FF41C
:1099B00044ADDDE90E210DF1680906E5102C40F3F8
:1099C0000981DFF840A20A4651461025B2460E9B97
:1099D0000E4604E0103C102C09F1080916DD013395
:1099E0001032072BC9E90065CDE90E32F2DD4146A0
:1099F00050460DAAFFF74EFB00287FF41EADDDE9AF
:109A00000E32103C102C0DF16809E8DC114632468C
:109A10005646924601332144072BC9E900A4CDE9FB
:109A20000E317FF7F3AC414630460DAAFFF732FB0B
:109A300000287FF402AD0F99E8E4BBF1000F7FF43A
:109A400091ADCDF808A0CDF810B01AAC7AE4069A22
:109A500052F8040B0692CFE5C1170B46002BBFF658
:109A60006FAD2D2240424FF0010361EB41018DF8B3
:109A70002F2007924AE4414630460DAAFFF70AFB21
:109A800000287FF4DAACDDE90E210DF16809A6E4C7
:109A90001AACCDF804A00A22002382460D4601F03C
:109AA000C9F83032002304F8012D504629460A2215
:109AB00001F0C0F8BAF10A0F75F10003EBD2DDF83E
:109AC00004A01AAB1B1BCDF808A004933AE4069B34
:109AD000039853F8041BC217C1E900020693FFF76D
:109AE0006FBB20460695CDF808A0F9F78FFE9DF8CC
:109AF0002F304FF0000B0793049023E44021FDF733
:109B0000E1FEC8F80000C8F81000002873D0402318
:109B1000C8F81430FFF74ABB069B039953F8042B8F
:109B200011600693FFF74CBB414630460DAAFFF784
:109B3000B1FA00287FF481AC0DF168091FE49DF8AB
:109B40002F30079309E5012BDDF808A07FF414AE50
:109B500008E5414630460DAAFFF79CFA00287FF43D
:109B60006CACDDE90E210DF1680932E45B46062B91
:109B700028BF0623244C049306950193ACE4DFF838
:109B80008CA0A3E6414630460DAAFFF783FA54E4C1
:109B90008DF82F0094E49DF82F30CDF810B0069585
:109BA0008346CDF808A00793FFF7CCBB8DF82F00B4
:109BB0006DE5DFF850A0DDE90E21D7E68DF82F0026
:109BC0000DE58DF82F00AAE48DF82F0037E58DF80C
:109BD0002F0080E50E9BDFF82CA01BE7DFF82CA000
:109BE0002EE6069D7B7855F8042B2746069542EA1B
:109BF000E27BFFF705BB0C234FF0FF32CBF80030C0
:109C0000039223E418B2080004B0080028B2080048
:109C1000F8B506460D46144610B1836B002B43D0B1
:109C2000B4F90C20A3691007A36091B21BD5236976
:109C3000CBB1EDB289042F4622D522686169D31ACF
:109C4000994229DD0133A1680139A160511C2160CD
:109C5000157062699A422AD0A389DB0701D50A2DC3
:109C600025D03846F8BD21463046FBF721FF20BB02
:109C7000B4F90C20EDB291B289042F462369DCD4EB
:109C800042F40052A281626E616922F4005262665F
:109C90002268D31A9942D5DC21463046FDF73CF8BC
:109CA00058B901232268CEE7FDF75EF9B8E72146EF
:109CB0003046FDF731F80028D3D04FF0FF37D0E71A
:109CC00003460A46024908681946FFF7A1BF00BFCC
:109CD000B003002070B505461C4684B039B10B4E68
:109CE000D6F8E060B047431C09D004B070BD0A4606
:109CF0000649D1F8E06001A9B047431CF5D1002224
:109D00008A2322602B6004B070BD00BFE0070020F2
:109D100070B5104B14461D6884B058B10E4B0A46FE
:109D2000D3F8E060014623462846B047431C0BD0D9
:109D300004B070BD08491346D1F8E060024601A99D
:109D40002846B047431CF3D100228A2322602B60AF
:109D500004B070BDB0030020E007002010B4034C35
:109D6000D4F8E040A44610BC604700BFE0070020E4
:109D7000034649B1FF2A02D801200A7070478A229F
:109D80004FF0FF301A6070470846704738B50C46F0
:109D9000114600228446074D20462A601A46644632
:109DA000F9F7E2FA431C00D038BD2B68002BFBD03A
:109DB000236038BD04370020144600B51A460A4B0C
:109DC0000D461B6885B0DE6803464CB1074901911A
:109DD000304607490294009500F0CEF800F032F9C1
:109DE00004490C46F3E700BFB003002038B2080076
:109DF00048B208008CAF080008B513460022FFF7F0
:109E0000DBFF00BF10B502FB01F1FDF75BFD04466F
:109E100068B150F8042C22F00302043A242A18D81E
:109E2000132A06D802460023C2E900339360204675
:109E300010BD00231B2AC0E900330FD9242AC0E932
:109E4000023311BF00F11002036100F118024361F7
:109E5000E9E70021F9F788FB204610BD00F1080270
:109E6000E1E700BF002238B5064D044608462A60E7
:109E7000F7F7F6FE431C00D038BD2B68002BFBD053
:109E8000236038BD0437002070B50C460646FCF749
:109E9000B1FEE36A054633B13046E16998470028D0
:109EA000B8BF4FF0FF35A3891B0619D4216B41B110
:109EB00004F14003994202D03046FDF747F90023F0
:109EC0002363616C21B13046FDF740F900236364E0
:109ED000FDF74EF80023A381FDF74CF8284670BD2E
:109EE00030462169FDF732F9E0E700BFB1B138B57E
:109EF00005460C4608B1836B4BB1B4F90C300BB975
:109F0000002038BD21462846BDE83840BCE7FDF7B3
:109F10002BF8B4F90C30002BF2D0F3E70020704797
:109F2000C0B138B50C4B04461D680DB1AB6B4BB1DD
:109F3000B4F90C300BB9002038BD21462846BDE8E5
:109F40003840A1E72846FDF70FF8B4F90C30002B94
:109F5000F1D0F2E700207047B00300200CB400B548
:109F600083B004AB53F8042B0193FAF743FF03B01B
:109F70005DF804EB02B070470EB400B5074A82B03A
:109F800003AB0146106853F8042B0193FAF732FF34
:109F900002B05DF804EB03B0704700BFB0030020CF
:109FA00070B50026074D0446084611462E60F7F7A7
:109FB0005BFE431C00D070BD2B68002BFBD02360E0
:109FC00070BD00BF04370020002238B5064D04469E
:109FD00008462A60F7F74EFE431C00D038BD2B68B8
:109FE000002BFBD0236038BD0437002038B50C4669
:109FF000114600228446074D20462A601A466446D0
:10A00000F7F73AFE431C00D038BD2B68002BFBD07D
:10A01000236038BD0437002038B50C4611460022B5
:10A020008446074D20462A601A466446F7F770FDBD
:10A03000431C00D038BD2B68002BFBD0236038BDFB
:10A0400004370020062008B500F0A2F80120F7F739
:10A0500015FE00BF38B5D0F8DC420CB1002038BD89
:10A0600080210546FDF72EFC0246C5F8DC0230B122
:10A07000031F7C3243F8044F9342FBD1EEE74FF0CD
:10A08000FF3038BD1F29F8B5054609D8D0F8DC6285
:10A090000C4617464EB156F8240046F82470F8BD19
:10A0A00016234FF0FF302B60F8BD8021FDF70AFC2E
:10A0B0000646C5F8DC0240B10021031F00F17C0513
:10A0C00043F8041F9D42FBD1E5E74FF0FF30F8BD98
:10A0D0001F2938B5054621D8D0F8DC220C466AB1D4
:10A0E00052F8213053B1012B16D0591C10D0002545
:10A0F000204642F824509847284638BD284600F0AC
:10A1000003F9224601462846BDE8384000F0E8B889
:10A11000162301202B6038BD002038BD16234FF0D8
:10A12000FF302B6038BD00BF1F292DD8D0F8DC22AE
:10A1300038B50C46054682B152F8243002EB840251
:10A140004BB1591C1BD0012B17D0002520461560A0
:10A150009847284638BD012038BD8021FDF7B2FB65
:10A160000246C5F8DC0260B10020131F02F17C0139
:10A1700043F8040F9942FBD1DEE7032038BD0220EB
:10A1800038BD4FF0FF3038BD4FF0FF30704700BF93
:10A1900038B5154B1F281D6820D8D5F8DC22044699
:10A1A00062B152F820304BB1012B15D0591C0FD0A1
:10A1B000002542F820509847284638BD284600F030
:10A1C000A3F8224601462846BDE8384000F088B88A
:10A1D000162301202B6038BD002038BD16234FF018
:10A1E000FF302B6038BD00BFB0030020134B1F2889
:10A1F00070B51E6809D80D46D6F8DC12044649B180
:10A2000051F8240041F8245070BD16234FF0FF3060
:10A21000336070BD80213046FDF754FB0146C6F81F
:10A22000DC0240B10022031F00F17C0C43F8042F34
:10A230006345FBD1E4E74FF0FF3070BDB003002071
:10A2400038B50C4B1D68D5F8DC420CB1002038BD88
:10A2500080212846FDF736FBC5F8DC0238B1031F24
:10A2600000F17C0243F8044F9342FBD1EEE74FF03C
:10A27000FF3038BDB003002038B5184B1F281D68CB
:10A2800029D8D5F8DC22044682B152F8243002EBFA
:10A2900084024BB1591C1CD0012B18D0002520463C
:10A2A00015609847284638BD012038BD80212846D2
:10A2B000FDF708FB0246C5F8DC0260B10020131F61
:10A2C00002F17C0143F8040F8B42FBD1DDE7032050
:10A2D00038BD022038BD4FF0FF3038BDB00300203C
:10A2E00070B50026074D0446084611462E60F7F764
:10A2F000CFFC431C00D070BD2B68002BFBD023602B
:10A3000070BD00BF04370020F7F7C4BC81F00041E6
:10A3100002E000BF83F0004330B54FEA41044FEA4A
:10A32000430594EA050F08BF90EA020F1FBF54EAE5
:10A33000000C55EA020C7FEA645C7FEA655C00F081
:10A34000E2804FEA5454D4EB5555B8BF6D420CDD52
:10A350002C4480EA020281EA030382EA000083EAD5
:10A36000010180EA020281EA0303362D88BF30BD75
:10A3700011F0004F4FEA01314FF4801C4CEA1131CB
:10A3800002D0404261EB410113F0004F4FEA03332A
:10A390004CEA133302D0524263EB430394EA050FB5
:10A3A00000F0A780A4F10104D5F1200E0DDB02FA24
:10A3B0000EFC22FA05F2801841F1000103FA0EF2B8
:10A3C000801843FA05F359410EE0A5F120050EF17E
:10A3D000200E012A03FA0EFC28BF4CF0020C43FAAF
:10A3E00005F3C01851EBE37101F0004507D54FF0BC
:10A3F000000EDCF1000C7EEB00006EEB0101B1F50C
:10A40000801F1BD3B1F5001F0CD349085FEA300051
:10A410004FEA3C0C04F101044FEA445212F5800F5C
:10A4200080F09A80BCF1004F08BF5FEA500C50F1F9
:10A43000000041EB045141EA050130BD5FEA4C0CDC
:10A44000404141EB0101013C28BFB1F5801FE9D239
:10A4500091F0000F04BF01460020B1FA81F308BF5C
:10A460002033A3F10B03B3F120020CDA0C3208DD28
:10A4700002F1140CC2F10C0201FA0CF021FA02F103
:10A480000CE002F11402D8BFC2F1200C01FA02F173
:10A4900020FA0CFCDCBF41EA0C019040E41AA2BF98
:10A4A00001EB0451294330BD6FEA04041F3C1CDA60
:10A4B0000C340EDC04F11404C4F1200220FA04F080
:10A4C00001FA02F340EA030021FA04F345EA03012A
:10A4D00030BDC4F10C04C4F1200220FA02F001FAEC
:10A4E00004F340EA0300294630BD21FA04F029466E
:10A4F00030BD94F0000F83F4801306BF81F4801107
:10A500000134013D4EE77FEA645C18BF7FEA655C79
:10A5100029D094EA050F08BF90EA020F05D054EA4B
:10A52000000C04BF1946104630BD91EA030F1EBF50
:10A530000021002030BD5FEA545C05D14000494154
:10A5400028BF41F0004130BD14F580043CBF01F547
:10A55000801130BD01F0004545F0FE4141F470012D
:10A560004FF0000030BD7FEA645C1ABF1946104608
:10A570007FEA655C1CBF0B46024650EA013406BF09
:10A5800052EA033591EA030F41F4002130BD00BFC8
:10A5900090F0000F04BF0021704730B54FF4806485
:10A5A00004F132044FF000054FF0000150E700BF06
:10A5B00090F0000F04BF0021704730B54FF4806465
:10A5C00004F1320410F0004548BF40424FF0000152
:10A5D0003EE700BF42004FEAE2014FEA31014FEA95
:10A5E00002701FBF12F07F4393F07F4F81F06051E4
:10A5F000704732F07F4208BF704793F07F4F04BF2F
:10A6000041F40021704730B54FF4607401F000450B
:10A6100021F000411CE700BF50EA010208BF70476B
:10A6200030B54FF000050AE050EA010208BF70475C
:10A6300030B511F0004502D5404261EB41014FF4C5
:10A64000806404F132045FEA915C3FF4D8AE4FF0CD
:10A6500003025FEADC0C18BF03325FEADC0C18BFB0
:10A66000033202EBDC02C2F1200300FA03FC20FA01
:10A6700002F001FA03FE40EA0E0021FA02F114444E
:10A68000BDE600BF70B54FF0FF0C4CF4E06C1CEA67
:10A6900011541DBF1CEA135594EA0C0F95EA0C0FD8
:10A6A00000F0DEF82C4481EA030621EA4C5123EA4B
:10A6B0004C5350EA013518BF52EA033541F480117A
:10A6C00043F4801338D0A0FB02CE4FF00005E1FB2D
:10A6D00002E506F00042E0FB03E54FF00006E1FB77
:10A6E00003569CF0000F18BF4EF0010EA4F1FF04BA
:10A6F000B6F5007F64F5407404D25FEA4E0E6D41FA
:10A7000046EB060642EAC62141EA55514FEAC5200A
:10A7100040EA5E504FEACE2EB4F1FD0C88BFBCF586
:10A72000E06F1ED8BEF1004F08BF5FEA500E50F137
:10A73000000041EB045170BD06F0004646EA0101FD
:10A7400040EA020081EA0301B4EB5C04C2BFD4EB2F
:10A750000C0541EA045170BD41F480114FF0000E28
:10A76000013C00F3AB8014F1360FDEBF002001F096
:10A77000004170BDC4F10004203C35DA0C341BDC10
:10A7800004F11404C4F1200500FA05F320FA04F0E2
:10A7900001FA05F240EA020001F0004221F0004116
:10A7A00010EBD37021FA04F642EB06015EEA430E89
:10A7B00008BF20EAD37070BDC4F10C04C4F12005B9
:10A7C00000FA04F320FA05F001FA04F240EA02006C
:10A7D00001F0004110EBD37041F100015EEA430E3D
:10A7E00008BF20EAD37070BDC4F1200500FA05F25D
:10A7F0004EEA020E20FA04F301FA05F243EA0203DC
:10A8000021FA04F001F0004121FA04F220EA0200EA
:10A8100000EBD3705EEA430E08BF20EAD37070BD30
:10A8200094F0000F0FD101F00046400041EB010110
:10A8300011F4801F08BF013CF7D041EA060195F0F2
:10A84000000F18BF704703F00046520043EB0303AC
:10A8500013F4801F08BF013DF7D043EA0603704799
:10A8600094EA0C0F0CEA135518BF95EA0C0F0CD0A4
:10A8700050EA410618BF52EA4306D1D181EA0301EA
:10A8800001F000414FF0000070BD50EA410606BFE4
:10A890001046194652EA430619D094EA0C0F02D129
:10A8A00050EA013613D195EA0C0F05D152EA03366E
:10A8B0001CBF104619460AD181EA030101F000418C
:10A8C00041F0FE4141F470014FF0000070BD41F0D5
:10A8D000FE4141F4780170BD70B54FF0FF0C4CF4AF
:10A8E000E06C1CEA11541DBF1CEA135594EA0C0FCE
:10A8F00095EA0C0F00F0A7F8A4EB050481EA030E1B
:10A9000052EA03354FEA013100F088804FEA033301
:10A910004FF0805545EA131343EA12634FEA0222CF
:10A9200045EA111545EA10654FEA00260EF0004190
:10A930009D4208BF964244F1FD0404F5407402D2E2
:10A940005B084FEA3202B61A65EB03055B084FEA73
:10A9500032024FF480104FF4002CB6EB020E75EB70
:10A96000030E22BFB61A754640EA0C005B084FEA98
:10A970003202B6EB020E75EB030E22BFB61A754615
:10A9800040EA5C005B084FEA3202B6EB020E75EB60
:10A99000030E22BFB61A754640EA9C005B084FEAD8
:10A9A0003202B6EB020E75EB030E22BFB61A7546E5
:10A9B00040EADC0055EA060E18D04FEA051545EAD4
:10A9C00016754FEA06164FEAC30343EA52734FEA7D
:10A9D000C2025FEA1C1CC0D111F4801F0BD141EAF6
:10A9E00000014FF000004FF0004CB6E711F4801F5B
:10A9F00004BF01430020B4F1FD0C88BFBCF5E06F3B
:10AA00003FF6AFAEB5EB030C04BFB6EB020C5FEA4A
:10AA1000500C50F1000041EB045170BD0EF0004E9F
:10AA20004EEA113114EB5C04C2BFD4EB0C0541EAD1
:10AA3000045170BD41F480114FF0000E013C90E6CE
:10AA400045EA060E8DE60CEA135594EA0C0F08BF92
:10AA500095EA0C0F3FF43BAF94EA0C0F0AD150EA91
:10AA600001347FF434AF95EA0C0F7FF425AF104624
:10AA700019462CE795EA0C0F06D152EA03353FF44C
:10AA8000FDAE1046194622E750EA410618BF52EAC9
:10AA900043067FF4C5AE50EA41047FF40DAF52EA9D
:10AAA00043057FF4EBAE12E74FF0FF3C06E000BF3A
:10AAB0004FF0010C02E000BF4FF0010C4DF804CD47
:10AAC0004FEA410C7FEA6C5C4FEA430C18BF7FEA07
:10AAD0006C5C1BD001B050EA410C0CBF52EA430C35
:10AAE00091EA030F02BF90EA020F0020704710F1B5
:10AAF000000F91EA030F58BF994208BF90422CBF44
:10AB0000D8176FEAE37040F0010070474FEA410C3C
:10AB10007FEA6C5C02D150EA013C07D14FEA430C5A
:10AB20007FEA6C5CD6D152EA033CD3D05DF8040BCB
:10AB3000704700BF8446104662468C4619466346FD
:10AB400000E000BF01B5FFF7B7FF002848BF10F1D4
:10AB5000000F01BD4DF808EDFFF7F4FF0CBF012019
:10AB600000205DF808FB00BF4DF808EDFFF7EAFF95
:10AB700034BF012000205DF808FB00BF4DF808ED50
:10AB8000FFF7E0FF94BF012000205DF808FB00BF45
:10AB90004DF808EDFFF7CEFF94BF012000205DF8CF
:10ABA00008FB00BF4DF808EDFFF7C4FF34BF0120DC
:10ABB00000205DF808FB00BF4FEA410C7FEA6C5CA7
:10ABC00002D150EA013C0AD14FEA430C7FEA6C5CA7
:10ABD00002D152EA033C02D14FF0000070474FF01F
:10ABE000010070474FEA410212F5001215D211D54B
:10ABF0006FF47873B3EB625212D94FEAC12343F07A
:10AC0000004343EA505311F0004F23FA02F018BFFB
:10AC1000404270474FF00000704750EA013005D1C4
:10AC200011F0004008BF6FF0004070474FF0000087
:10AC3000704700BF53B94AB9002908BF00281CBF9C
:10AC40004FF0FF314FF0FF3000F076B9ADF1080C56
:10AC50006DE904CE00F006F8DDF804E0DDE902233A
:10AC600004B070472DE9F047089E0D46044688461B
:10AC7000002B4DD18A42944668D9B2FA82F252B181
:10AC800001FA02F3C2F1200120FA01F10CFA02FCF0
:10AC900041EA030894404FEA1C41B8FBF1F71FFA60
:10ACA0008CFE01FB178807FB0EF0230C43EA0843D8
:10ACB00098420AD91CEB030307F1FF3580F01E818F
:10ACC000984240F21B81023F63441B1AB3FBF1F030
:10ACD00001FB103300FB0EFEA4B244EA0344A64578
:10ACE0000AD91CEB040400F1FF3380F00981A6456A
:10ACF00040F20681644402380021A4EB0E0440EACD
:10AD000007401EB10023D440C6E90043BDE8F087E8
:10AD10008B4208D9002E00F0EE800021C6E9000524
:10AD20000846BDE8F087B3FA83F100294AD1AB4267
:10AD300002D3824200F2FC80841A65EB03030120F7
:10AD40009846002EE2D0C6E90048DFE702B9FFDEF0
:10AD5000B2FA82F2002A40F09180A1EB0C000121AE
:10AD60004FEA1C471FFA8CFEB0FBF7F307FB1300FA
:10AD7000250C45EA00450EFB03F0A84208D91CEB60
:10AD8000050503F1FF3802D2A84200F2CE80434607
:10AD90002D1AB5FBF7F007FB10550EFB00FEA4B211
:10ADA00044EA0544A64508D91CEB040400F1FF352C
:10ADB00002D2A64500F2B6802846A4EB0E0440EA73
:10ADC00003409EE7C1F120078B4022FA07FC4CEAC2
:10ADD000030C25FA07FA4FEA1C49BAFBF9F820FAE6
:10ADE00007F309FB18AA8D401FFA8CFE1D4300FAD9
:10ADF00001F308FB0EF02C0C44EA0A44A04202FACC
:10AE000001F20BD91CEB040408F1FF3A80F08880B2
:10AE1000A04240F28580A8F102086444241AB4FBE1
:10AE2000F9F009FB104400FB0EFEADB245EA044404
:10AE3000A64508D91CEB040400F1FF356CD2A645E9
:10AE40006AD90238644440EA0840A0FB0295A4EBAA
:10AE50000E04AC42C846AE4656D353D0002E69D03D
:10AE6000B3EB080264EB0E0422FA01F304FA07F7CD
:10AE70001F43CC40C6E90074002147E70CFA02FCEE
:10AE8000C2F1200125FA01F34FEA1C4720FA01F133
:10AE900095400D43B3FBF7F107FB11331FFA8CFE0E
:10AEA000280C40EA034001FB0EF3834204FA02F44B
:10AEB00008D91CEB000001F1FF382FD283422DD9B5
:10AEC00002396044C01AB0FBF7F307FB1300ADB2C0
:10AED00045EA004503FB0EF0A84208D91CEB050526
:10AEE00003F1FF3816D2A84214D9023B6544281A50
:10AEF00043EA014138E73146304607E72F46E4E6AA
:10AF00001846F9E64B45A9D2B9EB020865EB0C0EE1
:10AF10000138A3E74346EAE7284694E74146D1E7EC
:10AF2000D0467BE76444023847E7023B65442FE79D
:10AF3000084606E73146E9E6704700BF2530387815
:10AF40000000000053657020203720323032360078
:10AF500031313A31363A333100000000110000003F
:10AF60000100000010000000010000004C00000083
:10AF70000100000045786974696E6720776974681C
:10AF8000207374617475732025642E0A000000001C
:10AF9000000000000000000000AAAAAAAAAAAAAA0B
:10AFA000AAEEEEEEEEEEEEEEEEFEFFFFFFFFFFFF8F
:10AFB000FFFFFFFFFF7FBFDFEFF7FBFDFC7EBFDF83
:10AFC000EFF7FBFD7E000000B8030020494E46006D
:10AFD000696E66004E414E006E616E003031323354
:10AFE00034353637383961626364656600000000C5
:10AFF00030313233343536373839414243444546AF
:10B0000000000000286E756C6C2900003000000004
:10B010002020202020202020202020202020202030
:10B020003030303030303030303030303030303020
:10B030002020202020202020202020202020202010
:10B040003030303030303030303030303030303000
:10B050004E614E00496E66696E69747900000000A9
:10B0600042616C6C6F6320737563636565646564CE
:10B07000000000002E2E2F2E2E2F2E2E2F2E2E2FA4
:10B080002E2E2F2E2E2F2E2E2F2E2E2F6E65776CDE
:10B0900069622F6C6962632F7374646C69622F64D8
:10B0A000746F612E6300000043000000504F53494D
:10B0B000580000002E0000002E2E2F2E2E2F2E2E98
:10B0C0002F2E2E2F2E2E2F2E2E2F2E2E2F2E2E2F9A
:10B0D0006E65776C69622F6C6962632F7374646C40
:10B0E00069622F6D707265632E63000000000000BE
:10B0F00005000000190000007D00000000000000B5
:10B10000000000000000F03F0000000000002440AC
:10B1100000000000000059400000000000408F4087
:10B12000000000000088C34000000000006AF840F2
:10B130000000000080842E4100000000D012634116
:10B140000000000084D797410000000065CDCD418C
:10B15000000000205FA00242000000E8764837426D
:10B16000000000A2941A6D42000040E59C30A2420B
:10B170000000901EC4BCD64200003426F56B0C4380
:10B180000080E03779C3414300A0D8855734764327
:10B1900000C84E676DC1AB43003D9160E458E14388
:10B1A000408CB5781DAF154450EFE2D6E41A4B44FD
:10B1B00092D54D06CFF08044F64AE1C7022DB54442
:10B1C000B49DD9794378EA44BC89D897B2D29C3CE3
:10B1D00033A7A8D523F649393DA7F444FD0FA5327E
:10B1E0009D978CCF08BA5B25436FAC642806C80ACC
:10B1F0000080E03779C34143176E05B5B5B8934673
:10B20000F5F93FE9034F384D321D30F94877825A3E
:10B210003CBF737FDD4F157520202020202020208B
:10B22000202020202020202030303030303030309E
:10B2300030303030303030302C2066756E637469B9
:10B240006F6E3A2000000000617373657274696F5D
:10B250006E2022257322206661696C65643A20663F
:10B26000696C6520222573222C206C696E6520256F
:10B2700064257325730A0000002020202020202050
:10B280002020282828282820202020202020202096
:10B2900020202020202020202088101010101010A6
:10B2A00010101010101010101004040404040404F2
:10B2B000040404101010101010104141414141418C
:10B2C000010101010101010101010101010101016E
:10B2D000010101011010101010104242424242427E
:10B2E000020202020202020202020202020202023E
:10B2F00002020202101010102000000000000000E6
:10B30000000000000000000000000000000000003D
:10B31000000000000000000000000000000000002D
:10B32000000000000000000000000000000000001D
:10B33000000000000000000000000000000000000D
:10B3400000000000000000000000000000000000FD
:10B3500000000000000000000000000000000000ED
:10B3600000000000000000000000000000000000DD
:10B37000000000000000000000000000F8B500BF61
:10B38000F8BC08BC9E467047E95B08002501080030
:10B39000F8B500BFF8BC08BC9E467047FD00080029
:08B3A000C4F8FF7F010000006A
:10B3A80030B5204C83B0A0420CBF4FF4002C4FF4B2
:10B3B800801C069D93B386460068C9B241F0B4412B
:10B3C80040F48030CEF80000CEF80410DEF8081003
:10B3D8000191019810F00100F8D165B10CEB8505D9
:10B3E800ACF10401043BA5F1040C51F8044F61458C
:10B3F80043F8044FF9D1D2B242F0B442CEF8042057
:10B40800DEF808300193019BDB07F9D5DEF8003040
:10B4180023F48033CEF8003003B030BD022003B0EF
:10B4280030BD00BF00080E400160704782B0416027
:10B4380083680193019BDB07FAD5019800F00600A9
:10B4480002B070474FF4806319481A491A4A0360DA
:10B458000B60136ADB0104D4184B1362936ED80790
:10B46800FCD5154A164B1362936ED903FCD5136BA2
:10B47800114823F0030343F001031363836E1B0792
:10B48800FCD5104B0C4983628B6E9807FCD51123B1
:10B49800094A0B63936E1907FCD5122306491363F7
:10B4A8008B6E1B07FCD5084B084A1A60704700BF13
:10B4B80000080E40000A0E4000040E40090837003C
:10B4C80009083701013F0F200803002000D8B805FC
:10B4D800144B984205D200231349144A0B60136099
:10B4E8007047134B984206D24FF480730E490F4AA7
:10B4F8000B60136070470F4B984206D84FF40073E7
:10B5080009490A4A0B60136070470B4B0649984279
:10B5180094BF4FF440734FF48063044A0B60136088
:10B52800704700BF00366E0100080E40000A0E404A
:10B53800005A6202FFA14A04FFBC010530303030D6
:10B548003030303030303030444541444245454653
:10B5580000000000000000000000000000000000E3
:10B568000000400001000000050F2100011C10052B
:10B5780000DF60DDD88945C74C9CD2659D9E648AF2
:10B588009F000003069E0001000000000A00000062
:10B59800000003069E001400030057494E5553420D
:10B5A8000000000000000000000080000400070008
:10B5B80028004400650076006900630065004900C2
:10B5C8006E0074006500720066006100630065002B
:10B5D800470055004900440000004E007B00300041
:10B5E80041004300450032004200330045002D0071
:10B5F80032004200330045002D0032004200330083
:10B6080045002D0032004200330045002D00340073
:10B61800350032003100300041004300450032005F
:10B628004200330045007D000000000000030000D8
:10B638000000000000000000000000000000000002
:10B6480000000000000000000000000000000000F2
:10B6580000000000000000000000000000000000E2
:10B6680000000000000000000000000000000000D2
:10B67800040309044E6577414520546563686E6F7D
:10B688006C6F677920496E632E00000042616C6C14
:10B6980069737469632047656C20435735323100FC
:10B6A800000000600100000000093D00DD1E0800E8
:10B6B800991E0800AD1E08008D1E0800000000003D
:10B6C8008803002040030020880300209C030020FA
:10B6D800380300200000000068030020A8030020B1
:10B6E80048030020A803002009022000010100806F
:10B6F800FA0904000002FFFFFF000705810240006D
:10B708000007050202400000090220000101008034
:10B71800FA0904000002FFFFFF000705810200028A
:10B7280000070502020002001201000200000040AA
:10B738003E2B21C500020102030100000A06000297
:10B7480000000040010000000C0300200000000081
:10B75800B80300200000000000000000A40600203C
:10B768000C07002074070020000000000000000003
:10B7780000000000000000000000000000000000C1
:10B7880000000000000000000000000000000000B1
:10B7980000000000000000000000000000000000A1
:10B7A8000000000000000000000000000000000091
:10B7B8000000000000000000000000000000000081
:10B7C8000000000000000000000000000000000071
:10B7D8000000000000000000000000000000000061
:10B7E8000000000000000000000000000000000051
:10B7F8000000000000000000000000000000000041
:10B8080001000000000000000E33CDAB34126DE6DD
:10B81800ECDE05000B000000000000000000000046
:10B828000000000000000000000000000000000010
:10B838000000000000000000000000000000000000
:10B8480000000000000000000000000000000000F0
:10B8580000000000000000000000000000000000E0
:10B8680000000000000000000000000000000000D0
:10B8780000000000000000000000000000000000C0
:10B8880000000000000000000000000000000000B0
:10B8980000000000000000000000000000000000A0
:10B8A8000000000000000000000000000000000090
:10B8B8000000000000000000000000000000000080
:10B8C8000000000000000000000000000000000070
:10B8D8000000000000000000000000000000000060
:10B8E8000000000000000000000000000000000050
:10B8F8000000000000000000000000000000000040
:10B90800000000000000000000000000000000002F
:10B91800000000000000000000000000000000001F
:10B92800000000000000000000000000000000000F
:10B9380000000000000000000000000000000000FF
:10B9480000000000000000000000000000000000EF
:10B9580000000000000000000000000000000000DF
:10B9680000000000000000000000000000000000CF
:10B9780000000000000000000000000000000000BF
:10B9880000000000000000000000000000000000AF
:10B99800000000000000000000000000000000009F
:10B9A800000000000000000000000000000000008F
:10B9B800000000000000000000000000000000007F
:10B9C800000000000000000000000000000000006F
:10B9D800000000000000000000000000000000005F
:10B9E800000000000000000000000000000000004F
:10B9F800000000000000000000000000000000003F
:10BA0800000000000000000000000000000000002E
:10BA1800000000000000000000000000000000001E
:10BA2800000000000000000000000000000000000E
:10BA380000000000000000000000000000000000FE
:10BA480000000000000000000000000000000000EE
:10BA580000000000000000000000000000000000DE
:10BA680000000000000000000000000000000000CE
:10BA780000000000000000000000000000000000BE
:10BA880000000000000000000000000000000000AE
:10BA9800000000000000000000000000000000009E
:10BAA800000000000000000000000000000000008E
:10BAB800000000000000000000000000000000007E
:10BAC800000000000000000000000000000000006E
:10BAD800000000000000000000000000000000005E
:10BAE800000000000000000000000000000000004E
:10BAF800000000000000000000000000000000003E
:10BB0800000000000000000000000000000000002D
:10BB1800000000000000000000000000000000001D
:10BB2800000000000000000000000000000000000D
:10BB380000000000000000000000000000000000FD
:10BB480000000000000000000000000000000000ED
:10BB580000000000000000000000000000000000DD
:10BB680000000000000000000000000000000000CD
:10BB780000000000000000000000000000000000BD
:10BB8800430000000000000000000000000000006A
:10BB9800000000000000000000000000000000009D
:10BBA800430000000000000000000000000000004A
:10BBB800000000000000000000000000000000007D
:10BBC800430000000000000000000000000000002A
:10BBD800000000000000000000000000000000005D
:10BBE800430000000000000000000000000000000A
:10BBF800000000000000000000000000000000003D
:10BC080043000000000000000000000000000000E9
:10BC1800000000000000000000000000000000001C
:10BC280043000000000000000000000000000000C9
:10BC380000000000000000000000000000000000FC
:10BC480043000000000000000000000000000000A9
:10BC580000000000000000000000000000000000DC
:10BC6800719D0800257E08000000000078B20800D9
:10BC7800B4B008008CAF08008CAF08008CAF080087
:10BC88008CAF08008CAF08008CAF08008CAF0800A0
:10BC98008CAF08008CAF0800FFFFFFFFFFFFFFFF1E
:10BCA800FFFFFFFFFFFF0000010041534349490028
:10BCB800000000000000000000000000000000007C
:10BCC8000000000000000000000041534349490003
:10BCD800000000000000000000000000000000005C
:10BCE800000000000000000000000000000000004C
:10BCF800000000004C0900204C09002054090020D5
:10BD0800540900205C0900205C0900206409002017
:10BD1800640900206C0900206C09002074090020C7
:10BD2800740900207C0900207C0900208409002077
:10BD3800840900208C0900208C0900209409002027
:10BD4800940900209C0900209C090020A4090020D7
:10BD5800A4090020AC090020AC090020B409002087
:10BD6800B4090020BC090020BC090020C409002037
:10BD7800C4090020CC090020CC090020D4090020E7
:10BD8800D4090020DC090020DC090020E409002097
:10BD9800E4090020EC090020EC090020F409002047
:10BDA800F4090020FC090020FC090020040A0020F6
:10BDB800040A00200C0A00200C0A0020140A0020A3
:10BDC800140A00201C0A00201C0A0020240A002053
:10BDD800240A00202C0A00202C0A0020340A002003
:10BDE800340A00203C0A00203C0A0020440A0020B3
:10BDF800440A00204C0A00204C0A0020540A002063
:10BE0800540A00205C0A00205C0A0020640A002012
:10BE1800640A00206C0A00206C0A0020740A0020C2
:10BE2800740A00207C0A00207C0A0020840A002072
:10BE3800840A00208C0A00208C0A0020940A002022
:10BE4800940A00209C0A00209C0A0020A40A0020D2
:10BE5800A40A0020AC0A0020AC0A0020B40A002082
:10BE6800B40A0020BC0A0020BC0A0020C40A002032
:10BE7800C40A0020CC0A0020CC0A0020D40A0020E2
:10BE8800D40A0020DC0A0020DC0A0020E40A002092
:10BE9800E40A0020EC0A0020EC0A0020F40A002042
:10BEA800F40A0020FC0A0020FC0A0020040B0020F1
:10BEB800040B00200C0B00200C0B0020140B00209E
:10BEC800140B00201C0B00201C0B0020240B00204E
:10BED800240B00202C0B00202C0B0020340B0020FE
:10BEE800340B00203C0B00203C0B0020440B0020AE
:10BEF800440B00204C0B00204C0B0020540B00205E
:10BF0800540B00205C0B00205C0B0020640B00200D
:10BF1800640B00206C0B00206C0B0020740B0020BD
:10BF2800740B00207C0B00207C0B0020840B00206D
:10BF3800840B00208C0B00208C0B0020940B00201D
:10BF4800940B00209C0B00209C0B0020A40B0020CD
:10BF5800A40B0020AC0B0020AC0B0020B40B00207D
:10BF6800B40B0020BC0B0020BC0B0020C40B00202D
:10BF7800C40B0020CC0B0020CC0B0020D40B0020DD
:10BF8800D40B0020DC0B0020DC0B0020E40B00208D
:10BF9800E40B0020EC0B0020EC0B0020F40B00203D
:10BFA800F40B0020FC0B0020FC0B0020040C0020EC
:10BFB800040C00200C0C00200C0C0020140C002099
:10BFC800140C00201C0C00201C0C0020240C002049
:10BFD800240C00202C0C00202C0C0020340C0020F9
:10BFE800340C00203C0C00203C0C0020440C0020A9
:10BFF800440C00204C0C00204C0C0020540C002059
:10C00800540C00205C0C00205C0C0020640C002008
:10C01800640C00206C0C00206C0C0020740C0020B8
:10C02800740C00207C0C00207C0C0020840C002068
:10C03800840C00208C0C00208C0C0020940C002018
:10C04800940C00209C0C00209C0C0020A40C0020C8
:10C05800A40C0020AC0C0020AC0C0020B40C002078
:10C06800B40C0020BC0C0020BC0C0020C40C002028
:10C07800C40C0020CC0C0020CC0C0020D40C0020D8
:10C08800D40C0020DC0C0020DC0C0020E40C002088
:10C09800E40C0020EC0C0020EC0C0020F40C002038
:10C0A800F40C0020FC0C0020FC0C0020040D0020E7
:10C0B800040D00200C0D00200C0D0020140D002094
:10C0C800140D00201C0D00201C0D0020240D002044
:10C0D800240D00202C0D00202C0D0020340D0020F4
:10C0E800340D00203C0D00203C0D0020440D0020A4
:0CC0F800440D0020FFFFFFFF00000200CD
:0400000380001B95C9
:00000001FF
